payment_id,order_id,amount_received,payment_date,payment_mode
1,1,15008.65,2026-05-30,Cheque
2,2,6542.88,2025-08-19,Cheque
3,3,6938.71,2026-05-05,UPI
4,4,2227.04,,Cheque
5,5,4445.02,,Cheque
6,7,21859.79,2025-10-16,NEFT
7,8,10665.96,2026-03-26,UPI
8,9,19118.34,2026-02-15,Cheque
9,10,7914.34,2026-05-01,NEFT
10,11,1759.4,2025-12-08,Cheque
11,13,5910.46,2026-05-05,Cheque
12,14,16214.82,2026-06-30,UPI
13,15,18323.65,2026-03-16,Cheque
14,16,20451.45,2025-10-02,UPI
15,17,8596.87,2025-11-16,Cheque
16,18,20825.78,2025-10-10,Cheque
17,19,12407.85,2026-05-24,UPI
18,20,38326.35,2025-08-06,UPI
19,22,2116.85,2026-05-25,Cheque
20,23,1071.48,2026-07-31,Cheque
21,24,1639.95,2026-07-31,NEFT
22,25,3257.1,2026-01-03,Cheque
23,26,4339.22,2025-07-26,UPI
24,27,1790.74,2025-10-19,UPI
25,28,5109.07,2025-08-09,NEFT
26,29,26480.57,2025-06-02,UPI
27,30,22176.74,2025-10-31,NEFT
28,31,15099.97,2025-06-15,NEFT
29,32,23677.44,2026-04-01,UPI
30,33,31876.2,2026-06-18,Cheque
31,34,16224.34,2026-02-22,Cheque
32,36,27947.79,2026-02-28,UPI
33,37,24186.38,2026-07-31,UPI
34,38,12531.23,2025-07-21,Cheque
35,39,12586.5,2026-07-31,UPI
36,40,2682.88,2025-10-30,Cheque
37,41,6566.4,2026-07-03,UPI
38,42,1877.8,,Cheque
39,43,21786.05,2026-06-11,NEFT
40,44,52405.35,2026-03-15,NEFT
41,46,8443.44,2025-06-08,Cheque
42,47,16736.69,2025-06-12,NEFT
43,48,6707.16,2026-07-31,UPI
44,50,6115.3,2025-09-25,Cheque
45,51,6135.41,2026-04-26,NEFT
46,52,14691.4,2026-04-02,NEFT
47,53,11964.38,2026-05-22,UPI
48,54,5240.11,,NEFT
49,55,23870.46,2026-06-13,NEFT
50,56,1292.48,2025-05-26,Cheque
51,57,1970.48,2025-10-30,NEFT
52,58,22551.82,2026-03-01,Cheque
53,59,10086.29,,NEFT
54,60,3600.26,,Cheque
55,61,3098.66,2026-06-04,UPI
56,62,3451.78,,NEFT
57,64,4165.44,2026-02-21,UPI
58,65,26030.07,2026-06-18,Cheque
59,66,2556.37,2025-12-03,UPI
60,67,52208.76,2026-07-15,Cheque
61,68,29708.25,2025-06-24,UPI
62,69,5946.66,2025-12-27,UPI
63,70,2442.1,2026-07-31,NEFT
64,71,13919.19,2026-02-20,NEFT
65,72,12050.41,2025-05-22,UPI
66,73,10316.24,2026-06-30,NEFT
67,74,5343.61,2026-07-31,Cheque
68,75,44675.75,2025-12-07,Cheque
69,76,2263.32,,NEFT
70,77,4525.91,2025-11-17,NEFT
71,78,10953.96,2026-01-28,UPI
72,79,560.15,2025-09-11,UPI
73,80,3165.94,,Cheque
74,81,15099.97,2025-07-28,NEFT
75,82,16911.84,2026-05-12,NEFT
76,83,10764.2,2025-08-16,UPI
77,84,17141.54,2025-12-18,NEFT
78,85,3472.28,,NEFT
79,86,17582.14,2025-12-27,NEFT
80,88,5075.8,2026-01-18,Cheque
81,89,46379.87,2025-05-12,NEFT
82,90,5233.44,2026-07-22,NEFT
83,91,3663.45,2025-12-20,NEFT
84,92,18836.86,2026-03-11,UPI
85,93,27525.02,2025-10-04,NEFT
86,94,8005.87,2025-11-15,Cheque
87,95,2460.48,2026-07-06,NEFT
88,96,14724.99,2025-11-28,NEFT
89,97,10653.11,2025-09-29,Cheque
90,98,7138.32,2026-07-03,UPI
91,99,22781.52,2026-04-23,Cheque
92,100,3481.67,2025-11-28,Cheque
93,101,3924.03,2026-07-31,UPI
94,102,329.27,,NEFT
95,103,30282.39,2025-08-10,NEFT
96,104,1448.15,2026-05-01,Cheque
97,105,15927.21,2025-08-11,NEFT
98,106,2720.02,2026-07-20,NEFT
99,107,7405.06,2026-04-07,NEFT
100,108,10776.1,2026-02-04,NEFT
101,109,974.57,,NEFT
102,110,15187.68,2026-02-28,Cheque
103,111,10868.98,2026-02-28,NEFT
104,112,7092.21,2026-06-06,UPI
105,113,18987.38,2025-07-01,UPI
106,115,8548.04,2025-06-07,NEFT
107,116,5410.48,2025-08-03,NEFT
108,118,1005.26,2026-07-18,UPI
109,119,6395.63,2026-02-26,NEFT
110,120,991.57,2025-11-13,UPI
111,121,14172.56,2026-01-16,NEFT
112,122,11526.8,2026-02-16,UPI
113,123,13863.85,2025-07-20,UPI
114,124,22822.32,2026-04-25,NEFT
115,125,23141.33,2026-03-24,NEFT
116,126,10284.29,2026-06-21,UPI
117,127,3244.87,2026-05-03,UPI
118,128,4787.54,2025-11-19,UPI
119,129,7688.99,2026-05-31,UPI
120,130,9377.04,2026-02-08,Cheque
121,131,7726.44,,Cheque
122,132,32667.0,2025-05-19,UPI
123,133,758.36,,UPI
124,134,5206.8,2026-06-01,UPI
125,136,2896.3,2026-04-03,Cheque
126,137,8271.9,2025-05-25,Cheque
127,138,9993.36,2026-07-31,Cheque
128,139,3832.64,2026-02-14,UPI
129,140,4053.23,2025-07-18,NEFT
130,141,44272.5,2025-11-11,UPI
131,142,28041.15,2026-06-16,NEFT
132,143,7224.84,2025-10-30,Cheque
133,144,32497.33,2025-11-23,NEFT
134,145,10044.45,2025-07-07,NEFT
135,146,3651.42,2025-09-17,Cheque
136,148,40503.1,2026-07-17,Cheque
137,149,139.51,,Cheque
138,150,11975.64,2026-06-10,UPI
139,152,28289.14,2026-03-31,NEFT
140,153,42700.66,2026-01-01,UPI
141,154,4913.13,2025-11-21,UPI
142,155,13186.61,2026-07-31,UPI
143,156,4316.0,2026-03-09,NEFT
144,157,37749.91,2025-12-29,UPI
145,158,11920.31,2025-11-04,NEFT
146,159,6781.4,2025-06-19,NEFT
147,160,3347.34,2025-11-08,NEFT
148,161,8692.56,2026-03-09,NEFT
149,162,2658.98,,UPI
150,163,22832.36,2025-07-17,UPI
151,164,4084.47,2025-06-06,Cheque
152,165,1661.14,2026-03-20,UPI
153,166,44679.0,2026-02-25,NEFT
154,167,19090.3,2025-06-15,UPI
155,168,2011.39,2026-06-13,Cheque
156,169,7648.96,2025-11-22,UPI
157,170,16573.6,2025-09-19,Cheque
158,171,8689.03,2025-09-12,Cheque
159,173,22599.38,2025-10-09,UPI
160,174,250.9,,NEFT
161,175,1659.62,,UPI
162,176,13191.87,2025-12-13,UPI
163,177,8985.6,2026-05-15,UPI
164,178,13068.24,2025-11-04,Cheque
165,179,9407.61,2025-06-07,Cheque
166,180,7240.75,2025-10-06,NEFT
167,181,13397.48,2025-06-09,Cheque
168,182,10930.56,2026-07-31,UPI
169,183,9093.48,2025-07-29,NEFT
170,184,12413.46,2025-08-13,UPI
171,185,21141.61,2025-08-07,UPI
172,186,20777.82,2025-07-07,UPI
173,187,2225.92,,NEFT
174,188,7906.29,2025-07-02,NEFT
175,189,44651.78,2025-12-26,NEFT
176,190,16529.52,2026-02-02,NEFT
177,191,24431.53,2026-06-19,UPI
178,192,11139.55,2026-04-09,NEFT
179,193,35553.2,2025-08-17,UPI
180,195,282.29,,NEFT
181,196,38559.13,2026-04-25,NEFT
182,197,6251.36,2026-05-20,Cheque
183,198,10375.91,2025-08-14,UPI
184,199,13836.03,2026-03-27,NEFT
185,200,4249.44,2026-05-29,Cheque
186,201,7956.82,2026-07-31,UPI
187,202,25256.5,2026-03-15,UPI
188,203,1443.92,2025-07-14,Cheque
189,204,32964.5,2025-06-23,NEFT
190,206,16300.3,2026-07-11,Cheque
191,207,9509.3,2026-07-24,NEFT
192,208,18020.82,2025-11-06,UPI
193,209,3939.84,2025-12-06,Cheque
194,210,28255.29,2025-05-29,UPI
195,211,33659.83,2026-01-13,NEFT
196,213,2321.42,2026-07-19,NEFT
197,214,2247.38,2026-01-03,UPI
198,215,10629.42,2025-07-17,Cheque
199,216,14333.3,2026-02-14,Cheque
200,217,3015.78,2026-07-31,NEFT
201,218,3870.3,2025-12-17,Cheque
202,219,29708.25,2025-12-04,NEFT
203,220,11191.79,2025-05-26,Cheque
204,221,9219.78,2026-06-20,NEFT
205,222,5145.43,,Cheque
206,223,6238.08,2026-07-11,NEFT
207,224,13376.29,2025-08-14,Cheque
208,225,24305.94,2026-07-31,UPI
209,226,2131.53,2025-09-06,UPI
210,227,9279.06,2026-06-09,NEFT
211,228,11572.83,2026-03-24,NEFT
212,229,8697.94,2026-03-27,UPI
213,230,4053.23,2026-05-10,Cheque
214,231,9423.11,2025-11-13,Cheque
215,232,3091.37,2026-07-07,UPI
216,233,11196.05,2026-07-31,UPI
217,234,4702.37,2025-06-26,Cheque
218,235,34172.28,2026-01-27,UPI
219,238,18224.32,2025-09-05,UPI
220,239,1641.53,2026-06-04,NEFT
221,240,6233.22,2026-05-21,Cheque
222,241,13875.4,2025-09-21,UPI
223,242,10251.03,2026-01-24,UPI
224,243,10147.34,2025-07-17,NEFT
225,244,13896.79,2025-05-13,Cheque
226,245,23506.95,2025-10-26,UPI
227,247,33342.76,2026-07-28,Cheque
228,248,17630.21,2025-07-06,Cheque
229,249,17402.92,2026-03-15,UPI
230,250,11483.18,2026-05-07,UPI
231,251,31411.25,2025-10-27,Cheque
232,252,5232.99,2025-10-31,NEFT
233,253,606.95,2025-09-15,NEFT
234,254,3215.03,2026-07-09,Cheque
235,255,5795.04,2025-11-12,UPI
236,256,2966.32,2025-09-26,UPI
237,257,4374.57,2025-12-06,NEFT
238,258,17491.37,2026-03-12,Cheque
239,260,6372.08,2025-07-24,UPI
240,261,13414.78,2025-11-23,UPI
241,262,39070.31,2025-08-11,NEFT
242,263,2617.47,2026-02-01,NEFT
243,264,656.28,,Cheque
244,265,857.96,2026-07-07,NEFT
245,266,8326.46,2025-08-27,Cheque
246,267,3048.19,2026-02-28,Cheque
247,269,8021.4,,NEFT
248,270,5600.44,2026-02-14,NEFT
249,271,13088.88,2026-03-21,NEFT
250,272,28689.93,2025-09-22,UPI
251,273,11601.56,2025-10-09,NEFT
252,274,6794.78,2026-07-01,NEFT
253,275,5113.64,2026-02-22,NEFT
254,276,4058.56,2025-06-20,Cheque
255,277,12643.68,2025-12-31,UPI
256,278,8037.55,2025-09-24,Cheque
257,279,14525.85,2025-12-24,UPI
258,280,19554.26,2025-07-10,NEFT
259,281,7048.9,2025-12-14,UPI
260,282,6054.74,2025-07-25,NEFT
261,283,4291.44,2025-10-31,NEFT
262,284,13894.77,2026-02-23,UPI
263,285,3093.53,,UPI
264,287,17680.56,2026-05-12,UPI
265,288,3438.75,2025-09-03,UPI
266,289,13400.96,2025-09-27,Cheque
267,291,42849.72,2026-01-14,NEFT
268,292,23561.88,2026-05-24,UPI
269,293,21350.33,2025-10-30,Cheque
270,294,36002.75,2026-02-01,NEFT
271,295,10064.7,2025-10-15,NEFT
272,296,4923.71,2026-02-15,Cheque
273,297,3405.15,2025-08-24,Cheque
274,298,30282.39,2025-06-26,NEFT
275,299,19194.94,2025-07-07,UPI
276,300,8288.23,2026-07-31,UPI
277,301,40759.72,2026-04-13,NEFT
278,302,21711.01,2026-05-01,NEFT
279,303,30946.27,2025-12-12,Cheque
280,304,29503.19,2026-01-01,Cheque
281,305,7240.05,2025-12-23,UPI
282,306,19543.83,2026-07-31,Cheque
283,307,14680.01,2025-12-29,NEFT
284,308,1576.39,2025-11-11,Cheque
285,309,1635.96,2026-06-09,Cheque
286,310,13293.75,2025-07-31,NEFT
287,311,2551.33,2025-08-23,UPI
288,313,594.18,2026-06-20,Cheque
289,314,4656.21,2025-05-26,NEFT
290,315,14718.52,2025-08-20,UPI
291,316,17964.62,2026-06-01,NEFT
292,317,11341.37,2025-09-06,NEFT
293,318,4321.0,2026-04-20,NEFT
294,319,3760.05,2025-07-09,Cheque
295,321,1714.74,,NEFT
296,322,21786.05,2026-01-01,UPI
297,323,10625.86,2025-07-30,Cheque
298,324,16292.99,2026-07-31,UPI
299,325,15793.96,2025-10-26,UPI
300,326,7070.83,2026-07-31,NEFT
301,327,12166.8,2026-04-27,NEFT
302,328,3039.06,2025-11-21,UPI
303,331,12415.1,2025-11-11,Cheque
304,333,12574.11,2026-04-08,UPI
305,334,3864.53,2025-09-12,Cheque
306,335,13628.44,2025-11-22,NEFT
307,336,2991.68,2026-04-01,UPI
308,337,22173.11,2026-06-28,UPI
309,338,2426.71,2025-11-15,Cheque
310,339,17243.3,2026-03-15,NEFT
311,340,6791.08,2026-01-01,NEFT
312,341,8842.13,2025-12-10,NEFT
313,342,5684.23,2026-03-10,Cheque
314,343,21769.29,2025-10-08,UPI
315,344,19986.72,2026-07-13,UPI
316,345,7326.89,2025-06-28,UPI
317,346,18895.69,2026-01-20,Cheque
318,347,29708.25,2025-11-02,Cheque
319,348,7982.08,2026-05-20,NEFT
320,349,13181.91,2025-11-15,NEFT
321,350,5941.68,2026-07-01,UPI
322,351,7622.63,2025-07-20,UPI
323,352,8872.36,2025-11-15,NEFT
324,354,5334.57,2025-09-19,Cheque
325,355,15430.44,2026-07-08,UPI
326,356,18258.99,2025-12-17,NEFT
327,358,21331.92,2025-11-27,Cheque
328,359,4924.59,2025-12-25,Cheque
329,360,14306.21,2026-07-31,UPI
330,361,4017.15,2025-06-21,UPI
331,362,3238.37,2026-07-05,UPI
332,363,45294.78,2026-07-31,NEFT
333,364,6838.23,2026-06-25,UPI
334,365,2614.38,2026-05-14,Cheque
335,366,987.42,2025-11-04,Cheque
336,367,31976.84,2025-08-07,UPI
337,368,10626.12,2025-06-20,Cheque
338,369,35345.87,2026-03-28,Cheque
339,370,10440.26,2026-07-31,Cheque
340,371,2072.7,2025-10-04,NEFT
341,372,6061.05,2026-06-17,UPI
342,373,2040.02,2026-07-26,NEFT
343,374,19873.28,2026-05-03,Cheque
344,375,16878.67,2025-09-23,NEFT
345,377,7629.08,2025-11-18,NEFT
346,378,9493.9,2025-07-01,Cheque
347,379,26177.76,2025-11-28,UPI
348,380,6254.4,2026-07-25,UPI
349,381,11301.77,2025-12-16,UPI
350,382,7643.2,2025-08-18,NEFT
351,383,1194.0,,Cheque
352,384,22966.36,2025-11-22,Cheque
353,385,24435.95,2026-06-22,UPI
354,386,20906.88,2025-08-26,UPI
355,387,12647.12,2025-08-09,Cheque
356,388,5971.84,2025-09-02,NEFT
357,390,1409.59,2025-10-24,UPI
358,391,8443.44,2026-05-02,Cheque
359,392,18852.96,2025-11-21,NEFT
360,393,613.07,,NEFT
361,394,23026.6,2026-04-15,Cheque
362,396,7530.38,2026-05-08,Cheque
363,397,41878.0,2026-07-11,UPI
364,398,7501.63,2025-08-12,Cheque
365,399,6896.15,2026-06-25,NEFT
366,400,47533.2,2026-01-24,Cheque
367,401,7879.68,2025-08-25,Cheque
368,402,6912.85,,Cheque
369,403,3368.08,2026-07-31,NEFT
370,404,42279.75,2025-11-08,Cheque
371,405,17078.25,2025-11-21,NEFT
372,406,4274.02,2026-05-19,NEFT
373,407,3258.99,2026-06-16,Cheque
374,409,8763.41,2025-11-21,NEFT
375,410,11274.5,2025-09-11,Cheque
376,411,43871.39,2025-06-21,NEFT
377,412,16650.79,2025-10-17,UPI
378,413,6214.63,2026-02-25,Cheque
379,414,2063.0,2026-07-19,NEFT
380,415,32422.35,2025-07-25,Cheque
381,416,9731.99,2025-05-16,UPI
382,418,11223.71,2026-01-20,UPI
383,419,7246.11,2026-05-24,NEFT
384,420,12215.76,2026-05-29,Cheque
385,421,1674.61,2025-10-15,NEFT
386,422,32273.82,2025-12-07,UPI
387,423,3869.19,2025-07-25,Cheque
388,424,4812.07,2026-07-31,Cheque
389,425,8031.45,2026-01-09,NEFT
390,426,9079.11,2026-02-17,UPI
391,427,2516.85,2026-02-13,UPI
392,428,9397.53,2026-06-10,Cheque
393,429,6121.11,2025-05-23,UPI
394,430,13149.85,2026-06-10,NEFT
395,431,1811.22,,Cheque
396,432,2814.05,2025-09-08,UPI
397,433,22832.36,2026-04-27,Cheque
398,434,12854.2,2026-03-07,Cheque
399,436,4218.35,2026-03-25,UPI
400,437,2225.4,2025-10-12,NEFT
401,438,43408.64,2025-05-17,UPI
402,439,1210.86,2025-09-02,NEFT
403,440,2914.81,2026-07-14,Cheque
404,441,4658.26,2026-02-25,Cheque
405,442,26731.48,2025-07-23,Cheque
406,443,11727.25,2025-07-24,UPI
407,444,14501.72,2026-01-07,UPI
408,445,8571.45,2026-01-31,Cheque
409,446,16563.53,2025-11-20,UPI
410,447,24609.6,2026-04-27,Cheque
411,448,13455.72,2025-11-22,Cheque
412,450,4102.43,2025-08-30,Cheque
413,451,17527.2,2025-12-21,Cheque
414,452,2951.68,2025-10-15,UPI
415,453,8222.94,2025-06-20,Cheque
416,454,2771.62,,UPI
417,455,11933.98,2026-07-21,UPI
418,456,967.54,2025-09-13,Cheque
419,457,20325.98,2026-03-10,UPI
420,458,3843.6,2026-01-09,Cheque
421,459,8286.83,2026-06-17,NEFT
422,460,26801.92,2025-09-03,Cheque
423,461,12290.7,2025-06-20,UPI
424,462,4246.74,2026-02-20,NEFT
425,463,6912.0,2026-03-19,Cheque
426,464,8058.48,2026-04-29,UPI
427,465,6068.87,2026-02-26,Cheque
428,466,168.04,,NEFT
429,467,29035.96,2025-09-18,UPI
430,468,2459.44,,UPI
431,469,33543.04,2025-11-17,Cheque
432,470,2391.01,2026-06-16,Cheque
433,471,4455.58,2026-07-04,Cheque
434,472,2145.26,2026-05-12,Cheque
435,473,15476.78,2026-07-06,NEFT
436,474,10370.4,2026-07-31,Cheque
437,475,5577.39,,NEFT
438,476,4932.57,2026-04-23,Cheque
439,477,17909.79,2025-10-23,UPI
440,478,28476.9,2025-09-03,Cheque
441,479,38527.76,2026-05-28,Cheque
442,480,22665.89,2026-06-20,Cheque
443,481,6398.4,2026-01-30,UPI
444,482,7818.17,2025-12-23,Cheque
445,483,14758.43,2026-05-07,NEFT
446,484,22428.49,2025-06-28,NEFT
447,485,12158.29,2026-06-22,NEFT
448,486,7948.8,2026-06-18,NEFT
449,487,12047.18,2025-12-20,Cheque
450,488,18080.29,2025-11-24,Cheque
451,489,6768.84,2026-04-20,UPI
452,490,12421.09,2025-10-14,UPI
453,491,35345.87,2025-05-27,UPI
454,492,11928.52,,NEFT
455,493,3859.41,2025-06-28,UPI
456,494,10779.47,2025-06-15,UPI
457,495,22019.82,2025-07-16,NEFT
458,496,26591.01,2025-06-13,NEFT
459,497,23663.08,2025-10-31,UPI
460,498,35274.53,2026-01-17,Cheque
461,499,7335.5,2025-08-29,UPI
462,501,11086.33,2025-10-07,UPI
463,502,11114.13,2026-06-26,Cheque
464,503,1457.79,2025-07-29,NEFT
465,504,10420.54,,Cheque
466,505,20886.2,2026-04-06,UPI
467,506,12690.77,2026-05-27,NEFT
468,507,6112.61,2025-11-02,UPI
469,508,3455.76,2025-11-03,NEFT
470,509,28765.09,2026-03-16,Cheque
471,510,9579.23,2026-03-19,Cheque
472,511,27884.55,2025-08-05,Cheque
473,512,7304.47,2025-05-29,Cheque
474,513,12348.76,2026-07-31,Cheque
475,514,4794.94,,NEFT
476,516,6658.73,2026-01-12,Cheque
477,517,10988.84,2026-05-10,Cheque
478,518,9600.41,2026-04-28,Cheque
479,519,12166.8,2026-04-22,NEFT
480,520,3772.31,2026-04-19,NEFT
481,521,2118.8,2026-02-25,Cheque
482,522,8778.6,2025-05-24,NEFT
483,523,3082.85,2026-07-24,Cheque
484,524,12739.38,2025-05-20,Cheque
485,525,12676.19,2025-06-14,Cheque
486,526,14962.29,2026-02-22,Cheque
487,528,1207.29,,UPI
488,529,3585.47,2025-08-14,NEFT
489,530,8841.97,2025-08-21,UPI
490,531,1486.96,2025-12-23,UPI
491,532,14728.28,2025-11-28,NEFT
492,533,13116.11,2025-09-04,Cheque
493,534,9024.31,,NEFT
494,535,34122.19,2025-06-25,NEFT
495,536,9431.84,2025-09-10,UPI
496,537,2752.33,2025-12-10,Cheque
497,538,3917.4,2026-03-09,Cheque
498,539,11337.4,2026-06-15,Cheque
499,542,13589.56,2026-02-18,Cheque
500,543,3310.11,2026-05-27,NEFT
501,544,7572.33,2026-01-19,NEFT
502,545,11043.25,2025-09-10,Cheque
503,546,4965.16,2025-07-04,UPI
504,548,2118.8,2025-11-12,NEFT
505,549,30719.01,2025-09-23,UPI
506,550,11526.8,2025-10-06,NEFT
507,551,17281.88,2026-07-31,UPI
508,552,16253.53,2026-05-06,UPI
509,553,3125.68,2026-04-12,Cheque
510,554,10224.2,2025-06-09,UPI
511,555,17316.17,2025-10-11,Cheque
512,557,1947.88,2026-03-12,NEFT
513,558,31190.73,2026-04-20,Cheque
514,559,21215.46,2026-04-02,UPI
515,560,6930.38,2025-11-14,UPI
516,561,7391.04,2026-07-24,NEFT
517,562,5368.61,2026-06-28,Cheque
518,563,3906.73,2026-07-31,Cheque
519,565,5797.65,2025-08-24,Cheque
520,566,9184.8,2026-03-19,UPI
521,567,8791.21,2025-09-17,UPI
522,568,6877.96,,NEFT
523,569,1813.87,2025-12-10,Cheque
524,570,4781.91,2025-10-12,Cheque
525,571,5123.91,2026-04-20,Cheque
526,572,1856.89,2025-07-13,Cheque
527,573,7419.98,2025-11-22,NEFT
528,574,751.35,2025-11-18,NEFT
529,575,3067.1,2026-03-21,NEFT
530,576,10796.73,2026-06-03,NEFT
531,577,11242.38,2025-09-14,NEFT
532,578,33919.29,2025-07-28,NEFT
533,579,2244.48,2026-07-31,NEFT
534,581,1490.5,,NEFT
535,582,35464.32,2026-04-06,NEFT
536,583,3978.61,2025-07-19,UPI
537,584,18795.25,2026-07-31,NEFT
538,585,12727.73,2025-10-23,Cheque
539,586,12153.1,2025-08-11,NEFT
540,587,11483.56,2025-08-04,UPI
541,588,847.23,2026-04-23,UPI
542,590,21172.9,2025-09-18,UPI
543,591,11772.02,2025-07-04,NEFT
544,592,30199.93,2025-11-25,NEFT
545,593,11491.32,2026-07-08,UPI
546,594,2683.38,2025-11-06,Cheque
547,595,761.36,,NEFT
548,596,2154.13,2026-06-07,UPI
549,597,26341.31,2025-09-07,UPI
550,598,18257.1,2026-01-04,Cheque
551,600,7710.34,2026-05-25,NEFT
552,601,4420.66,2026-05-02,NEFT
553,602,27977.48,2026-03-06,NEFT
554,603,20188.26,2025-12-21,NEFT
555,604,17086.14,2025-06-07,UPI
556,605,16445.88,2025-08-30,NEFT
557,606,5607.48,2025-12-07,UPI
558,607,21871.39,2025-12-14,UPI
559,608,12468.57,2026-06-11,NEFT
560,609,16952.69,2025-09-13,UPI
561,610,26801.92,2026-02-17,Cheque
562,611,38088.64,2025-05-25,UPI
563,612,12148.37,2025-07-02,NEFT
564,613,6112.61,2025-05-26,NEFT
565,614,1888.21,2025-11-20,UPI
566,615,16805.5,2025-06-24,Cheque
567,616,18984.6,2025-08-12,NEFT
568,617,31168.63,2025-08-03,Cheque
569,618,11454.96,2026-06-25,UPI
570,620,14691.4,2026-05-02,NEFT
571,621,36458.91,2025-10-19,UPI
572,622,16563.53,2025-08-27,Cheque
573,623,18732.19,2025-07-05,Cheque
574,624,34122.19,2025-08-23,Cheque
575,625,5107.96,2026-07-31,NEFT
576,626,7820.01,2025-12-07,NEFT
577,627,17019.66,2025-10-08,Cheque
578,629,14430.49,2026-03-22,Cheque
579,630,10756.41,2026-06-19,NEFT
580,631,7280.12,2025-07-29,UPI
581,632,2467.24,2025-11-10,Cheque
582,633,15456.83,2026-03-25,UPI
583,634,17344.57,2025-06-15,NEFT
584,635,8467.2,2026-01-19,NEFT
585,636,453.16,,NEFT
586,637,5555.66,2026-02-28,NEFT
587,638,15311.41,2026-02-27,UPI
588,640,7381.44,2026-07-31,UPI
589,642,7008.09,2026-06-30,NEFT
590,643,4025.72,2025-08-26,UPI
591,645,14172.56,2026-01-20,NEFT
592,646,5131.89,,UPI
593,647,9841.92,2025-10-23,NEFT
594,648,777.03,2025-10-03,UPI
595,649,29470.58,2025-07-24,Cheque
596,650,3493.9,2025-11-28,UPI
597,651,4583.85,2025-11-15,NEFT
598,652,5829.63,2026-02-21,UPI
599,653,1505.62,,NEFT
600,654,2321.42,2025-11-08,NEFT
601,655,3569.16,2026-01-21,NEFT
602,656,2109.71,2025-07-18,Cheque
603,658,3157.9,2025-05-28,Cheque
604,659,19178.83,2025-12-26,Cheque
605,660,15842.49,2025-08-05,UPI
606,661,1359.76,,UPI
607,662,4567.07,2026-01-11,UPI
608,663,10130.8,2026-02-10,UPI
609,664,2954.25,2026-02-28,UPI
610,665,851.38,,UPI
611,666,12987.48,2026-06-23,Cheque
612,667,8749.31,2026-07-21,UPI
613,668,8298.01,2025-08-02,Cheque
614,670,22733.7,2026-07-07,UPI
615,671,1413.39,,NEFT
616,672,4421.06,2026-04-14,UPI
617,673,25258.13,2025-07-18,Cheque
618,674,15739.69,2026-06-27,NEFT
619,675,32628.13,2026-07-31,UPI
620,676,16067.22,2026-04-26,NEFT
621,677,4039.1,2026-02-17,UPI
622,678,6430.4,2026-04-25,Cheque
623,679,350.71,,Cheque
624,680,4461.32,2025-06-29,Cheque
625,681,10032.69,2025-08-03,UPI
626,682,12348.76,2025-06-29,Cheque
627,684,17228.54,2025-06-30,Cheque
628,685,1912.65,2025-06-17,Cheque
629,687,10093.03,2025-11-22,NEFT
630,688,12987.48,2025-08-10,NEFT
631,689,31086.09,2025-11-29,UPI
632,690,31236.34,2026-05-05,NEFT
633,691,2616.91,2025-12-03,UPI
634,693,2147.45,2026-01-22,Cheque
635,694,36115.59,2025-12-06,Cheque
636,695,1614.01,,NEFT
637,696,8751.11,2025-06-04,NEFT
638,697,18971.05,2025-08-06,Cheque
639,700,24450.32,2026-05-14,UPI
640,701,2630.04,,Cheque
641,702,1661.14,2025-10-24,Cheque
642,703,21729.66,2025-09-21,Cheque
643,704,12674.8,2026-02-15,NEFT
644,705,27341.28,2025-06-26,Cheque
645,707,880.42,,Cheque
646,708,9614.66,2025-06-18,NEFT
647,709,31411.25,2025-12-29,NEFT
648,710,44662.1,2025-11-06,NEFT
649,711,6704.64,2026-01-15,NEFT
650,712,11020.44,2026-06-10,NEFT
651,713,11216.46,2026-01-30,Cheque
652,714,13030.28,2026-02-17,NEFT
653,715,7249.98,,UPI
654,716,45228.24,2025-09-02,Cheque
655,717,8934.44,2026-04-15,NEFT
656,718,31456.13,2025-09-13,Cheque
657,719,33502.4,2025-11-02,Cheque
658,720,16460.96,2025-11-16,Cheque
659,721,11221.72,2025-06-21,UPI
660,722,10130.8,2026-06-09,UPI
661,723,26068.27,2026-05-13,Cheque
662,724,40769.91,2026-01-16,Cheque
663,725,7631.61,2025-12-15,NEFT
664,726,646.68,2025-10-06,NEFT
665,727,2974.72,2026-02-07,NEFT
666,728,13589.97,2026-01-07,Cheque
667,729,3975.82,2026-04-14,Cheque
668,730,13459.75,2026-07-09,UPI
669,731,36070.74,2025-08-17,UPI
670,732,8470.18,2025-06-11,UPI
671,733,4621.77,2025-07-22,NEFT
672,735,9542.23,2026-02-02,UPI
673,736,880.61,,UPI
674,737,12407.85,2026-05-10,UPI
675,738,20502.05,2026-02-26,Cheque
676,739,29517.0,2025-10-08,NEFT
677,740,8586.01,2026-02-09,UPI
678,741,19186.86,2025-11-21,UPI
679,742,41007.83,2025-09-14,Cheque
680,743,27071.21,2026-03-29,Cheque
681,744,18057.79,2026-02-25,Cheque
682,745,25974.96,2025-08-31,UPI
683,746,9614.66,2025-11-11,NEFT
684,747,15028.86,2025-12-26,Cheque
685,748,38544.65,2026-05-12,NEFT
686,749,39659.59,2026-06-20,UPI
687,750,5109.07,2025-09-23,NEFT
688,751,7948.8,2025-09-27,UPI
689,752,5922.36,2026-07-11,UPI
690,753,6567.12,2025-10-15,Cheque
691,754,11226.15,2026-05-19,UPI
692,755,13743.12,2026-04-01,UPI
693,756,6990.5,2025-10-17,Cheque
694,757,4822.54,2026-03-28,UPI
695,758,19090.3,2025-09-20,UPI
696,759,13861.68,2026-05-13,Cheque
697,760,6270.43,2025-08-16,Cheque
698,761,21954.1,2026-05-15,UPI
699,762,41481.35,2026-06-05,UPI
700,763,7396.61,,Cheque
701,764,3456.0,2026-02-11,UPI
702,765,5310.68,2026-05-26,UPI
703,766,8294.4,2025-10-09,UPI
704,767,16986.84,2025-07-05,NEFT
705,768,5009.86,2025-08-18,UPI
706,769,3959.5,2025-11-01,UPI
707,770,46107.2,2025-10-11,NEFT
708,771,11884.54,2025-12-01,Cheque
709,772,23522.5,2026-06-30,UPI
710,773,30919.91,2025-07-04,NEFT
711,774,32536.75,2026-02-17,Cheque
712,775,7872.63,2026-04-21,UPI
713,776,841.62,,NEFT
714,777,9102.79,2025-09-28,NEFT
715,778,23030.41,2025-11-02,NEFT
716,779,10728.6,2025-12-28,Cheque
717,780,2776.91,2026-04-17,UPI
718,781,6776.82,2025-07-07,Cheque
719,782,7735.45,2026-07-06,Cheque
720,783,22331.05,2025-10-27,NEFT
721,784,3026.63,2026-07-28,Cheque
722,785,25901.85,2026-01-15,UPI
723,786,4634.08,2026-06-20,Cheque
724,787,4481.14,2026-04-08,UPI
725,788,23126.79,2026-03-18,UPI
726,789,3233.46,2025-06-21,NEFT
727,790,5808.81,2025-09-25,Cheque
728,791,4040.48,2026-03-27,UPI
729,792,5626.22,2025-11-05,Cheque
730,793,15989.88,2025-08-08,Cheque
731,794,6971.36,2025-10-27,NEFT
732,795,3539.73,2025-10-05,UPI
733,796,8053.05,2025-06-12,UPI
734,797,9453.6,2026-04-24,UPI
735,798,6857.72,2026-03-27,NEFT
736,799,40886.18,2025-07-27,NEFT
737,800,12338.11,2025-07-13,UPI
738,801,33327.56,2026-03-29,NEFT
739,802,18460.12,2025-09-07,NEFT
740,803,12296.34,2025-11-27,NEFT
741,804,10147.34,2026-03-11,NEFT
742,806,1297.72,,UPI
743,807,23298.33,2025-07-14,UPI
744,808,26193.17,2026-04-04,NEFT
745,809,23060.05,2026-06-18,NEFT
746,810,7810.2,2026-05-18,NEFT
747,811,47879.16,2026-04-03,Cheque
748,812,32328.07,2026-05-14,Cheque
749,813,4058.56,2025-10-20,UPI
750,814,16137.5,2026-03-21,UPI
751,815,8209.9,2026-01-31,UPI
752,817,26152.95,2026-05-07,Cheque
753,818,11919.44,2026-03-19,Cheque
754,819,6429.35,2026-02-18,NEFT
755,820,8446.34,2026-07-31,UPI
756,821,4127.23,2025-12-31,UPI
757,822,10171.52,2026-03-12,UPI
758,823,23263.98,2026-02-24,NEFT
759,824,9035.76,2026-05-27,NEFT
760,825,22873.33,2026-05-15,UPI
761,826,39508.78,2025-11-01,NEFT
762,827,2737.22,2026-01-08,UPI
763,828,18460.12,2025-11-10,NEFT
764,829,5376.5,2026-02-21,Cheque
765,832,19370.44,2025-11-14,UPI
766,833,11727.25,2025-07-11,NEFT
767,834,4440.48,2025-12-28,Cheque
768,835,8756.45,2025-08-20,NEFT
769,836,1002.83,,NEFT
770,838,26046.87,2026-06-21,NEFT
771,839,28643.24,2025-05-27,NEFT
772,840,500.54,,UPI
773,841,7152.4,2025-07-25,NEFT
774,844,14526.1,2026-06-26,UPI
775,845,12407.85,2026-02-17,NEFT
776,846,14526.1,2025-07-01,Cheque
777,847,32722.2,2025-12-14,Cheque
778,848,1886.16,2025-11-22,UPI
779,849,8880.69,2026-07-07,Cheque
780,850,39867.66,2025-06-18,NEFT
781,851,7560.92,2025-05-30,UPI
782,852,29398.96,2026-02-10,Cheque
783,853,41878.0,2025-10-11,NEFT
784,854,7481.14,2025-08-26,UPI
785,856,7955.55,2025-07-30,UPI
786,857,8851.56,2025-07-31,UPI
787,858,5792.6,2025-12-06,UPI
788,859,7486.07,2025-10-05,Cheque
789,860,14651.78,2025-08-05,Cheque
790,861,9398.27,2026-03-07,UPI
791,862,33647.1,2026-03-22,NEFT
792,863,14653.79,2025-07-18,NEFT
793,864,3797.48,2025-06-25,UPI
794,865,638.9,2025-09-09,UPI
795,866,13196.7,2025-05-24,Cheque
796,867,4971.14,2026-06-02,Cheque
797,869,9937.75,2026-03-21,Cheque
798,870,7732.55,2026-03-07,UPI
799,872,36246.32,2025-06-02,NEFT
800,873,20372.14,2026-02-02,NEFT
801,874,2231.04,2025-10-18,Cheque
802,875,14167.51,2025-10-23,Cheque
803,876,17523.38,2025-07-10,UPI
804,877,29503.19,2025-11-02,Cheque
805,878,12214.04,2025-12-03,Cheque
806,879,37206.93,2025-09-23,NEFT
807,880,20325.98,2026-05-21,UPI
808,881,19840.97,2025-11-18,Cheque
809,882,18732.19,2025-12-31,Cheque
810,883,20642.4,2025-12-24,UPI
811,884,4063.89,,UPI
812,885,12293.04,2026-03-04,UPI
813,886,42074.79,2026-07-26,Cheque
814,887,1292.48,2026-06-14,NEFT
815,888,20524.75,2025-08-09,NEFT
816,889,6328.42,2026-03-21,NEFT
817,890,10711.48,2025-12-30,NEFT
818,891,9372.54,2025-09-04,NEFT
819,892,3950.38,2026-01-01,Cheque
820,894,6658.73,2025-08-19,Cheque
821,895,3124.08,2026-01-15,UPI
822,896,5532.63,,NEFT
823,898,4732.62,2026-02-09,Cheque
824,899,23112.38,2025-08-01,Cheque
825,900,2500.58,2025-10-28,NEFT
826,901,49762.09,2026-01-09,Cheque
827,902,3103.39,2025-10-28,NEFT
828,904,22492.83,2026-07-31,NEFT
829,905,5875.2,2025-06-18,NEFT
830,906,7557.77,2025-07-13,UPI
831,907,5553.81,2026-02-18,UPI
832,909,37153.09,2025-09-24,Cheque
833,911,13537.68,2025-08-13,Cheque
834,912,18324.15,2025-12-11,NEFT
835,914,3957.17,2025-12-08,Cheque
836,915,13734.1,2026-01-26,NEFT
837,916,13341.53,2026-06-09,NEFT
838,917,7560.92,2026-05-02,Cheque
839,918,9917.47,2026-06-16,NEFT
840,919,21758.91,2025-11-05,NEFT
841,920,4104.95,2025-11-03,Cheque
842,921,31383.54,2025-09-24,Cheque
843,922,42106.38,2025-09-08,UPI
844,923,9256.53,2026-01-17,Cheque
845,924,3550.81,2026-03-27,Cheque
846,925,20905.28,2025-10-30,Cheque
847,926,19139.64,2026-02-11,Cheque
848,927,17946.34,2025-11-23,NEFT
849,928,2940.54,2025-08-20,NEFT
850,930,10609.06,2025-06-19,NEFT
851,931,14777.82,2026-04-07,Cheque
852,932,3468.92,2026-05-11,NEFT
853,933,2966.32,2026-05-03,Cheque
854,934,40068.46,2026-06-25,NEFT
855,935,19178.83,2025-09-22,UPI
856,937,4379.4,2026-07-30,Cheque
857,938,15467.28,2025-11-03,UPI
858,939,3053.94,2026-03-18,UPI
859,940,13971.42,2025-06-03,UPI
860,941,3844.33,2025-11-11,UPI
861,942,9325.83,2026-02-16,NEFT
862,943,5494.9,2025-06-11,UPI
863,944,20833.66,2026-07-31,Cheque
864,945,34580.4,2025-05-07,Cheque
865,946,6251.36,2025-06-02,UPI
866,947,5618.32,2025-06-21,Cheque
867,948,3943.4,2026-02-17,UPI
868,949,6720.63,2025-05-28,Cheque
869,950,6593.3,2026-07-31,Cheque
870,951,1628.55,2025-08-27,Cheque
871,952,2838.37,2026-04-02,NEFT
872,953,8947.9,2026-04-17,NEFT
873,954,8469.68,2026-07-31,NEFT
874,955,80.1,,Cheque
875,956,11075.73,2025-06-30,UPI
876,957,6543.46,2025-12-02,Cheque
877,958,29313.61,2026-02-01,Cheque
878,959,2671.81,2025-07-31,UPI
879,960,23298.33,2026-02-27,UPI
880,961,2421.16,2025-10-26,Cheque
881,962,32464.53,2026-07-31,Cheque
882,963,1992.28,2026-03-24,Cheque
883,964,15680.84,2026-07-21,NEFT
884,965,15035.44,2025-07-30,Cheque
885,966,3997.35,2025-07-10,NEFT
886,967,1413.85,,UPI
887,969,1876.32,2026-04-19,Cheque
888,970,33824.48,2025-06-23,UPI
889,972,2329.6,2025-11-07,UPI
890,973,6836.12,,Cheque
891,974,44832.59,2026-02-11,UPI
892,975,14623.13,2025-11-30,UPI
893,976,3752.64,2025-11-04,NEFT
894,977,4037.86,2026-02-25,UPI
895,978,8030.61,2026-07-31,NEFT
896,979,28289.14,2026-04-24,NEFT
897,980,6710.93,2026-06-15,Cheque
898,981,13720.23,2025-05-23,Cheque
899,982,6149.76,2026-04-02,UPI
900,983,6053.31,2025-11-30,UPI
901,984,15569.64,2026-01-30,Cheque
902,985,3257.41,2025-12-02,UPI
903,986,26573.55,2026-04-16,NEFT
904,987,28334.4,2026-07-13,UPI
905,988,21545.76,2025-07-20,NEFT
906,989,16147.29,2026-07-13,Cheque
907,991,13767.41,2026-01-20,Cheque
908,992,8854.5,2026-03-19,NEFT
909,993,24826.92,2025-12-06,NEFT
910,994,10897.56,2025-05-14,UPI
911,995,38481.31,2026-04-21,UPI
912,996,1638.33,2026-01-24,NEFT
913,997,2012.86,2025-06-06,UPI
914,998,6622.51,,Cheque
915,999,8209.9,2025-10-05,Cheque
916,1000,5355.74,2026-01-11,NEFT
917,1001,3639.5,,UPI
918,1002,13985.03,2026-02-01,Cheque
919,1003,6501.66,2025-05-25,Cheque
920,1004,20882.0,2026-06-22,Cheque
921,1005,13889.15,2025-12-20,UPI
922,1006,3034.79,2026-07-31,NEFT
923,1007,30083.73,2025-12-22,UPI
924,1008,15572.32,2025-07-03,NEFT
925,1009,20676.51,2026-06-29,Cheque
926,1010,1187.57,,UPI
927,1011,19685.45,2025-08-24,NEFT
928,1012,11794.34,2026-03-25,NEFT
929,1013,3810.84,2026-02-10,NEFT
930,1014,26371.6,2026-07-21,UPI
931,1015,35280.36,2026-02-23,Cheque
932,1016,7345.94,2025-09-15,Cheque
933,1017,33233.6,2025-07-21,Cheque
934,1018,5801.44,2026-04-07,Cheque
935,1019,19479.07,2025-10-31,UPI
936,1020,8023.74,2025-06-06,Cheque
937,1021,34870.6,2026-06-17,NEFT
938,1022,8455.65,2026-03-20,UPI
939,1023,19436.04,2026-07-31,UPI
940,1024,3973.72,2025-10-04,UPI
941,1025,19194.94,2025-11-13,Cheque
942,1027,3049.47,2025-08-06,UPI
943,1028,1936.27,2026-05-06,Cheque
944,1029,3967.01,2025-09-09,NEFT
945,1031,19186.86,2026-01-28,UPI
946,1032,24431.53,2025-12-30,Cheque
947,1033,38959.8,2026-06-11,NEFT
948,1034,1462.46,2025-05-26,NEFT
949,1035,4765.72,,UPI
950,1036,36739.49,2026-01-30,Cheque
951,1037,28926.66,2025-11-19,UPI
952,1038,9384.32,2026-07-31,UPI
953,1039,478.23,2026-04-27,Cheque
954,1041,21605.0,2025-10-10,Cheque
955,1042,15628.95,2025-08-05,Cheque
956,1043,2247.53,2025-12-07,NEFT
957,1044,14060.37,2026-07-23,Cheque
958,1045,332.4,,NEFT
959,1046,12372.27,2026-05-08,UPI
960,1047,7405.66,,UPI
961,1048,11491.32,2025-10-13,Cheque
962,1049,2330.68,2025-07-13,NEFT
963,1050,17344.62,2026-04-09,UPI
964,1051,9566.87,2025-11-14,NEFT
965,1052,2945.02,,Cheque
966,1054,10046.96,2026-07-04,NEFT
967,1055,1458.9,2026-07-31,UPI
968,1056,19218.07,2025-07-08,Cheque
969,1057,11358.28,2026-07-08,Cheque
970,1058,47710.04,2025-11-20,Cheque
971,1059,42354.64,2026-05-18,UPI
972,1060,3125.04,,NEFT
973,1061,16573.6,2026-05-29,Cheque
974,1062,15575.36,2026-03-12,NEFT
975,1064,12166.8,2025-07-14,NEFT
976,1065,30152.16,2026-07-12,Cheque
977,1066,15041.86,2026-02-21,NEFT
978,1067,30152.16,2025-10-06,NEFT
979,1068,9596.13,2025-09-21,NEFT
980,1070,10102.6,2025-11-09,NEFT
981,1071,32839.36,2026-01-18,NEFT
982,1072,10955.99,2025-06-03,NEFT
983,1074,3843.6,2025-07-21,Cheque
984,1075,17870.3,2026-01-25,NEFT
985,1076,10146.42,2025-11-12,NEFT
986,1077,35614.82,2026-04-28,NEFT
987,1078,30835.72,2026-07-31,NEFT
988,1079,6435.78,2025-10-02,NEFT
989,1080,4076.87,2026-03-27,UPI
990,1081,17891.34,2026-03-12,NEFT
991,1082,8728.0,2026-02-07,Cheque
992,1083,7530.36,2025-08-11,NEFT
993,1084,8037.57,2026-01-14,Cheque
994,1085,6347.16,2025-12-12,Cheque
995,1086,37874.28,2026-03-29,NEFT
996,1087,4039.92,2025-07-08,NEFT
997,1088,34920.09,2025-12-02,UPI
998,1089,28020.63,2025-06-28,NEFT
999,1090,43387.05,2025-09-03,UPI
1000,1091,34988.62,2026-06-27,NEFT
1001,1092,2431.39,2026-06-03,Cheque
1002,1093,18108.0,2026-07-10,Cheque
1003,1094,12454.02,2025-08-30,NEFT
1004,1095,21635.23,2026-04-22,UPI
1005,1096,22822.32,2026-02-20,Cheque
1006,1098,35516.16,2025-08-12,Cheque
1007,1099,6773.76,2025-07-25,Cheque
1008,1100,1820.87,2026-02-13,Cheque
1009,1101,11407.32,2025-06-03,NEFT
1010,1102,4378.08,2025-09-16,Cheque
1011,1103,740.25,2025-08-23,Cheque
1012,1104,743.68,2025-08-21,Cheque
1013,1105,3890.62,2025-06-24,NEFT
1014,1106,5393.6,2025-12-16,Cheque
1015,1107,4427.52,2025-08-08,UPI
1016,1108,14167.51,2025-05-25,NEFT
1017,1109,6148.17,2026-03-08,NEFT
1018,1110,5910.46,2026-04-25,NEFT
1019,1111,7427.1,2026-07-19,Cheque
1020,1112,10044.45,2026-06-26,Cheque
1021,1113,44292.27,2025-06-30,UPI
1022,1114,32233.92,2026-07-23,Cheque
1023,1115,4287.2,2026-04-02,UPI
1024,1116,23263.98,2025-07-06,UPI
1025,1117,4854.08,2025-05-30,UPI
1026,1118,23518.85,2026-03-03,Cheque
1027,1119,11759.43,2025-12-18,NEFT
1028,1120,5862.6,2025-12-13,UPI
1029,1121,31728.88,2026-07-07,NEFT
1030,1122,5838.72,2026-05-18,NEFT
1031,1123,7112.45,2025-10-07,UPI
1032,1124,26340.97,2026-06-05,UPI
1033,1125,4439.4,2026-01-24,NEFT
1034,1126,27589.28,2026-07-06,Cheque
1035,1127,775.28,,UPI
1036,1128,6149.76,2025-08-20,Cheque
1037,1129,24246.24,2025-06-17,Cheque
1038,1130,550.36,2026-03-30,NEFT
1039,1131,23709.08,2025-11-07,UPI
1040,1132,4347.61,,UPI
1041,1133,16563.53,2026-01-18,NEFT
1042,1134,25195.71,2025-07-12,NEFT
1043,1135,2977.68,2026-01-22,Cheque
1044,1136,1700.5,2025-06-13,NEFT
1045,1137,15944.13,2026-01-05,Cheque
1046,1138,8050.53,2026-07-31,NEFT
1047,1139,22469.2,2025-12-18,UPI
1048,1140,1122.89,2026-07-06,Cheque
1049,1141,7212.68,2025-11-09,NEFT
1050,1142,3170.88,2026-05-19,UPI
1051,1143,4473.95,2026-05-31,NEFT
1052,1144,16563.53,2025-07-29,NEFT
1053,1145,6489.73,2026-07-10,Cheque
1054,1146,4015.73,2025-07-17,UPI
1055,1147,2736.29,2026-02-05,UPI
1056,1149,30622.82,2026-02-21,UPI
1057,1150,2583.64,2026-02-12,NEFT
1058,1151,6840.97,,Cheque
1059,1152,6561.28,2025-11-14,Cheque
1060,1153,28399.5,2025-11-13,Cheque
1061,1154,3021.64,2026-04-22,NEFT
1062,1155,32964.5,2026-07-31,UPI
1063,1156,47533.2,2026-05-20,UPI
1064,1157,6857.72,2026-06-20,NEFT
1065,1158,15350.44,2026-04-03,NEFT
1066,1159,4552.08,,UPI
1067,1160,6651.73,2026-07-31,Cheque
1068,1161,7767.11,2026-01-01,Cheque
1069,1162,3029.1,2025-11-11,UPI
1070,1163,5016.35,2025-10-03,Cheque
1071,1164,10032.69,2026-01-04,UPI
1072,1165,1292.48,2026-02-01,UPI
1073,1166,9512.69,2026-01-31,NEFT
1074,1167,24606.81,2026-05-31,Cheque
1075,1168,19316.8,2026-07-17,UPI
1076,1169,21871.39,2025-06-06,Cheque
1077,1170,8187.82,2026-01-04,Cheque
1078,1172,303.23,,Cheque
1079,1173,394.8,2025-10-10,NEFT
1080,1174,14984.82,2026-07-08,NEFT
1081,1175,43284.89,2026-05-09,Cheque
1082,1176,10450.72,2025-10-05,Cheque
1083,1177,24218.82,2026-07-08,Cheque
1084,1179,3755.36,2026-07-31,UPI
1085,1180,8637.72,2025-07-05,NEFT
1086,1182,6565.77,2025-09-12,UPI
1087,1183,1565.38,,Cheque
1088,1184,46861.6,2026-06-28,UPI
1089,1185,3122.21,2026-06-08,Cheque
1090,1186,11874.06,2026-07-31,UPI
1091,1187,1216.87,,UPI
1092,1188,5983.29,2025-09-12,UPI
1093,1189,16925.55,2025-08-31,NEFT
1094,1190,29575.01,2025-11-22,UPI
1095,1191,4022.02,2025-08-09,NEFT
1096,1192,16019.91,2026-05-27,Cheque
1097,1193,5581.44,2025-06-25,Cheque
1098,1194,20631.35,2025-07-16,Cheque
1099,1196,12005.72,2026-07-31,NEFT
1100,1197,6435.78,2025-09-23,NEFT
1101,1198,7257.6,2026-07-30,UPI
1102,1199,33669.35,2025-08-06,NEFT
1103,1200,40165.76,2026-06-22,UPI
1104,1201,10187.68,2026-07-25,UPI
1105,1202,9509.3,2026-03-25,NEFT
1106,1203,15420.57,2025-06-19,UPI
1107,1204,3423.54,,UPI
1108,1205,2951.68,2025-06-26,NEFT
1109,1206,11411.16,2025-05-24,NEFT
1110,1207,28746.96,2025-07-16,UPI
1111,1208,36070.74,2025-10-28,Cheque
1112,1209,13019.65,2026-01-13,UPI
1113,1210,17344.57,2025-09-08,UPI
1114,1211,12858.7,2025-11-28,Cheque
1115,1212,8575.85,2026-03-03,UPI
1116,1213,10448.84,2026-03-14,Cheque
1117,1214,6622.79,2025-08-06,NEFT
1118,1215,8851.56,2025-06-30,Cheque
1119,1216,40101.19,2026-03-14,UPI
1120,1217,34718.49,2025-11-17,Cheque
1121,1218,29246.26,2026-07-28,UPI
1122,1219,31470.72,2026-07-22,UPI
1123,1220,3665.5,2025-08-23,NEFT
1124,1221,5419.01,2025-07-14,NEFT
1125,1222,15746.4,2025-05-23,NEFT
1126,1223,1998.82,2026-03-21,UPI
1127,1224,19323.74,2026-04-14,Cheque
1128,1225,3267.92,2025-07-24,NEFT
1129,1226,2938.94,2026-04-10,NEFT
1130,1227,4203.97,2026-06-14,Cheque
1131,1228,24826.92,2025-08-07,UPI
1132,1229,3416.87,2026-04-13,NEFT
1133,1230,5724.1,2026-07-31,UPI
1134,1231,693.39,2025-11-04,NEFT
1135,1232,31688.8,2026-02-26,UPI
1136,1233,4072.37,2026-01-08,Cheque
1137,1234,17603.75,2026-01-17,UPI
1138,1235,32763.97,2025-08-08,UPI
1139,1236,27031.22,2025-07-26,NEFT
1140,1237,7071.82,2025-12-15,Cheque
1141,1239,8701.89,2026-05-18,UPI
1142,1240,34968.34,2025-10-09,NEFT
1143,1241,7192.56,2026-05-05,UPI
1144,1242,15998.94,2026-04-21,NEFT
1145,1243,2203.99,2026-03-04,Cheque
1146,1244,2596.56,2025-07-29,Cheque
1147,1245,24175.44,2026-03-03,NEFT
1148,1247,38857.61,2025-05-31,NEFT
1149,1248,11875.22,2026-05-01,UPI
1150,1249,36877.92,2026-03-25,NEFT
1151,1250,37747.36,2026-07-24,NEFT
1152,1251,2597.74,2026-07-31,NEFT
1153,1252,4491.16,2025-07-28,NEFT
1154,1253,7455.29,2025-09-18,NEFT
1155,1254,35516.16,2025-06-24,Cheque
1156,1255,2906.99,2025-07-18,UPI
1157,1256,34858.34,2026-06-25,UPI
1158,1258,8855.72,,NEFT
1159,1259,14032.69,2025-08-05,UPI
1160,1260,6437.98,2026-01-16,Cheque
1161,1261,2291.81,,Cheque
1162,1262,14577.99,2026-03-16,NEFT
1163,1263,3625.57,2025-12-16,UPI
1164,1264,6773.76,2026-07-15,Cheque
1165,1265,16474.44,2025-07-22,NEFT
1166,1266,3945.89,2026-02-22,NEFT
1167,1267,32429.64,2025-06-27,NEFT
1168,1269,32377.5,2025-11-04,Cheque
1169,1270,680.88,,UPI
1170,1271,18235.19,2026-07-31,NEFT
1171,1272,31360.32,2026-05-10,UPI
1172,1273,18629.77,2026-03-08,UPI
1173,1274,4368.05,2026-06-30,UPI
1174,1275,3349.18,2026-07-06,Cheque
1175,1276,8210.55,2026-05-26,NEFT
1176,1277,1739.67,2026-06-13,UPI
1177,1278,2584.95,2025-10-19,Cheque
1178,1279,3447.41,,NEFT
1179,1280,8282.78,2025-11-28,Cheque
1180,1281,9939.54,2025-07-23,UPI
1181,1282,7886.8,2026-02-27,UPI
1182,1283,6248.16,2025-10-01,NEFT
1183,1284,1989.17,2026-02-17,NEFT
1184,1285,39867.66,2026-01-20,Cheque
1185,1286,9418.43,2026-03-25,NEFT
1186,1287,22365.87,2025-09-25,UPI
1187,1288,34968.34,2026-06-15,Cheque
1188,1289,30677.17,2025-10-05,Cheque
1189,1291,30808.18,2026-03-06,Cheque
1190,1292,8901.98,2026-02-21,Cheque
1191,1294,8390.24,2025-07-03,NEFT
1192,1295,19610.28,2025-11-03,NEFT
1193,1296,26077.68,2025-07-24,NEFT
1194,1297,20524.75,2026-01-14,Cheque
1195,1298,7913.03,2026-06-17,Cheque
1196,1299,3412.48,2025-11-27,UPI
1197,1302,10668.45,2026-02-20,NEFT
1198,1303,43741.23,2025-10-09,NEFT
1199,1304,1737.78,2025-07-18,UPI
1200,1305,17134.49,2026-07-21,Cheque
1201,1306,49762.09,2026-05-20,Cheque
1202,1308,8030.61,2025-07-29,Cheque
1203,1309,9297.88,2026-01-31,UPI
1204,1310,5790.53,2025-08-09,NEFT
1205,1311,28709.21,2025-08-18,NEFT
1206,1312,46407.78,2026-04-03,Cheque
1207,1313,39299.17,2026-07-31,Cheque
1208,1314,10255.74,2025-09-01,UPI
1209,1315,9000.69,2025-10-25,UPI
1210,1316,8130.72,2025-05-28,NEFT
1211,1317,344.69,,UPI
1212,1318,13640.22,2026-05-03,NEFT
1213,1319,2504.49,2025-05-20,NEFT
1214,1320,17776.6,2025-12-27,Cheque
1215,1321,3010.97,2025-10-07,UPI
1216,1322,4421.06,2026-02-11,UPI
1217,1324,15121.83,2025-07-02,Cheque
1218,1326,1728.0,2026-05-17,UPI
1219,1327,8222.94,2026-06-09,UPI
1220,1329,4952.67,2025-08-10,NEFT
1221,1330,3050.98,2026-06-30,Cheque
1222,1331,2298.24,2025-09-05,NEFT
1223,1333,3813.84,2026-03-16,UPI
1224,1334,14313.88,2026-03-04,UPI
1225,1335,3155.89,2025-12-11,UPI
1226,1336,15121.83,2025-10-19,NEFT
1227,1337,15735.28,2026-01-16,Cheque
1228,1338,16419.28,2025-11-17,NEFT
1229,1339,24082.11,2025-06-06,Cheque
1230,1340,2788.43,2026-01-22,Cheque
1231,1341,3828.46,2026-05-19,Cheque
1232,1342,2321.11,2026-07-23,UPI
1233,1343,7615.67,,Cheque
1234,1344,18184.68,2025-12-19,NEFT
1235,1345,25747.15,2026-06-30,Cheque
1236,1346,3474.2,2026-05-03,NEFT
1237,1347,15820.26,2026-03-24,NEFT
1238,1348,53274.24,2026-07-22,UPI
1239,1349,2128.81,2025-11-08,NEFT
1240,1350,5879.71,2026-02-07,NEFT
1241,1351,2301.39,2026-02-17,Cheque
1242,1352,40606.81,2025-11-09,NEFT
1243,1353,5280.88,2026-07-29,UPI
1244,1354,10705.19,2025-12-18,UPI
1245,1355,10778.77,2026-04-24,NEFT
1246,1356,3109.64,2025-10-22,NEFT
1247,1357,42074.79,2026-01-29,Cheque
1248,1358,5634.31,2026-03-30,NEFT
1249,1360,34805.84,2026-02-02,UPI
1250,1361,14567.56,2025-09-13,NEFT
1251,1362,2623.33,2026-06-13,Cheque
1252,1363,2896.34,2025-07-22,UPI
1253,1364,2308.06,2026-01-10,NEFT
1254,1365,21252.24,2025-06-26,Cheque
1255,1366,7938.97,2025-06-25,UPI
1256,1367,3640.06,2025-11-21,NEFT
1257,1368,34580.4,2025-05-30,UPI
1258,1369,14221.28,2025-10-05,NEFT
1259,1370,25195.71,2026-06-09,Cheque
1260,1371,9942.28,2026-06-29,Cheque
1261,1372,31357.92,2025-06-18,UPI
1262,1373,9664.78,2026-07-31,NEFT
1263,1374,974.62,,Cheque
1264,1376,17097.35,2026-05-07,UPI
1265,1377,3843.6,2025-06-12,Cheque
1266,1378,20621.07,2025-12-24,UPI
1267,1379,2015.3,,UPI
1268,1381,4987.43,2025-11-13,Cheque
1269,1382,6875.36,2026-05-31,NEFT
1270,1383,1482.14,2026-05-23,NEFT
1271,1384,26794.97,2026-01-22,NEFT
1272,1385,28860.98,2026-02-22,NEFT
1273,1386,12415.1,2026-05-15,NEFT
1274,1387,26102.51,2025-10-15,UPI
1275,1388,5948.6,2026-02-02,UPI
1276,1389,5713.0,2026-07-05,Cheque
1277,1390,1085.89,2026-07-31,UPI
1278,1391,23928.76,2025-11-21,Cheque
1279,1392,28345.12,2025-10-19,NEFT
1280,1393,1288.74,,UPI
1281,1394,23481.81,2025-05-31,Cheque
1282,1395,43664.58,2025-06-15,NEFT
1283,1396,13181.87,2025-06-02,UPI
1284,1397,6461.65,2026-05-05,Cheque
1285,1398,9091.07,2026-01-13,Cheque
1286,1399,3580.0,2025-11-25,UPI
1287,1400,12086.13,2026-04-04,UPI
1288,1401,22025.44,2025-08-02,UPI
1289,1402,32872.18,2026-04-12,Cheque
1290,1403,9368.65,2025-08-15,Cheque
1291,1404,1073.78,2026-02-02,NEFT
1292,1405,1671.23,2025-08-26,NEFT
1293,1406,42074.79,2025-08-29,UPI
1294,1407,21558.95,2026-07-31,UPI
1295,1408,5534.41,2025-10-03,NEFT
1296,1409,50233.25,2025-11-14,NEFT
1297,1410,12987.48,2025-11-29,NEFT
1298,1411,7357.86,,Cheque
1299,1412,6349.52,,UPI
1300,1413,29514.36,2025-12-27,UPI
1301,1414,6251.36,2025-11-27,UPI
1302,1415,6437.98,2026-07-10,UPI
1303,1416,3301.78,2026-03-01,NEFT
1304,1417,20195.9,2026-04-02,Cheque
1305,1419,3390.9,,UPI
1306,1420,26242.5,2026-05-24,Cheque
1307,1421,2626.56,2025-07-12,UPI
1308,1422,4516.92,2025-11-12,Cheque
1309,1423,20658.61,2025-11-02,Cheque
1310,1424,1350.91,2025-11-13,Cheque
1311,1425,7791.48,2026-02-07,NEFT
1312,1426,12822.06,2026-07-06,UPI
1313,1427,38974.54,2026-04-30,Cheque
1314,1428,13785.21,2026-02-18,UPI
1315,1430,6065.17,,NEFT
1316,1431,6641.28,2026-05-17,UPI
1317,1432,2256.26,,Cheque
1318,1433,5673.25,2025-08-04,NEFT
1319,1435,18127.85,2026-05-25,NEFT
1320,1436,3119.04,,UPI
1321,1437,12647.37,2025-10-14,UPI
1322,1438,1784.58,2025-07-03,NEFT
1323,1439,3322.4,2026-02-20,NEFT
1324,1441,33378.87,2025-09-07,NEFT
1325,1442,9917.47,2026-04-10,NEFT
1326,1443,16121.64,2026-07-15,Cheque
1327,1444,16878.67,2025-10-19,NEFT
1328,1445,29531.79,2026-06-09,Cheque
1329,1446,5361.56,2026-05-15,Cheque
1330,1447,31456.13,2026-05-04,Cheque
1331,1448,2569.49,2025-12-18,NEFT
1332,1449,48695.5,2026-03-30,Cheque
1333,1450,7359.84,2025-11-21,Cheque
1334,1451,6656.51,2025-12-11,Cheque
1335,1452,12230.6,2025-06-29,NEFT
1336,1453,16620.25,2026-04-19,NEFT
1337,1454,2850.77,2025-09-09,Cheque
1338,1455,1239.18,2025-10-19,UPI
1339,1456,47832.39,2025-11-13,Cheque
1340,1457,8694.01,2025-06-25,UPI
1341,1458,10901.07,2026-07-27,NEFT
1342,1459,20886.2,2026-04-27,UPI
1343,1460,9522.16,2026-04-15,NEFT
1344,1461,27837.18,2025-09-20,UPI
1345,1462,1624.78,2025-09-04,NEFT
1346,1463,9481.73,2026-05-16,UPI
1347,1464,1890.75,2025-11-17,UPI
1348,1465,32832.35,2025-06-11,Cheque
1349,1466,8195.36,2025-09-30,NEFT
1350,1467,5316.98,2026-03-25,Cheque
1351,1468,5681.3,2026-01-19,Cheque
1352,1469,580.01,,NEFT
1353,1470,4202.79,,UPI
1354,1471,32429.64,2026-02-23,NEFT
1355,1472,39508.78,2026-02-26,UPI
1356,1473,36364.6,2025-06-07,NEFT
1357,1474,5739.98,2025-09-11,UPI
1358,1475,6379.79,2026-04-16,Cheque
1359,1476,5322.07,2026-04-09,NEFT
1360,1477,13669.28,2026-05-10,Cheque
1361,1479,10427.56,2025-07-07,Cheque
1362,1480,11072.16,2026-02-19,UPI
1363,1481,4829.2,2026-01-08,NEFT
1364,1482,7007.78,2026-01-25,Cheque
1365,1483,22252.58,2026-04-09,UPI
1366,1484,32637.69,2026-02-01,UPI
1367,1486,22766.76,2025-08-23,UPI
1368,1487,7086.11,2026-04-16,UPI
1369,1488,8188.13,2025-07-18,UPI
1370,1489,30860.88,2026-01-11,NEFT
1371,1490,47814.3,2025-08-25,NEFT
1372,1491,34865.03,2025-12-30,UPI
1373,1493,10963.92,2025-12-16,UPI
1374,1495,18448.04,2025-07-04,NEFT
1375,1496,35632.74,2025-11-13,NEFT
1376,1497,5213.34,2026-02-21,Cheque
1377,1498,38135.22,2026-06-23,UPI
1378,1499,2992.9,2025-09-12,NEFT
1379,1500,575.23,,UPI
1380,1501,35431.4,2026-04-20,Cheque
1381,1502,9810.88,2025-10-25,UPI
1382,1504,12079.97,2025-08-11,UPI
1383,1505,26587.51,2026-05-06,Cheque
1384,1506,17963.47,2025-05-11,UPI
1385,1507,5213.34,2025-11-09,NEFT
1386,1508,21859.79,2026-04-01,UPI
1387,1509,15264.36,2026-01-01,Cheque
1388,1510,7160.69,2026-07-22,NEFT
1389,1511,14333.3,2025-11-30,Cheque
1390,1512,7840.08,2025-08-19,NEFT
1391,1513,2033.44,2026-05-18,UPI
1392,1515,21218.12,2025-08-25,UPI
1393,1516,11246.78,2026-06-27,Cheque
1394,1517,47814.3,2025-11-28,UPI
1395,1518,8045.57,2026-04-11,Cheque
1396,1519,5634.31,2026-02-09,NEFT
1397,1520,4458.72,2026-02-20,Cheque
1398,1521,23033.93,2026-04-10,UPI
1399,1522,11787.49,2026-07-06,NEFT
1400,1523,2225.4,2026-03-31,Cheque
1401,1524,5852.36,2025-07-16,NEFT
1402,1526,26801.92,2026-05-27,NEFT
1403,1527,5676.75,2025-08-31,NEFT
1404,1528,4233.25,2026-02-10,NEFT
1405,1529,638.19,,Cheque
1406,1530,47670.33,2026-07-11,Cheque
1407,1531,22938.7,2025-12-09,UPI
1408,1532,14032.69,2025-08-30,UPI
1409,1533,9591.53,,Cheque
1410,1534,4067.93,2026-04-05,Cheque
1411,1535,2741.97,,Cheque
1412,1536,12330.5,2026-03-13,Cheque
1413,1537,2477.66,2026-04-24,Cheque
1414,1538,967.83,2026-01-17,NEFT
1415,1539,8756.45,2026-01-10,UPI
1416,1540,986.79,2025-11-30,NEFT
1417,1541,9593.43,2026-04-25,NEFT
1418,1542,7312.91,2026-07-31,NEFT
1419,1543,6889.01,2026-01-28,NEFT
1420,1544,22905.19,2025-08-12,NEFT
1421,1545,5480.46,2026-03-28,UPI
1422,1546,17116.74,2026-07-26,Cheque
1423,1547,12211.49,2026-06-27,UPI
1424,1548,1275.46,2026-05-17,Cheque
1425,1549,43210.39,2026-07-20,Cheque
1426,1551,8935.15,2026-07-21,Cheque
1427,1553,11273.57,2025-10-29,Cheque
1428,1554,8071.57,,Cheque
1429,1556,15471.41,2025-12-31,Cheque
1430,1557,11632.68,2025-11-05,Cheque
1431,1558,2670.6,2026-06-21,Cheque
1432,1559,10230.47,2025-10-30,UPI
1433,1560,5477.93,2025-05-17,NEFT
1434,1561,11570.66,2025-05-20,Cheque
1435,1562,3758.63,2025-10-23,NEFT
1436,1563,24797.38,2026-01-16,NEFT
1437,1564,8854.5,2026-03-31,UPI
1438,1565,22665.89,2026-07-06,Cheque
1439,1567,12414.83,2026-01-06,Cheque
1440,1568,30053.64,2025-06-16,NEFT
1441,1569,9085.63,2026-02-07,NEFT
1442,1570,16620.25,2025-12-04,UPI
1443,1571,12730.91,2025-07-30,UPI
1444,1572,4285.34,2025-08-20,Cheque
1445,1573,5628.1,2026-06-05,Cheque
1446,1574,23300.41,2026-05-17,NEFT
1447,1575,9085.63,2025-09-11,UPI
1448,1576,7435.75,2025-10-14,NEFT
1449,1578,12893.35,2025-05-27,UPI
1450,1579,24159.94,2026-06-13,UPI
1451,1580,15894.7,2026-01-25,NEFT
1452,1581,20340.33,2025-07-22,UPI
1453,1582,3108.89,2026-04-29,NEFT
1454,1583,3093.02,,NEFT
1455,1584,5051.77,2025-11-09,NEFT
1456,1585,15290.63,2026-06-18,Cheque
1457,1586,1460.0,2025-08-28,Cheque
1458,1587,13023.44,2026-04-22,NEFT
1459,1588,19876.6,2025-06-23,UPI
1460,1589,11051.47,2026-02-24,UPI
1461,1590,18984.6,2026-05-17,Cheque
1462,1591,6369.36,2025-11-14,UPI
1463,1593,2277.56,2025-09-01,UPI
1464,1594,2525.3,,Cheque
1465,1596,24668.82,2025-11-29,NEFT
1466,1597,13681.79,2026-05-25,NEFT
1467,1598,33127.07,2026-04-26,Cheque
1468,1599,6710.93,2025-06-22,UPI
1469,1600,14950.8,2025-06-11,Cheque
1470,1601,4291.44,2026-01-29,UPI
1471,1602,18257.5,2025-09-22,UPI
1472,1603,6852.45,2026-04-27,Cheque
1473,1604,8124.33,2026-04-16,Cheque
1474,1605,41966.22,2025-06-08,UPI
1475,1606,12215.76,2025-11-06,UPI
1476,1607,4064.26,2026-06-11,NEFT
1477,1608,2370.82,2025-12-23,Cheque
1478,1609,8621.65,2026-05-11,NEFT
1479,1610,23415.96,2026-02-03,UPI
1480,1611,3365.64,2026-07-31,NEFT
1481,1612,32711.29,2026-03-06,Cheque
1482,1613,6487.69,,UPI
1483,1614,10569.78,,NEFT
1484,1615,9033.83,2025-05-27,UPI
1485,1616,34023.22,2026-03-03,Cheque
1486,1617,3191.96,2026-07-16,Cheque
1487,1618,11234.6,2025-12-09,Cheque
1488,1619,7227.07,2025-11-14,Cheque
1489,1620,8133.04,,Cheque
1490,1621,19586.99,2025-09-09,Cheque
1491,1622,6347.16,2026-04-18,Cheque
1492,1623,7401.94,2025-11-18,UPI
1493,1624,5804.94,2026-02-11,UPI
1494,1625,45837.32,2026-01-08,UPI
1495,1626,3517.56,2025-08-26,UPI
1496,1627,28796.02,2025-06-06,Cheque
1497,1628,1124.61,,Cheque
1498,1630,7583.46,2025-10-25,NEFT
1499,1631,16090.89,2026-04-05,NEFT
1500,1632,42836.56,2025-11-27,NEFT
1501,1633,24027.75,2025-06-17,Cheque
1502,1634,13472.95,2025-06-23,UPI
1503,1635,1404.22,2025-08-09,Cheque
1504,1636,36458.91,2025-12-03,NEFT
1505,1637,24146.0,2025-10-24,Cheque
1506,1638,1360.4,2026-07-17,NEFT
1507,1639,4930.25,2025-11-12,Cheque
1508,1640,17642.14,2025-05-23,UPI
1509,1641,12509.21,2026-07-31,UPI
1510,1642,7387.84,,Cheque
1511,1643,17141.54,2025-06-12,Cheque
1512,1644,25431.52,2025-08-19,Cheque
1513,1645,9794.73,2025-11-07,NEFT
1514,1646,13743.12,2026-07-31,NEFT
1515,1648,33740.35,2025-06-16,UPI
1516,1649,22982.65,2025-11-09,Cheque
1517,1650,1969.92,2026-07-31,NEFT
1518,1651,3934.32,2025-10-29,UPI
1519,1652,5102.34,2025-10-21,NEFT
1520,1653,7049.49,2025-07-01,Cheque
1521,1654,20082.38,2026-07-27,UPI
1522,1655,1579.69,2025-07-21,NEFT
1523,1656,4257.69,2026-02-23,NEFT
1524,1657,4511.29,2025-06-12,Cheque
1525,1658,26077.68,2026-05-11,Cheque
1526,1659,4017.15,2025-12-11,NEFT
1527,1660,33488.83,2026-05-02,NEFT
1528,1661,1825.92,2025-11-17,UPI
1529,1662,15678.96,2026-03-03,Cheque
1530,1663,6392.57,2025-07-03,UPI
1531,1664,13525.12,2026-04-05,UPI
1532,1665,14296.24,2026-06-28,Cheque
1533,1666,5705.58,2026-04-03,NEFT
1534,1667,40411.92,2026-04-27,Cheque
1535,1668,15658.83,2026-05-06,Cheque
1536,1669,18035.37,2025-09-04,NEFT
1537,1671,17284.0,2026-05-20,UPI
1538,1672,16404.54,2025-12-14,Cheque
1539,1674,5318.48,2026-02-14,NEFT
1540,1675,16183.64,2026-03-22,NEFT
1541,1676,13019.65,2025-09-13,Cheque
1542,1677,15306.16,2026-07-06,NEFT
1543,1678,46133.8,2025-06-17,NEFT
1544,1679,3651.42,2026-02-27,UPI
1545,1680,2913.79,2025-12-13,NEFT
1546,1682,7429.01,2025-06-01,Cheque
1547,1683,11010.58,2025-06-08,UPI
1548,1684,11139.55,2025-11-30,UPI
1549,1686,18449.28,2025-07-04,UPI
1550,1687,34968.34,2025-09-22,NEFT
1551,1688,2296.66,2026-07-31,Cheque
1552,1689,11794.34,2026-03-11,UPI
1553,1690,1646.35,,Cheque
1554,1691,3110.4,2025-09-06,UPI
1555,1692,7867.64,2025-05-27,UPI
1556,1693,3541.95,2025-12-29,Cheque
1557,1695,3303.21,2025-12-03,NEFT
1558,1696,6925.04,2026-01-23,UPI
1559,1698,3344.23,2025-06-12,UPI
1560,1699,35476.97,2025-12-29,Cheque
1561,1701,36445.12,2026-01-16,NEFT
1562,1702,2090.14,2025-10-04,UPI
1563,1703,3843.6,2025-12-30,UPI
1564,1704,7192.29,2025-06-23,Cheque
1565,1705,22951.68,2025-07-23,NEFT
1566,1706,1133.9,,NEFT
1567,1707,23498.68,2026-07-31,UPI
1568,1708,9673.69,2026-05-19,UPI
1569,1709,7233.81,2026-07-12,NEFT
1570,1710,7172.64,2025-05-17,UPI
1571,1711,21984.26,2025-07-26,UPI
1572,1712,12159.08,2026-03-31,UPI
1573,1713,28750.81,2025-07-16,Cheque
1574,1714,12509.21,2026-04-03,Cheque
1575,1715,3719.38,2025-10-10,UPI
1576,1716,44679.0,2025-07-29,Cheque
1577,1717,27409.8,2025-07-08,UPI
1578,1718,4511.29,2026-01-04,UPI
1579,1719,37489.28,2026-01-29,Cheque
1580,1721,18799.6,2025-10-31,UPI
1581,1722,27997.93,2025-11-03,NEFT
1582,1723,5510.22,2025-10-06,UPI
1583,1724,11300.18,2026-07-19,UPI
1584,1725,2756.69,2026-02-12,Cheque
1585,1726,4319.18,2025-11-20,UPI
1586,1728,4499.36,2026-03-12,UPI
1587,1729,17680.56,2025-11-29,UPI
1588,1730,897.83,2025-09-04,NEFT
1589,1731,19133.75,2026-07-08,UPI
1590,1732,19163.17,2025-07-24,Cheque
1591,1733,11530.8,2026-06-10,Cheque
1592,1734,6458.97,2026-07-24,NEFT
1593,1735,10131.19,2025-07-09,UPI
1594,1736,12259.03,2026-07-31,NEFT
1595,1737,11380.95,2026-07-18,NEFT
1596,1738,5502.97,2025-10-03,Cheque
1597,1739,16878.67,2026-06-08,NEFT
1598,1740,5933.73,2026-03-24,UPI
1599,1741,3346.01,2026-01-06,NEFT
1600,1742,11390.76,2026-05-01,NEFT
1601,1743,2331.85,2026-03-22,Cheque
1602,1744,4817.53,2026-05-05,NEFT
1603,1745,13860.77,2025-08-31,NEFT
1604,1746,18186.96,2025-05-27,UPI
1605,1747,47848.16,2025-08-01,NEFT
1606,1748,6371.86,2026-02-18,NEFT
1607,1749,4382.34,2026-02-05,UPI
1608,1750,17164.29,2025-11-01,Cheque
1609,1751,27884.55,2026-03-30,NEFT
1610,1752,10788.17,2025-10-28,Cheque
1611,1753,8330.88,2025-10-28,Cheque
1612,1754,17419.3,2026-07-21,UPI
1613,1755,1300.25,,NEFT
1614,1756,17310.97,2026-02-08,NEFT
1615,1757,15263.27,2026-03-15,Cheque
1616,1758,10778.77,2026-07-31,UPI
1617,1759,5233.44,2025-08-04,UPI
1618,1760,8521.96,2026-02-23,UPI
1619,1763,3633.36,2026-05-03,NEFT
1620,1764,28817.0,2025-08-09,NEFT
1621,1765,1081.85,2025-10-31,UPI
1622,1766,9219.78,2025-11-03,UPI
1623,1767,3173.58,2025-07-16,UPI
1624,1768,4381.8,2026-07-02,UPI
1625,1769,40499.7,2025-07-11,Cheque
1626,1770,612.39,,Cheque
1627,1771,1438.5,2025-06-07,UPI
1628,1772,23057.12,2025-06-13,Cheque
1629,1773,18744.64,2025-12-03,UPI
1630,1775,2306.43,2025-08-07,NEFT
1631,1776,21968.25,2025-11-25,Cheque
1632,1777,21224.76,2026-02-05,Cheque
1633,1778,51870.6,2025-06-30,UPI
1634,1779,24580.86,2025-11-07,UPI
1635,1780,12183.34,2025-11-25,NEFT
1636,1781,25766.59,2026-06-20,NEFT
1637,1782,16033.88,2025-09-23,Cheque
1638,1783,13535.6,2026-06-06,Cheque
1639,1785,13727.2,2026-07-06,UPI
1640,1786,12378.76,2025-07-03,Cheque
1641,1787,18801.39,2026-07-31,Cheque
1642,1788,17525.64,2026-04-04,Cheque
1643,1789,14304.8,2025-08-01,NEFT
1644,1791,15703.04,2025-12-17,NEFT
1645,1792,1575.99,,UPI
1646,1793,3647.83,2026-06-29,NEFT
1647,1794,14046.62,2025-06-29,UPI
1648,1796,5464.38,2026-05-02,Cheque
1649,1797,8281.85,2026-02-18,NEFT
1650,1798,1142.85,,NEFT
1651,1799,9256.53,2026-03-04,UPI
1652,1800,14673.78,2025-10-22,Cheque
1653,1801,26805.45,2025-10-12,NEFT
1654,1802,5048.73,2026-07-27,UPI
1655,1803,14941.55,2025-07-30,NEFT
1656,1804,1586.47,2025-08-09,UPI
1657,1805,17218.29,2025-10-18,UPI
1658,1807,5336.48,2025-10-29,NEFT
1659,1809,5081.41,,UPI
1660,1810,22682.75,2025-09-11,Cheque
1661,1811,9693.56,2026-06-10,Cheque
1662,1813,12509.21,2026-05-18,NEFT
1663,1814,10334.99,2025-06-30,Cheque
1664,1815,5735.62,2026-01-13,Cheque
1665,1816,1448.15,2025-06-16,Cheque
1666,1817,8302.24,2025-11-27,UPI
1667,1818,23982.45,2025-09-29,Cheque
1668,1820,1148.68,,UPI
1669,1821,13844.7,2025-10-21,UPI
1670,1822,8195.36,2026-07-02,NEFT
1671,1823,43275.02,2026-02-11,NEFT
1672,1824,13549.44,2026-01-22,UPI
1673,1825,42106.38,2026-07-15,Cheque
1674,1826,1038.98,2025-08-27,NEFT
1675,1828,10307.34,2025-05-10,UPI
1676,1829,458.86,,NEFT
1677,1830,358.04,,Cheque
1678,1832,8023.74,2025-10-06,Cheque
1679,1833,1638.79,2025-12-03,NEFT
1680,1834,40101.19,2026-07-16,NEFT
1681,1835,9592.97,2026-02-08,UPI
1682,1836,4116.0,2025-10-14,UPI
1683,1837,2967.88,2025-07-31,UPI
1684,1838,37003.23,2026-06-17,Cheque
1685,1839,25610.93,2026-05-19,UPI
1686,1840,13313.02,2025-09-07,UPI
1687,1842,1487.15,2026-01-19,NEFT
1688,1844,1848.88,2025-12-08,Cheque
1689,1845,6370.11,2025-10-01,Cheque
1690,1847,3011.92,2025-12-23,NEFT
1691,1848,11214.96,2025-08-26,NEFT
1692,1849,13875.7,2026-06-02,UPI
1693,1850,29596.8,2026-01-10,NEFT
1694,1851,12636.21,2026-02-24,UPI
1695,1852,34722.77,2025-06-08,Cheque
1696,1853,5508.88,2026-07-11,UPI
1697,1854,9368.65,2026-06-19,NEFT
1698,1855,41189.0,2025-12-20,Cheque
1699,1856,21870.61,2025-11-06,Cheque
1700,1857,6622.35,2025-06-14,Cheque
1701,1858,2814.48,2025-07-07,Cheque
1702,1859,2044.48,2025-07-04,NEFT
1703,1862,3082.85,2025-08-12,UPI
1704,1864,6131.41,2025-09-18,UPI
1705,1865,19288.05,2025-10-16,Cheque
1706,1866,30203.34,2025-07-09,Cheque
1707,1867,3943.4,2025-06-26,Cheque
1708,1868,11999.82,2025-10-18,Cheque
1709,1869,871.81,,Cheque
1710,1870,3206.3,2026-03-15,UPI
1711,1871,9398.27,2026-05-23,NEFT
1712,1872,6443.99,2025-12-17,Cheque
1713,1873,15384.37,2025-12-29,NEFT
1714,1874,17527.2,2026-04-05,UPI
1715,1875,2943.3,2026-07-31,UPI
1716,1876,5112.1,2025-08-04,NEFT
1717,1877,6182.21,2026-01-15,UPI
1718,1878,1845.76,2026-04-24,UPI
1719,1879,1611.31,2025-11-30,Cheque
1720,1880,11871.5,2026-04-27,NEFT
1721,1881,4924.59,2025-11-04,Cheque
1722,1882,18925.25,2026-07-31,Cheque
1723,1883,23315.59,2025-08-06,Cheque
1724,1884,5352.59,2025-10-12,NEFT
1725,1885,19368.03,2026-05-12,UPI
1726,1886,6323.68,2025-06-23,Cheque
1727,1887,10443.25,2026-07-06,NEFT
1728,1888,9793.48,2026-07-31,NEFT
1729,1889,1739.26,2026-03-09,NEFT
1730,1890,10189.07,2025-08-30,NEFT
1731,1891,8862.75,2026-02-09,UPI
1732,1892,22416.29,2026-07-31,Cheque
1733,1894,19956.7,2025-08-12,NEFT
1734,1896,13889.11,2026-01-02,UPI
1735,1897,2632.19,2026-04-20,NEFT
1736,1898,11214.96,2025-06-07,UPI
1737,1899,2181.34,,Cheque
1738,1900,4080.74,2026-07-20,NEFT
1739,1901,2182.48,,Cheque
1740,1902,3222.35,2025-09-07,UPI
1741,1903,4275.43,,Cheque
1742,1904,1532.33,2025-11-10,UPI
1743,1905,2791.47,,UPI
1744,1907,7379.77,2026-01-29,Cheque
1745,1908,3481.67,2025-08-19,UPI
1746,1909,11264.81,2026-07-29,NEFT
1747,1910,14891.55,2026-04-14,UPI
1748,1911,4408.99,2025-07-24,Cheque
1749,1912,44662.1,2025-10-11,NEFT
1750,1913,3668.34,2026-05-30,NEFT
1751,1914,19409.39,2025-08-30,NEFT
1752,1915,20071.56,2026-06-24,NEFT
1753,1916,20568.58,2025-11-22,Cheque
1754,1918,1493.06,,Cheque
1755,1919,26919.5,2025-07-13,UPI
1756,1920,22133.41,2025-10-13,UPI
1757,1921,9326.96,2026-03-14,UPI
1758,1922,29247.6,2025-07-04,UPI
1759,1923,18464.24,2026-02-21,UPI
1760,1924,15938.1,2025-08-12,Cheque
1761,1925,13559.3,2026-04-14,NEFT
1762,1926,2466.51,2025-12-31,NEFT
1763,1927,26874.68,2025-07-25,UPI
1764,1929,31780.22,2025-08-07,Cheque
1765,1930,7891.93,2026-06-04,UPI
1766,1931,26874.68,2026-05-05,Cheque
1767,1932,8431.78,2025-08-03,Cheque
1768,1933,5184.0,2026-03-08,UPI
1769,1934,5158.12,2025-09-03,NEFT
1770,1935,24409.42,2025-11-16,UPI
1771,1936,3856.26,2026-05-15,Cheque
1772,1937,11078.27,2026-05-06,Cheque
1773,1938,14025.72,2026-05-20,NEFT
1774,1939,5032.0,2026-07-31,NEFT
1775,1940,7304.47,2025-10-13,Cheque
1776,1941,25764.86,2026-04-06,NEFT
1777,1942,3277.44,2025-11-28,UPI
1778,1943,5378.92,2026-05-09,UPI
1779,1944,11524.92,2026-04-24,UPI
1780,1945,17491.37,2026-07-31,NEFT
1781,1946,16765.48,2025-09-14,Cheque
1782,1947,32891.76,2026-07-28,NEFT
1783,1948,18067.67,2026-03-02,NEFT
1784,1949,24953.42,2025-10-15,UPI
1785,1950,20791.15,2026-06-05,Cheque
1786,1951,12396.3,2026-07-14,NEFT
1787,1953,29152.03,2026-03-09,Cheque
1788,1955,6955.81,2026-01-12,Cheque
1789,1956,18444.51,2025-06-15,Cheque
1790,1957,38481.31,2026-07-05,NEFT
1791,1958,3215.03,2025-10-17,Cheque
1792,1959,6565.77,2025-07-29,Cheque
1793,1960,888.3,2026-06-12,NEFT
1794,1961,10629.42,2025-06-20,NEFT
1795,1962,11714.59,2026-07-03,UPI
1796,1963,27752.15,2026-06-07,UPI
1797,1964,11727.25,2025-10-20,NEFT
1798,1965,5860.71,2025-07-25,Cheque
1799,1966,1448.15,2026-06-06,NEFT
1800,1967,46802.32,2025-08-10,Cheque
1801,1968,3752.07,2026-05-12,Cheque
1802,1969,6298.56,2025-10-29,NEFT
1803,1970,2542.56,2025-12-21,NEFT
1804,1971,47284.81,2026-07-09,NEFT
1805,1972,7289.0,2025-11-24,Cheque
1806,1973,6831.3,2025-05-25,Cheque
1807,1974,6080.31,2026-02-27,Cheque
1808,1976,2306.28,2025-07-04,NEFT
1809,1977,4244.69,2026-03-10,NEFT
1810,1979,6528.26,2025-10-27,NEFT
1811,1980,5167.46,2025-08-09,Cheque
1812,1981,5318.48,2026-03-21,Cheque
1813,1982,3843.6,2025-05-09,UPI
1814,1983,1116.97,,UPI
1815,1985,6951.12,2025-09-23,UPI
1816,1986,21248.48,2026-06-30,UPI
1817,1987,1186.04,2025-09-01,Cheque
1818,1988,16419.28,2025-06-29,NEFT
1819,1989,4016.8,2025-09-20,NEFT
1820,1990,4164.02,2025-07-16,UPI
1821,1992,3623.15,2025-11-11,NEFT
1822,1993,16848.35,2026-03-26,NEFT
1823,1994,4394.62,2025-09-08,UPI
1824,1995,17928.59,2026-05-12,NEFT
1825,1996,3462.09,2025-09-10,Cheque
1826,1997,2626.56,2026-06-28,Cheque
1827,1998,3934.32,2026-04-18,NEFT
1828,1999,8707.57,2026-01-07,NEFT
1829,2000,16911.84,2025-08-11,UPI
1830,2002,21350.33,2025-11-04,NEFT
1831,2004,16529.52,2026-04-13,NEFT
1832,2005,21410.18,2025-07-23,UPI
1833,2006,42915.69,2025-06-21,Cheque
1834,2007,11794.31,2025-09-06,NEFT
1835,2008,19021.97,2026-01-24,NEFT
1836,2009,2244.73,2025-06-28,Cheque
1837,2010,3644.76,2026-04-02,NEFT
1838,2011,6824.96,2026-04-14,UPI
1839,2013,4226.36,,Cheque
1840,2014,7788.4,2026-03-12,NEFT
1841,2015,6236.47,2026-02-24,NEFT
1842,2017,6951.12,2026-07-27,UPI
1843,2018,30930.2,2025-12-06,NEFT
1844,2019,28919.35,2026-07-18,UPI
1845,2020,5899.76,2026-01-05,NEFT
1846,2021,2473.23,2025-05-29,NEFT
1847,2022,7635.69,2026-07-02,Cheque
1848,2023,42441.96,2026-07-27,Cheque
1849,2024,13046.76,2025-07-19,UPI
1850,2025,45663.05,2025-06-24,Cheque
1851,2026,4587.74,2026-03-13,UPI
1852,2027,7090.2,2026-01-11,Cheque
1853,2028,12341.58,2025-12-21,NEFT
1854,2029,13961.01,2025-11-29,NEFT
1855,2030,49513.75,2025-06-24,Cheque
1856,2031,2128.81,2025-07-18,UPI
1857,2033,1882.45,2026-01-11,Cheque
1858,2034,16573.66,2025-07-14,Cheque
1859,2035,17001.38,2025-06-13,UPI
1860,2036,5746.93,2026-06-25,NEFT
1861,2037,35461.08,2025-10-13,UPI
1862,2038,162.69,,UPI
1863,2039,4829.2,2025-10-03,NEFT
1864,2040,8325.42,2025-05-29,Cheque
1865,2041,3342.85,,UPI
1866,2042,23648.98,2026-05-08,UPI
1867,2043,15069.58,2026-07-25,Cheque
1868,2044,17582.14,2026-06-07,Cheque
1869,2045,16143.12,2026-03-10,UPI
1870,2046,5264.38,2026-05-17,UPI
1871,2047,10889.37,2025-08-04,UPI
1872,2049,28712.76,2026-01-07,Cheque
1873,2051,21218.12,2026-07-31,Cheque
1874,2052,1676.4,2026-06-04,NEFT
1875,2053,12053.53,2026-07-16,NEFT
1876,2054,2549.12,,NEFT
1877,2055,5227.82,2025-10-28,NEFT
1878,2056,31250.49,2025-08-02,NEFT
1879,2057,10046.96,2025-12-13,Cheque
1880,2058,23698.58,2025-12-31,NEFT
1881,2059,874.38,2025-10-02,UPI
1882,2060,9743.12,2026-07-31,NEFT
1883,2061,18186.23,2025-08-15,UPI
1884,2062,22137.65,2026-01-03,UPI
1885,2063,9533.58,2026-04-03,UPI
1886,2064,7303.91,2025-05-20,Cheque
1887,2065,2938.94,2025-12-06,NEFT
1888,2066,29600.78,2026-03-16,NEFT
1889,2067,5160.6,2026-05-05,Cheque
1890,2070,2961.0,2026-02-03,UPI
1891,2071,4135.95,2025-06-13,NEFT
1892,2072,19805.5,2026-03-04,UPI
1893,2073,4174.22,2025-07-20,NEFT
1894,2074,27907.36,2025-05-30,NEFT
1895,2075,8759.13,2026-03-17,Cheque
1896,2076,22344.23,2025-08-19,NEFT
1897,2077,1888.7,2026-01-30,NEFT
1898,2078,2213.76,2025-07-01,Cheque
1899,2079,20524.75,2026-02-11,NEFT
1900,2080,702.15,,Cheque
1901,2081,2068.93,,Cheque
1902,2082,15465.81,2025-06-05,Cheque
1903,2083,9113.76,2025-06-17,NEFT
1904,2084,4598.32,2026-01-06,Cheque
1905,2085,1703.02,2025-08-18,NEFT
1906,2086,17193.42,2026-06-15,NEFT
1907,2087,4188.89,2026-02-11,UPI
1908,2088,4166.75,2026-04-08,UPI
1909,2089,31097.01,2026-07-25,NEFT
1910,2090,21102.88,2026-07-31,Cheque
1911,2091,4431.34,,NEFT
1912,2092,20183.58,2026-03-09,NEFT
1913,2093,13560.22,2026-05-26,Cheque
1914,2094,6525.56,2025-12-18,UPI
1915,2095,9224.64,2026-03-02,UPI
1916,2097,5494.84,2025-08-16,NEFT
1917,2098,2776.07,2026-07-13,Cheque
1918,2099,5784.39,2026-01-09,NEFT
1919,2101,10441.0,2026-05-16,UPI
1920,2102,7189.82,2026-04-01,Cheque
1921,2103,709.47,,NEFT
1922,2105,2027.41,2025-05-24,NEFT
1923,2106,14167.82,2025-08-18,UPI
1924,2107,2277.32,,Cheque
1925,2108,1482.88,2026-04-11,NEFT
1926,2109,10787.8,2026-06-01,Cheque
1927,2110,8723.41,2026-06-23,UPI
1928,2111,6939.27,,UPI
1929,2112,1450.89,2025-05-18,NEFT
1930,2113,721.05,,Cheque
1931,2114,14879.01,2025-06-04,Cheque
1932,2115,2910.37,2025-11-28,NEFT
1933,2116,3941.59,2025-09-23,UPI
1934,2117,7303.0,2025-11-20,UPI
1935,2118,34709.64,2025-08-29,UPI
1936,2119,5052.56,2026-03-13,Cheque
1937,2120,3497.6,2025-06-07,NEFT
1938,2121,11611.65,2026-01-15,UPI
1939,2122,2073.6,2026-07-31,UPI
1940,2124,18620.19,2026-05-25,Cheque
1941,2125,13918.59,2025-06-10,UPI
1942,2126,2070.24,,UPI
1943,2127,25997.86,2026-06-16,NEFT
1944,2128,14449.68,2025-06-05,Cheque
1945,2129,2050.3,,NEFT
1946,2130,1213.91,2025-11-10,NEFT
1947,2131,1859.73,2026-02-03,UPI
1948,2132,13153.59,2026-06-13,NEFT
1949,2133,17706.32,2025-08-15,Cheque
1950,2134,16209.15,2025-08-19,Cheque
1951,2135,5875.2,2025-07-06,Cheque
1952,2136,4456.26,2025-10-19,UPI
1953,2138,16376.25,2025-06-10,NEFT
1954,2139,1421.82,2025-07-28,NEFT
1955,2140,1834.51,2026-05-02,UPI
1956,2141,126.3,,UPI
1957,2142,9209.08,2025-06-12,Cheque
1958,2143,5163.85,,NEFT
1959,2145,16239.26,2025-11-06,UPI
1960,2146,6528.26,2025-10-04,NEFT
1961,2147,14338.86,2026-07-31,NEFT
1962,2148,27407.63,2025-12-02,Cheque
1963,2149,9930.32,2026-07-31,Cheque
1964,2150,9710.61,2025-12-19,Cheque
1965,2151,3545.1,2026-03-28,UPI
1966,2152,1232.55,,UPI
1967,2153,6023.84,2026-03-22,Cheque
1968,2154,3191.96,2025-12-23,NEFT
1969,2155,19599.04,2026-07-08,Cheque
1970,2156,16664.25,2025-08-07,NEFT
1971,2157,2603.4,2026-05-16,NEFT
1972,2158,4466.0,2026-04-26,NEFT
1973,2159,6765.98,2026-07-31,NEFT
1974,2160,8117.12,2025-12-24,NEFT
1975,2161,11532.92,2025-09-21,UPI
1976,2162,2500.58,2026-01-29,UPI
1977,2163,6107.88,2025-10-23,NEFT
1978,2164,4686.12,2025-06-18,NEFT
1979,2165,12053.53,2026-06-13,UPI
1980,2166,29004.86,2025-05-29,Cheque
1981,2168,21988.38,2025-11-12,Cheque
1982,2170,2120.73,2026-07-31,NEFT
1983,2171,10715.59,2025-06-06,UPI
1984,2172,24845.3,2026-04-25,UPI
1985,2173,20551.51,2025-11-20,Cheque
1986,2174,7084.63,2026-05-29,UPI
1987,2175,19529.48,2025-10-04,NEFT
1988,2176,9000.69,2026-02-28,NEFT
1989,2177,10283.36,2026-05-02,Cheque
1990,2178,4017.15,2026-06-13,UPI
1991,2179,32275.0,2026-03-15,Cheque
1992,2180,23761.32,2026-06-19,Cheque
1993,2182,5219.61,2026-07-28,UPI
1994,2183,12414.83,2025-09-07,NEFT
1995,2184,40499.7,2025-10-19,UPI
1996,2185,16421.1,2025-12-10,NEFT
1997,2186,23651.31,2026-06-10,UPI
1998,2187,24186.38,2026-07-08,UPI
1999,2188,5502.6,2026-04-13,NEFT
2000,2189,24801.98,2026-05-26,Cheque
2001,2190,5803.7,2025-12-23,UPI
2002,2191,4690.8,2026-05-06,NEFT
2003,2192,23766.6,2026-01-15,NEFT
2004,2193,4141.39,2025-10-24,Cheque
2005,2194,5233.44,2026-07-27,NEFT
2006,2195,3177.0,,NEFT
2007,2196,34368.46,2025-08-08,NEFT
2008,2197,6655.91,2025-09-24,Cheque
2009,2199,3386.88,2026-03-07,UPI
2010,2200,46861.6,2025-11-10,UPI
2011,2201,4227.01,2026-03-07,UPI
2012,2202,16987.34,2026-02-26,Cheque
2013,2203,20896.36,2025-12-27,NEFT
2014,2204,5209.92,2025-11-15,Cheque
2015,2205,3984.05,2026-07-20,UPI
2016,2206,338.68,,Cheque
2017,2207,15806.22,2025-09-02,UPI
2018,2208,9930.32,2026-04-02,Cheque
2019,2209,16046.84,2025-11-25,UPI
2020,2210,1448.15,2026-03-24,Cheque
2021,2211,1825.98,2026-03-29,UPI
2022,2212,2297.74,2025-05-26,Cheque
2023,2213,33647.1,2026-04-16,UPI
2024,2214,42538.86,2025-12-13,UPI
2025,2215,11684.8,2026-02-01,NEFT
2026,2216,28689.93,2026-02-02,NEFT
2027,2217,19208.2,2025-07-01,Cheque
2028,2218,45381.76,2026-01-02,Cheque
2029,2219,40279.66,2025-10-01,UPI
2030,2220,17816.37,2026-02-17,NEFT
2031,2221,12998.93,2025-05-23,Cheque
2032,2222,4431.58,2025-11-23,UPI
2033,2224,10013.36,2025-06-26,Cheque
2034,2225,17536.17,2025-07-12,NEFT
2035,2226,3843.6,2026-07-26,NEFT
2036,2227,10602.18,2025-07-28,Cheque
2037,2228,30375.36,2026-07-22,NEFT
2038,2229,7170.94,2026-06-13,UPI
2039,2230,13829.67,2025-06-21,Cheque
2040,2231,16196.62,2025-08-26,UPI
2041,2232,9341.45,2026-05-06,Cheque
2042,2233,13430.8,2026-05-18,Cheque
2043,2234,2132.58,2025-08-17,Cheque
2044,2235,16419.8,2026-07-23,Cheque
2045,2236,19876.99,2026-04-09,UPI
2046,2237,1774.8,,Cheque
2047,2238,7101.63,2026-04-29,Cheque
2048,2239,30203.34,2026-02-21,Cheque
2049,2240,2767.18,,Cheque
2050,2241,7153.31,2025-08-05,UPI
2051,2242,2370.82,2025-07-09,UPI
2052,2243,20261.03,2026-07-17,UPI
2053,2244,15270.41,2026-05-29,Cheque
2054,2245,30852.87,2026-06-08,Cheque
2055,2246,10845.01,2025-11-02,UPI
2056,2247,25211.03,2025-07-04,Cheque
2057,2248,2812.95,2026-03-31,NEFT
2058,2249,105.31,,UPI
2059,2251,15099.97,2026-03-16,Cheque
2060,2252,14693.92,2026-03-13,Cheque
2061,2253,13719.33,2026-07-03,Cheque
2062,2254,16067.22,2026-02-17,NEFT
2063,2255,19240.65,2025-12-10,Cheque
2064,2256,3622.78,2025-08-07,NEFT
2065,2257,17761.38,2025-11-06,UPI
2066,2258,8751.11,2025-11-01,NEFT
2067,2259,232.76,,NEFT
2068,2260,22492.83,2025-09-11,NEFT
2069,2261,10050.72,2026-04-02,NEFT
2070,2262,17582.14,2026-04-08,NEFT
2071,2263,2379.44,2026-07-31,Cheque
2072,2264,4749.77,,Cheque
2073,2265,35514.99,2026-02-22,Cheque
2074,2266,40886.18,2026-05-13,UPI
2075,2267,11184.88,2026-02-16,Cheque
2076,2268,2189.04,2026-01-18,NEFT
2077,2269,13589.55,2026-02-10,Cheque
2078,2270,3240.98,,UPI
2079,2271,16532.24,2025-05-29,Cheque
2080,2272,15728.07,2025-11-15,Cheque
2081,2273,7090.2,2025-06-23,UPI
2082,2274,3562.86,,UPI
2083,2275,7364.14,2026-03-28,UPI
2084,2276,10416.83,2026-04-18,UPI
2085,2277,10237.44,2025-06-25,NEFT
2086,2278,3701.25,2025-10-31,Cheque
2087,2279,5675.25,2026-06-21,NEFT
2088,2280,11930.98,2025-08-16,Cheque
2089,2281,4630.08,,NEFT
2090,2282,30442.03,2025-06-12,Cheque
2091,2283,18926.92,2026-05-20,UPI
2092,2284,14728.28,2026-03-15,UPI
2093,2285,19280.3,2025-09-03,Cheque
2094,2286,12416.03,2025-05-31,Cheque
2095,2287,1818.6,2026-04-11,Cheque
2096,2288,35476.97,2025-08-21,Cheque
2097,2289,13186.61,2026-03-03,NEFT
2098,2290,20573.92,2026-02-11,UPI
2099,2291,15015.67,2026-04-21,UPI
2100,2292,2528.47,2025-06-12,UPI
2101,2293,12454.02,2025-12-05,UPI
2102,2294,8536.32,2025-08-05,NEFT
2103,2295,5723.53,2025-08-05,Cheque
2104,2296,18666.95,2025-07-21,NEFT
2105,2297,16765.48,2025-08-24,Cheque
2106,2298,19052.14,2026-03-24,UPI
2107,2299,3578.47,2025-06-30,UPI
2108,2300,8784.98,,NEFT
2109,2301,1788.33,2025-06-04,NEFT
2110,2302,9000.69,2026-05-12,Cheque
2111,2303,5001.16,2025-08-29,UPI
2112,2304,45837.32,2025-05-28,Cheque
2113,2305,6174.38,2026-02-11,UPI
2114,2307,26101.11,2026-02-05,NEFT
2115,2308,3322.28,2025-11-13,UPI
2116,2310,16310.86,2026-07-23,UPI
2117,2311,8815.11,2026-01-27,UPI
2118,2312,19331.51,2026-01-02,NEFT
2119,2313,35740.6,2025-09-23,UPI
2120,2314,35280.36,2025-06-12,Cheque
2121,2315,40902.75,2026-04-27,NEFT
2122,2316,19163.17,2025-12-19,Cheque
2123,2317,32463.67,2026-07-24,Cheque
2124,2318,42280.6,2026-07-28,UPI
2125,2319,1986.86,2025-06-22,NEFT
2126,2320,14896.15,2026-03-09,UPI
2127,2321,33669.35,2026-01-18,UPI
2128,2322,32133.26,2026-06-06,UPI
2129,2323,9753.26,,NEFT
2130,2324,8830.63,2026-02-13,NEFT
2131,2325,4832.3,2026-05-15,UPI
2132,2326,8309.69,2025-12-25,NEFT
2133,2327,6941.23,2026-07-31,NEFT
2134,2329,5786.03,2025-12-07,NEFT
2135,2330,26254.43,2026-02-22,Cheque
2136,2331,1728.0,2025-09-23,UPI
2137,2332,8621.65,2025-11-23,NEFT
2138,2333,9177.06,2026-01-04,UPI
2139,2334,9843.56,2026-01-31,UPI
2140,2335,971.13,2025-06-12,NEFT
2141,2336,9169.99,2025-06-01,NEFT
2142,2337,4971.14,2026-02-26,Cheque
2143,2338,5900.26,2025-08-25,NEFT
2144,2339,15500.92,2025-07-03,NEFT
2145,2340,8387.2,2025-08-22,UPI
2146,2341,22706.64,2025-10-03,NEFT
2147,2342,36601.37,2025-09-16,NEFT
2148,2343,29449.98,2026-03-05,Cheque
2149,2344,27914.51,2025-12-22,Cheque
2150,2345,5050.43,2026-06-10,NEFT
2151,2347,5117.76,2026-06-29,NEFT
2152,2349,887.04,,UPI
2153,2350,21250.8,2026-01-23,NEFT
2154,2351,32255.89,2026-07-24,Cheque
2155,2353,567.68,,NEFT
2156,2354,24330.38,2025-11-15,UPI
2157,2355,4100.51,2026-01-19,NEFT
2158,2356,37330.86,2026-04-06,NEFT
2159,2357,14722.15,2026-07-31,UPI
2160,2358,10179.57,2026-04-17,Cheque
2161,2359,16870.18,2026-02-24,NEFT
2162,2360,1277.8,2026-03-22,Cheque
2163,2361,17680.56,2026-03-11,Cheque
2164,2362,25564.31,2026-07-01,UPI
2165,2364,5206.8,2026-05-01,UPI
2166,2365,2683.38,2025-07-08,NEFT
2167,2366,21878.89,2025-07-17,UPI
2168,2367,3179.12,2025-10-01,NEFT
2169,2368,7687.2,2025-10-16,NEFT
2170,2370,6355.69,2026-02-15,UPI
2171,2371,27837.18,2025-06-17,UPI
2172,2372,13747.57,2026-02-24,UPI
2173,2373,5852.4,2025-07-11,NEFT
2174,2374,2189.04,2026-05-15,Cheque
2175,2375,10958.36,2026-01-12,UPI
2176,2376,17522.28,2026-01-04,Cheque
2177,2377,7578.52,2026-03-16,Cheque
2178,2379,22109.12,2026-02-03,NEFT
2179,2380,15041.86,2025-10-08,Cheque
2180,2381,1952.42,2025-12-27,Cheque
2181,2382,21015.47,2026-06-06,Cheque
2182,2383,12793.85,2025-11-18,UPI
2183,2384,6784.83,2025-06-02,NEFT
2184,2385,1875.58,2025-12-14,NEFT
2185,2386,3061.6,2026-01-16,NEFT
2186,2387,26473.88,2025-11-03,Cheque
2187,2388,36401.8,2025-09-17,NEFT
2188,2389,16911.84,2025-06-25,NEFT
2189,2390,3764.9,2026-01-06,NEFT
2190,2391,12803.01,2026-05-12,Cheque
2191,2392,32762.27,2026-04-24,Cheque
2192,2394,1916.19,2026-03-05,NEFT
2193,2395,15153.9,2025-11-29,Cheque
2194,2396,39667.98,2026-05-12,UPI
2195,2397,2466.28,2025-10-11,UPI
2196,2398,1788.33,2026-07-31,NEFT
2197,2399,2450.55,,UPI
2198,2400,16075.43,2026-03-14,NEFT
2199,2401,27440.28,2026-07-31,NEFT
2200,2402,3257.32,2025-08-15,UPI
2201,2404,6758.78,2026-05-20,Cheque
2202,2405,35311.36,2026-06-23,Cheque
2203,2406,23738.76,2026-07-16,Cheque
2204,2407,30243.66,2025-08-20,Cheque
2205,2408,10050.72,2026-03-01,Cheque
2206,2409,21776.56,2026-07-31,UPI
2207,2410,3709.01,2025-11-22,Cheque
2208,2411,8222.94,2025-07-12,UPI
2209,2412,9020.87,2025-07-28,NEFT
2210,2413,3405.15,2025-05-23,UPI
2211,2414,16143.12,2026-03-19,UPI
2212,2415,1115.52,2025-06-23,NEFT
2213,2416,12123.12,2026-02-23,UPI
2214,2417,7955.55,2025-12-23,UPI
2215,2418,30311.6,2025-05-15,Cheque
2216,2420,6840.89,2025-06-25,UPI
2217,2421,2044.48,2026-03-01,Cheque
2218,2422,4022.78,2026-05-18,UPI
2219,2423,19545.22,2025-06-26,UPI
2220,2424,11955.45,2026-07-31,NEFT
2221,2425,14221.28,2026-06-20,NEFT
2222,2426,1596.09,2025-07-31,Cheque
2223,2427,2298.79,2025-07-29,UPI
2224,2429,15822.96,2026-02-28,NEFT
2225,2430,1899.99,2026-02-13,UPI
2226,2431,2551.33,2025-05-14,NEFT
2227,2432,6369.41,2025-08-27,NEFT
2228,2433,5838.53,2026-01-27,Cheque
2229,2434,36877.92,2026-07-19,UPI
2230,2435,27867.24,2026-06-06,UPI
2231,2436,335.01,,Cheque
2232,2438,7287.03,2025-07-31,NEFT
2233,2439,19311.48,2025-06-10,NEFT
2234,2440,8880.69,2025-11-06,UPI
2235,2442,8851.56,2025-11-21,Cheque
2236,2443,9348.36,2025-10-07,Cheque
2237,2444,6481.68,,Cheque
2238,2445,18419.11,2025-06-04,UPI
2239,2446,2758.19,2026-04-24,NEFT
2240,2447,23982.45,2026-05-25,UPI
2241,2448,4727.37,,Cheque
2242,2449,20118.58,2025-09-27,NEFT
2243,2450,30697.68,2025-06-29,UPI
2244,2452,8222.94,2026-04-17,Cheque
2245,2453,18061.78,2025-07-05,UPI
2246,2454,25331.65,2025-11-07,NEFT
2247,2455,13123.63,2025-10-21,Cheque
2248,2456,18072.57,2025-12-23,Cheque
2249,2457,8378.11,2025-09-11,UPI
2250,2459,2230.01,,NEFT
2251,2460,2270.24,,UPI
2252,2462,18576.55,2026-07-06,UPI
2253,2463,2331.85,2025-08-21,Cheque
2254,2464,6509.83,2026-07-31,NEFT
2255,2465,18271.75,2025-06-05,UPI
2256,2466,42944.32,2026-04-30,Cheque
2257,2467,2895.16,2026-06-10,NEFT
2258,2468,43757.78,2025-11-24,NEFT
2259,2470,20451.45,2026-05-11,NEFT
2260,2471,4825.24,2026-03-04,Cheque
2261,2472,46219.16,2025-09-08,NEFT
2262,2473,25776.34,2026-05-19,UPI
2263,2474,2031.39,2026-06-11,Cheque
2264,2475,25431.52,2025-12-05,NEFT
2265,2476,14883.93,2025-12-06,Cheque
2266,2477,24845.3,2026-01-11,UPI
2267,2479,14313.88,2026-01-21,Cheque
2268,2480,16274.9,2025-06-16,UPI
2269,2481,18020.82,2025-06-17,UPI
2270,2482,3828.64,2025-10-13,Cheque
2271,2483,14545.23,2025-09-02,Cheque
2272,2484,12979.47,2026-01-20,UPI
2273,2485,10039.32,2025-05-30,Cheque
2274,2486,14396.2,2025-06-11,NEFT
2275,2488,45563.04,2026-01-07,Cheque
2276,2491,6888.21,2025-08-26,NEFT
2277,2492,30053.64,2026-03-05,NEFT
2278,2493,6304.37,2026-04-29,UPI
2279,2494,24679.98,2026-07-05,UPI
2280,2497,10602.18,2026-02-05,Cheque
2281,2498,6940.15,,NEFT
2282,2499,956.91,2026-05-16,NEFT
2283,2501,38192.74,2025-08-01,NEFT
2284,2503,21807.53,2025-10-12,NEFT
2285,2504,18001.38,2026-04-25,UPI
2286,2505,1363.41,2025-09-01,UPI
2287,2507,20020.89,2026-05-06,UPI
2288,2508,14913.42,2025-05-15,NEFT
2289,2509,4495.06,2025-12-22,Cheque
2290,2510,6718.36,,NEFT
2291,2512,11790.77,2025-10-06,NEFT
2292,2513,4511.55,2025-10-27,Cheque
2293,2514,16235.89,2026-01-11,Cheque
2294,2515,33002.52,2026-07-01,Cheque
2295,2516,1969.07,2025-11-12,UPI
2296,2517,18235.19,2025-06-10,UPI
2297,2518,7289.33,2025-08-31,UPI
2298,2519,2035.81,2026-07-31,UPI
2299,2520,15476.48,2025-11-18,Cheque
2300,2521,1302.89,,Cheque
2301,2522,8543.3,2026-01-29,NEFT
2302,2523,18059.28,2025-12-21,Cheque
2303,2525,6206.45,2026-02-28,Cheque
2304,2526,47354.88,2026-05-11,UPI
2305,2527,19498.4,2025-07-06,Cheque
2306,2528,39776.79,2026-03-02,Cheque
2307,2529,3207.31,,UPI
2308,2530,26265.88,2025-08-07,NEFT
2309,2531,31240.79,2026-05-19,UPI
2310,2532,17824.95,2025-10-26,Cheque
2311,2534,5960.59,2026-07-13,UPI
2312,2535,12963.0,2025-06-05,NEFT
2313,2536,2308.06,2025-10-13,UPI
2314,2537,7455.29,2025-12-14,NEFT
2315,2539,1564.5,,Cheque
2316,2540,16249.61,2025-08-06,UPI
2317,2541,4918.73,2026-07-26,Cheque
2318,2543,29318.4,2025-08-01,NEFT
2319,2544,2725.83,2026-07-31,NEFT
2320,2545,11759.43,2026-07-28,UPI
2321,2546,41007.83,2026-01-27,UPI
2322,2547,6928.41,2026-06-21,UPI
2323,2548,3742.68,2025-07-08,UPI
2324,2549,8717.65,2025-11-23,Cheque
2325,2550,13752.99,2025-09-26,Cheque
2326,2551,14902.52,2026-02-28,UPI
2327,2552,3945.21,2026-07-14,UPI
2328,2553,5843.64,2026-07-31,NEFT
2329,2554,19012.19,2026-02-20,Cheque
2330,2555,1544.86,2025-09-15,Cheque
2331,2556,18390.81,2025-10-04,Cheque
2332,2557,6322.26,,NEFT
2333,2558,49731.61,2026-07-31,UPI
2334,2559,10988.84,2026-07-03,Cheque
2335,2560,8462.34,2025-12-22,Cheque
2336,2561,17243.3,2025-09-28,Cheque
2337,2562,5502.97,2026-06-08,NEFT
2338,2563,26801.92,2026-01-24,UPI
2339,2564,4171.27,2026-04-26,Cheque
2340,2565,13674.9,2026-06-09,Cheque
2341,2566,35260.43,2026-05-08,Cheque
2342,2568,6671.64,2025-09-24,NEFT
2343,2569,20668.78,2025-08-26,Cheque
2344,2570,297.98,,Cheque
2345,2571,12258.41,2026-03-03,Cheque
2346,2572,7379.2,2025-07-15,Cheque
2347,2573,3045.42,2026-07-31,UPI
2348,2574,19779.91,2026-03-06,UPI
2349,2575,16143.12,2026-04-02,NEFT
2350,2576,2054.51,,Cheque
2351,2577,7251.52,2026-03-01,NEFT
2352,2578,2037.25,2026-01-05,NEFT
2353,2580,5339.24,2026-07-24,NEFT
2354,2582,39784.1,2026-07-31,Cheque
2355,2583,5581.44,2025-10-12,Cheque
2356,2584,26131.6,2025-06-29,NEFT
2357,2585,3129.19,2026-05-27,NEFT
2358,2586,450.76,2026-04-22,NEFT
2359,2587,4016.8,2025-06-09,NEFT
2360,2588,6656.51,2025-08-13,UPI
2361,2589,34805.84,2025-12-06,UPI
2362,2590,32640.39,2025-05-16,NEFT
2363,2591,38527.76,2025-12-04,UPI
2364,2592,7577.9,2026-04-22,UPI
2365,2594,24286.09,2026-02-21,Cheque
2366,2595,638.9,2026-02-03,NEFT
2367,2596,38527.76,2025-07-20,Cheque
2368,2598,4018.53,2026-06-03,NEFT
2369,2599,766.68,2026-01-13,Cheque
2370,2600,6638.64,2025-09-12,NEFT
2371,2601,1244.22,2026-07-15,NEFT
2372,2602,13747.38,2026-07-02,UPI
2373,2603,11126.25,2025-07-28,NEFT
2374,2604,22905.19,2026-03-02,NEFT
2375,2605,17402.73,2026-07-10,NEFT
2376,2606,11443.84,2026-01-21,UPI
2377,2607,470.89,,Cheque
2378,2608,44174.97,2025-12-13,Cheque
2379,2610,7010.24,2025-06-29,NEFT
2380,2611,3846.06,2025-07-28,UPI
2381,2612,17898.44,2026-02-25,UPI
2382,2613,44441.5,2025-11-28,UPI
2383,2614,11222.25,2026-04-26,UPI
2384,2616,27867.24,2026-07-31,NEFT
2385,2617,5158.93,2026-02-07,NEFT
2386,2618,8970.48,2026-01-31,UPI
2387,2619,3149.28,2025-10-29,Cheque
2388,2620,5072.32,2026-05-18,NEFT
2389,2621,14910.58,2026-01-10,UPI
2390,2622,7911.48,2025-08-03,Cheque
2391,2623,5328.35,2025-06-19,Cheque
2392,2624,21097.28,2026-01-10,UPI
2393,2625,16183.64,2026-06-24,UPI
2394,2626,34982.74,2026-01-27,UPI
2395,2627,6711.4,2025-07-02,NEFT
2396,2629,1914.32,2025-08-31,NEFT
2397,2630,25501.95,2026-07-25,Cheque
2398,2631,7622.24,2025-12-03,Cheque
2399,2632,2176.34,2025-11-28,NEFT
2400,2633,6267.01,2025-09-25,UPI
2401,2634,9493.9,2026-03-31,Cheque
2402,2635,5343.61,2025-06-01,NEFT
2403,2636,47996.82,2026-06-12,UPI
2404,2637,3344.23,2026-05-22,NEFT
2405,2638,6930.38,2026-04-01,NEFT
2406,2639,21781.21,2026-06-28,UPI
2407,2640,7811.79,2025-08-01,Cheque
2408,2641,4407.21,,Cheque
2409,2642,18418.17,2026-04-21,Cheque
2410,2643,8031.45,2026-03-04,Cheque
2411,2645,31955.39,2025-11-11,NEFT
2412,2646,33342.76,2025-10-25,Cheque
2413,2647,6315.81,2025-07-05,NEFT
2414,2650,3794.75,,Cheque
2415,2651,10758.97,2026-03-26,UPI
2416,2652,45552.65,2025-10-09,Cheque
2417,2653,41383.92,2026-02-08,NEFT
2418,2654,39108.52,2025-07-03,UPI
2419,2655,25610.93,2025-08-29,UPI
2420,2656,6947.6,,UPI
2421,2657,8570.67,2025-12-25,UPI
2422,2658,5634.31,2025-06-06,Cheque
2423,2659,19657.33,2025-09-20,Cheque
2424,2660,41688.08,2025-08-12,Cheque
2425,2661,6831.93,2026-03-29,NEFT
2426,2662,8486.08,2025-09-22,Cheque
2427,2663,5510.22,2026-06-06,UPI
2428,2664,13961.01,2026-06-01,Cheque
2429,2665,24744.16,2026-07-31,NEFT
2430,2666,16513.92,2025-09-22,NEFT
2431,2667,18045.54,2026-01-14,UPI
2432,2668,952.91,,NEFT
2433,2669,3094.25,2025-09-26,NEFT
2434,2670,21527.84,2026-02-17,UPI
2435,2671,13510.22,2025-10-10,NEFT
2436,2672,51258.42,2026-02-24,Cheque
2437,2673,7053.84,2026-07-04,Cheque
2438,2674,9516.55,2025-10-04,Cheque
2439,2675,1828.42,2026-03-27,NEFT
2440,2676,14569.44,2025-08-19,NEFT
2441,2677,13459.75,2026-07-04,NEFT
2442,2678,2850.77,2025-09-04,NEFT
2443,2679,6058.13,2026-04-24,NEFT
2444,2680,18512.91,2025-08-05,Cheque
2445,2681,2985.27,2025-06-25,Cheque
2446,2682,12889.4,2026-06-19,NEFT
2447,2683,24454.18,2025-10-05,NEFT
2448,2684,1640.76,2025-06-18,UPI
2449,2685,34574.75,2025-06-12,UPI
2450,2686,17709.0,2025-08-20,Cheque
2451,2687,34194.7,2025-12-01,NEFT
2452,2688,2247.53,2026-04-16,NEFT
2453,2689,41383.92,2025-05-16,Cheque
2454,2691,5678.03,2026-04-18,NEFT
2455,2692,6115.3,2026-07-31,NEFT
2456,2693,12028.96,2025-09-07,Cheque
2457,2694,840.16,,Cheque
2458,2696,2411.27,2025-12-14,UPI
2459,2697,6076.06,2025-12-13,Cheque
2460,2698,6567.41,,NEFT
2461,2699,17141.54,2025-06-24,NEFT
2462,2700,5129.25,2026-07-09,Cheque
2463,2701,44641.6,2025-07-24,NEFT
2464,2702,6661.49,2026-04-26,Cheque
2465,2703,6460.83,2026-05-05,Cheque
2466,2705,1391.36,2025-06-23,Cheque
2467,2706,14396.2,2025-09-30,NEFT
2468,2707,3030.36,2026-01-31,Cheque
2469,2708,31760.99,2026-07-01,NEFT
2470,2709,25997.86,2025-09-22,UPI
2471,2710,11020.44,2025-10-02,Cheque
2472,2711,12864.11,2026-07-31,NEFT
2473,2712,5959.21,2025-12-29,Cheque
2474,2713,24914.09,2025-10-07,Cheque
2475,2714,13181.91,2026-04-30,NEFT
2476,2715,16091.4,2026-02-19,UPI
2477,2716,2813.15,2026-01-18,Cheque
2478,2717,7251.14,2026-07-17,Cheque
2479,2718,6658.73,2026-06-12,Cheque
2480,2719,11213.1,2026-05-26,Cheque
2481,2720,27769.59,2025-09-24,Cheque
2482,2721,27388.48,2026-04-22,NEFT
2483,2723,4506.33,,Cheque
2484,2724,3280.64,2025-11-27,UPI
2485,2725,24904.86,2026-02-18,UPI
2486,2726,8082.08,2025-06-25,UPI
2487,2727,25126.8,2025-10-11,UPI
2488,2728,2669.91,2025-06-23,UPI
2489,2729,8763.6,2025-09-06,UPI
2490,2730,23492.26,2026-07-07,Cheque
2491,2731,12782.93,2026-03-12,Cheque
2492,2732,18501.43,2025-08-19,UPI
2493,2733,14774.56,2025-05-20,NEFT
2494,2734,21859.79,2025-07-12,UPI
2495,2735,5903.4,2025-06-18,NEFT
2496,2736,3865.28,,NEFT
2497,2737,9224.64,2026-01-12,Cheque
2498,2738,15634.13,2026-05-14,UPI
2499,2739,2632.19,2026-05-26,UPI
2500,2740,3362.31,2026-02-21,UPI
2501,2741,7143.38,2025-12-26,UPI
2502,2742,12299.52,2025-07-26,UPI
2503,2743,4634.08,2025-06-10,UPI
2504,2744,16460.96,2026-03-25,Cheque
2505,2746,10963.92,2026-05-16,NEFT
2506,2747,5647.35,2026-05-20,Cheque
2507,2748,8473.68,2026-02-16,Cheque
2508,2749,22938.7,2025-06-03,UPI
2509,2750,17402.73,2025-06-13,NEFT
2510,2751,31905.01,2026-07-17,Cheque
2511,2752,3530.13,2026-06-07,NEFT
2512,2755,14430.49,2026-05-19,NEFT
2513,2756,1351.36,2026-01-10,NEFT
2514,2758,50610.53,2026-05-04,UPI
2515,2760,2035.4,2026-07-16,UPI
2516,2761,35632.74,2025-12-12,NEFT
2517,2762,3337.05,2026-06-30,UPI
2518,2763,4258.71,2026-07-31,UPI
2519,2765,22814.63,2025-07-06,NEFT
2520,2766,7170.94,2026-02-23,NEFT
2521,2767,23126.79,2026-01-29,UPI
2522,2768,13779.93,2026-04-23,NEFT
2523,2769,16419.28,2025-05-13,Cheque
2524,2770,5891.72,2026-07-31,NEFT
2525,2771,16090.89,2025-09-13,UPI
2526,2772,47814.3,2026-04-19,UPI
2527,2773,41772.39,2025-09-23,Cheque
2528,2774,22137.65,2025-11-18,Cheque
2529,2775,2000.39,2026-05-19,Cheque
2530,2776,7870.0,2025-12-28,NEFT
2531,2777,4427.52,2025-07-07,NEFT
2532,2778,30733.11,2025-09-01,NEFT
2533,2779,1878.37,2026-07-07,UPI
2534,2780,2814.05,2025-08-15,NEFT
2535,2781,11228.67,2025-09-01,Cheque
2536,2782,2606.67,2026-03-25,Cheque
2537,2783,2779.09,,UPI
2538,2784,6971.36,2025-09-26,UPI
2539,2785,1277.8,2026-05-04,UPI
2540,2786,25028.91,2026-06-09,NEFT
2541,2788,8181.37,2026-02-16,UPI
2542,2789,9111.81,,Cheque
2543,2790,3889.76,,NEFT
2544,2791,36373.92,2025-06-17,UPI
2545,2793,5899.76,2025-08-16,NEFT
2546,2794,3014.31,2025-07-01,UPI
2547,2796,2501.76,2026-02-09,UPI
2548,2797,5502.97,2025-08-26,Cheque
2549,2798,15370.67,2026-04-05,UPI
2550,2799,2065.3,2026-02-10,UPI
2551,2800,7130.02,2026-02-01,UPI
2552,2801,4024.02,2026-05-09,NEFT
2553,2802,594.37,,UPI
2554,2803,8916.88,2026-07-31,Cheque
2555,2804,3576.2,2026-01-21,Cheque
2556,2806,1887.81,,UPI
2557,2807,20372.14,2026-02-15,NEFT
2558,2809,1368.11,2025-09-24,NEFT
2559,2810,1265.83,2025-09-13,UPI
2560,2811,27949.89,2026-05-02,NEFT
2561,2812,7483.76,2025-07-29,NEFT
2562,2813,5494.9,2025-06-30,Cheque
2563,2814,18415.06,2025-07-21,Cheque
2564,2815,17011.61,2026-03-14,NEFT
2565,2816,7787.68,2025-07-27,Cheque
2566,2817,18674.46,2026-03-18,NEFT
2567,2818,3207.7,,Cheque
2568,2819,40606.81,2025-06-14,NEFT
2569,2820,15952.5,2025-07-15,NEFT
2570,2821,5378.92,2026-01-16,Cheque
2571,2822,5616.88,,NEFT
2572,2824,8034.3,2026-07-28,UPI
2573,2825,26001.29,2025-10-31,NEFT
2574,2826,782.87,,Cheque
2575,2827,19264.18,2025-07-19,UPI
2576,2828,2337.46,2026-02-03,Cheque
2577,2829,5273.42,2025-08-24,UPI
2578,2830,7192.56,2026-01-27,NEFT
2579,2831,3750.59,2026-07-17,NEFT
2580,2832,4506.57,2026-07-31,NEFT
2581,2833,9331.2,2026-02-08,NEFT
2582,2834,2616.72,2026-07-15,UPI
2583,2836,3050.53,,UPI
2584,2837,9426.48,2026-01-16,UPI
2585,2838,39659.59,2026-07-04,NEFT
2586,2839,15348.84,2026-06-28,Cheque
2587,2840,31876.2,2025-12-06,UPI
2588,2841,8973.17,2025-06-20,UPI
2589,2842,6768.84,2026-01-30,UPI
2590,2843,1937.27,2025-09-30,UPI
2591,2844,4221.08,2025-12-26,NEFT
2592,2845,6702.32,2025-12-26,NEFT
2593,2846,3597.14,2025-07-31,Cheque
2594,2847,2734.19,2025-09-12,Cheque
2595,2848,12781.35,2026-02-24,UPI
2596,2849,7080.97,2026-04-27,NEFT
2597,2850,6044.74,2025-12-09,Cheque
2598,2851,3042.2,2025-12-16,NEFT
2599,2852,14459.67,2026-07-28,Cheque
2600,2853,4257.46,2026-07-18,Cheque
2601,2854,4459.28,2026-07-02,NEFT
2602,2855,1878.32,2025-11-09,UPI
2603,2856,7635.69,2026-07-06,Cheque
2604,2857,3455.45,2025-07-06,Cheque
2605,2858,1376.87,2025-06-04,Cheque
2606,2859,18505.9,2026-02-08,UPI
2607,2860,12745.56,2026-06-20,NEFT
2608,2861,3409.88,2025-11-06,UPI
2609,2862,13463.93,2026-04-17,UPI
2610,2863,21859.79,2025-10-28,UPI
2611,2865,7155.24,,Cheque
2612,2867,23109.58,2026-07-31,Cheque
2613,2868,18641.46,2026-01-19,Cheque
2614,2869,8643.35,,Cheque
2615,2870,24845.3,2025-11-20,Cheque
2616,2872,6661.49,2025-08-19,NEFT
2617,2873,4428.29,2026-03-08,UPI
2618,2874,6869.13,2025-10-25,NEFT
2619,2876,27183.05,2026-01-08,NEFT
2620,2877,3870.8,2025-08-20,NEFT
2621,2878,48341.44,2025-11-10,NEFT
2622,2879,915.72,2026-03-16,Cheque
2623,2881,12925.34,2026-04-25,Cheque
2624,2882,11856.82,2026-06-03,Cheque
2625,2883,8710.53,2025-10-20,Cheque
2626,2884,3521.88,,UPI
2627,2885,14502.28,2026-01-13,NEFT
2628,2886,18002.18,2026-06-10,UPI
2629,2887,9221.01,2026-07-31,Cheque
2630,2888,18571.66,2026-04-05,Cheque
2631,2889,12706.22,2025-07-26,UPI
2632,2890,6673.44,2026-01-04,NEFT
2633,2891,4543.34,,Cheque
2634,2892,3122.21,2026-05-16,UPI
2635,2895,8614.27,2025-08-13,NEFT
2636,2896,26895.87,2026-07-26,Cheque
2637,2897,8872.36,2026-03-27,UPI
2638,2898,5668.7,2026-01-17,UPI
2639,2899,10452.64,2026-05-10,UPI
2640,2900,348.55,,NEFT
2641,2901,13144.08,2025-07-31,Cheque
2642,2902,22432.92,2025-08-25,NEFT
2643,2903,7787.68,2026-04-10,NEFT
2644,2904,6495.25,2026-03-26,NEFT
2645,2905,2003.89,2026-07-24,Cheque
2646,2907,14134.05,2026-04-23,Cheque
2647,2908,12246.39,2025-12-24,NEFT
2648,2909,1241.03,,Cheque
2649,2910,6201.53,2025-07-19,NEFT
2650,2911,15576.81,2025-07-29,UPI
2651,2912,10656.15,2025-06-03,NEFT
2652,2913,5800.23,2025-12-20,UPI
2653,2914,14773.88,2025-07-07,Cheque
2654,2915,3625.57,2026-02-15,NEFT
2655,2916,9902.75,2025-08-20,UPI
2656,2917,45934.23,2025-11-24,UPI
2657,2918,11545.21,2025-09-28,UPI
2658,2919,42716.49,2026-07-28,NEFT
2659,2920,2027.41,2025-10-23,Cheque
2660,2921,41242.15,2025-12-01,UPI
2661,2922,18803.12,2026-04-06,Cheque
2662,2924,28172.02,2026-07-04,UPI
2663,2925,8637.72,2025-08-19,UPI
2664,2926,9289.08,2025-07-21,NEFT
2665,2927,42888.72,2026-03-19,UPI
2666,2928,31523.21,2026-07-13,NEFT
2667,2929,7252.58,2026-06-11,NEFT
2668,2930,8455.92,2025-09-04,Cheque
2669,2932,9051.26,2025-09-11,NEFT
2670,2933,23445.98,2026-07-27,Cheque
2671,2934,18890.88,2026-01-22,NEFT
2672,2935,20132.78,2025-09-06,NEFT
2673,2937,14143.64,2025-12-04,Cheque
2674,2939,20222.89,2025-12-14,NEFT
2675,2940,39259.91,2025-11-25,Cheque
2676,2941,4003.82,2026-03-24,NEFT
2677,2942,9721.7,2025-12-01,NEFT
2678,2943,9102.79,2026-02-25,UPI
2679,2944,7524.52,2025-08-24,Cheque
2680,2945,27896.48,2025-10-20,Cheque
2681,2946,6528.26,2026-04-21,UPI
2682,2947,5903.36,2026-07-31,NEFT
2683,2948,11376.86,2025-07-14,Cheque
2684,2949,17983.94,2025-09-26,UPI
2685,2950,21822.29,2026-03-23,UPI
2686,2952,11262.2,2026-02-09,NEFT
2687,2953,39659.59,2026-06-15,UPI
2688,2954,3779.13,2025-12-28,Cheque
2689,2955,23188.95,2026-07-31,UPI
2690,2956,32628.13,2025-08-12,NEFT
2691,2960,4946.46,2026-01-07,NEFT
2692,2961,3446.6,2026-03-27,Cheque
2693,2962,4809.96,2025-12-12,UPI
2694,2963,1141.21,,UPI
2695,2964,7450.62,2025-09-28,Cheque
2696,2965,16986.84,2026-06-02,Cheque
2697,2966,7942.55,2025-10-22,Cheque
2698,2967,5400.02,2025-06-21,Cheque
2699,2968,11126.29,2025-12-26,UPI
2700,2969,14144.57,2026-06-03,UPI
2701,2970,19218.07,2025-06-03,UPI
2702,2973,7451.14,2026-02-22,Cheque
2703,2974,9230.06,2025-07-08,Cheque
2704,2975,4865.99,2026-07-31,Cheque
2705,2976,8368.52,2025-10-07,NEFT
2706,2978,7699.41,2025-10-17,NEFT
2707,2979,2491.71,2026-04-25,Cheque
2708,2980,1283.6,2025-10-17,Cheque
2709,2981,19629.95,2026-01-18,Cheque
2710,2982,16877.83,2026-05-05,NEFT
2711,2983,48695.5,2026-03-26,UPI
2712,2984,7152.4,2025-07-21,NEFT
2713,2985,2974.72,2026-03-29,UPI
2714,2986,1445.48,,NEFT
2715,2987,4862.71,2026-05-04,UPI
2716,2988,2789.47,,Cheque
2717,2989,17850.69,2025-06-02,UPI
2718,2990,33147.32,2026-07-28,NEFT
2719,2991,36002.75,2025-12-26,Cheque
2720,2992,24001.84,2025-10-11,NEFT
2721,2993,2273.26,2025-12-06,NEFT
2722,2994,3534.3,2026-04-08,NEFT
2723,2996,5741.12,2026-06-01,Cheque
2724,2997,35672.62,2026-04-20,UPI
2725,2998,22866.73,2026-02-07,UPI
2726,2999,1357.09,2026-01-28,NEFT
2727,3001,9135.88,2025-10-12,NEFT
2728,3004,668.91,2026-02-20,Cheque
2729,3005,21215.25,2025-06-02,Cheque
2730,3006,9224.64,2026-07-03,UPI
2731,3007,3571.86,2026-03-02,UPI
2732,3009,4516.92,2025-06-10,NEFT
2733,3010,1434.14,,UPI
2734,3011,22339.5,2025-09-29,Cheque
2735,3012,14983.93,2025-11-01,NEFT
2736,3013,4697.28,2025-10-14,Cheque
2737,3014,2035.84,2026-03-16,UPI
2738,3015,12814.84,2026-07-27,NEFT
2739,3016,8164.26,2025-09-13,NEFT
2740,3017,4302.94,,UPI
2741,3018,23314.57,2026-06-11,Cheque
2742,3019,39108.52,2026-04-08,UPI
2743,3020,22853.62,2026-07-14,UPI
2744,3022,3017.45,2026-02-25,NEFT
2745,3023,6638.64,2025-12-13,NEFT
2746,3024,403.52,,NEFT
2747,3025,16751.2,2025-10-25,Cheque
2748,3026,1517.65,2026-06-13,NEFT
2749,3027,1628.55,2025-12-03,Cheque
2750,3028,3904.95,2026-03-10,NEFT
2751,3030,1435.74,2025-07-30,UPI
2752,3031,1409.0,2026-05-24,Cheque
2753,3032,12890.54,2025-09-25,NEFT
2754,3033,234.48,2025-09-22,Cheque
2755,3034,10433.72,2025-08-21,Cheque
2756,3035,5156.75,2025-10-25,UPI
2757,3036,31521.27,2025-12-04,UPI
2758,3037,31033.65,2026-06-04,UPI
2759,3038,4376.78,2025-12-14,Cheque
2760,3040,3934.32,2025-09-09,UPI
2761,3041,7549.98,2025-12-09,UPI
2762,3042,537.64,2026-07-31,Cheque
2763,3043,53474.85,2026-05-09,Cheque
2764,3044,6734.71,2026-07-29,UPI
2765,3045,8356.61,2026-05-16,UPI
2766,3046,1413.87,2025-07-29,UPI
2767,3047,20922.36,2026-04-10,NEFT
2768,3048,27778.22,2026-04-30,NEFT
2769,3049,12274.91,2025-09-11,Cheque
2770,3050,13985.12,2025-10-19,NEFT
2771,3051,7733.18,2025-11-29,UPI
2772,3052,7101.63,2025-06-02,Cheque
2773,3053,8091.82,2025-05-28,UPI
2774,3054,10326.79,2026-07-31,Cheque
2775,3055,12314.85,2025-07-03,Cheque
2776,3056,2335.05,2026-07-30,Cheque
2777,3057,7818.17,2025-12-10,Cheque
2778,3058,1454.15,2026-02-11,UPI
2779,3059,10635.3,2025-12-19,NEFT
2780,3060,8009.25,2025-09-17,NEFT
2781,3061,3255.83,2026-06-22,UPI
2782,3062,32891.76,2025-09-15,NEFT
2783,3063,31305.61,2025-12-10,UPI
2784,3064,1434.62,2025-07-28,UPI
2785,3065,10218.59,2026-05-04,Cheque
2786,3066,9302.45,2025-11-04,UPI
2787,3067,16810.5,2026-07-31,UPI
2788,3068,2441.35,2025-10-01,Cheque
2789,3069,5668.84,,Cheque
2790,3070,3005.39,2025-10-06,NEFT
2791,3072,10864.28,2026-01-16,NEFT
2792,3073,6204.77,2026-01-13,UPI
2793,3075,3283.06,2026-01-02,NEFT
2794,3076,6592.9,2025-07-08,NEFT
2795,3077,21704.32,2026-02-01,NEFT
2796,3078,27949.89,2025-06-25,UPI
2797,3079,6688.46,2026-07-17,UPI
2798,3080,13510.22,2026-06-01,Cheque
2799,3081,1277.8,2026-07-21,UPI
2800,3083,1195.45,,Cheque
2801,3084,6864.74,2025-09-10,UPI
2802,3085,8851.56,2026-05-06,NEFT
2803,3086,16034.13,2025-11-04,Cheque
2804,3087,6028.18,2025-10-05,NEFT
2805,3088,1598.38,2025-11-03,NEFT
2806,3089,10635.0,2025-08-26,Cheque
2807,3090,10471.76,2025-12-19,UPI
2808,3091,8282.78,2025-07-21,Cheque
2809,3092,8330.88,2026-02-18,Cheque
2810,3093,4923.71,2026-05-10,Cheque
2811,3094,2122.53,,NEFT
2812,3095,9092.34,2026-07-06,UPI
2813,3096,3613.68,2026-01-12,Cheque
2814,3097,40930.8,2025-09-26,Cheque
2815,3098,7429.25,2026-06-10,Cheque
2816,3099,26340.97,2026-03-16,NEFT
2817,3100,5009.86,2025-09-29,UPI
2818,3101,32233.92,2026-06-02,Cheque
2819,3102,36877.92,2025-12-30,NEFT
2820,3103,2603.83,,UPI
2821,3104,23882.78,2025-12-26,Cheque
2822,3105,13438.2,2026-06-07,Cheque
2823,3107,2265.37,2026-04-20,NEFT
2824,3108,13843.95,2026-07-23,Cheque
2825,3110,26895.87,2025-06-21,Cheque
2826,3111,20999.81,2025-10-13,NEFT
2827,3112,19600.2,2026-01-25,UPI
2828,3113,12035.61,2026-01-22,UPI
2829,3114,3537.6,2026-05-08,NEFT
2830,3115,11366.38,,Cheque
2831,3116,4741.63,2025-09-03,UPI
2832,3117,38857.61,2025-06-10,Cheque
2833,3118,36558.19,2025-08-28,UPI
2834,3119,6661.49,2025-12-06,Cheque
2835,3120,6912.0,2026-05-19,Cheque
2836,3121,24518.05,2026-05-07,Cheque
2837,3122,24057.87,2026-02-02,Cheque
2838,3123,15240.63,2025-12-22,UPI
2839,3124,903.5,,NEFT
2840,3125,3769.38,2026-03-04,UPI
2841,3126,15680.16,2025-11-25,NEFT
2842,3127,3439.9,2026-06-21,NEFT
2843,3128,2180.15,,NEFT
2844,3129,29160.33,2026-03-09,NEFT
2845,3130,9712.96,2025-11-26,UPI
2846,3131,13137.15,2025-10-01,NEFT
2847,3132,14623.8,2026-05-04,Cheque
2848,3133,27949.89,2026-03-27,UPI
2849,3134,1245.14,2026-05-17,UPI
2850,3135,5786.03,2026-02-02,Cheque
2851,3136,9974.52,2026-07-31,NEFT
2852,3137,12679.58,2026-07-31,Cheque
2853,3138,3257.1,2026-07-12,UPI
2854,3140,6574.15,2025-07-31,Cheque
2855,3141,2406.66,,UPI
2856,3142,5180.95,2025-09-20,Cheque
2857,3143,1429.6,2025-09-10,Cheque
2858,3144,11607.39,2025-11-21,UPI
2859,3145,12715.76,2026-01-07,Cheque
2860,3147,12513.82,2026-07-30,Cheque
2861,3148,22074.18,2025-11-28,NEFT
2862,3149,32793.0,2026-07-25,NEFT
2863,3150,13859.78,2025-09-12,UPI
2864,3151,12647.35,2026-04-17,UPI
2865,3152,1776.6,2026-02-07,UPI
2866,3153,12070.31,2025-05-29,NEFT
2867,3154,28063.13,2026-03-18,NEFT
2868,3155,30419.51,2025-06-16,Cheque
2869,3156,7100.26,,UPI
2870,3158,5903.4,2026-04-13,NEFT
2871,3159,3733.82,2026-07-31,NEFT
2872,3160,12400.99,2025-09-18,NEFT
2873,3161,39677.81,2026-04-15,UPI
2874,3162,985.24,2026-05-09,UPI
2875,3163,19336.58,2025-11-24,UPI
2876,3165,5667.13,2025-06-24,Cheque
2877,3166,49720.67,2025-07-23,Cheque
2878,3167,2549.21,2025-08-18,Cheque
2879,3168,30755.87,2026-02-15,NEFT
2880,3169,9586.36,2025-12-09,NEFT
2881,3170,325.89,,Cheque
2882,3171,748.92,2026-05-18,NEFT
2883,3173,2499.48,,NEFT
2884,3174,13209.03,2026-06-22,NEFT
2885,3175,1067.26,,Cheque
2886,3176,3161.89,2025-11-30,NEFT
2887,3178,966.55,,NEFT
2888,3179,7622.24,2026-06-19,Cheque
2889,3180,16361.1,2025-06-25,Cheque
2890,3181,33577.0,2025-10-17,Cheque
2891,3182,19955.17,2025-11-18,NEFT
2892,3183,2504.49,2026-07-12,UPI
2893,3184,2959.81,,Cheque
2894,3185,2466.28,2025-06-16,UPI
2895,3188,3017.09,2026-06-30,UPI
2896,3189,18350.96,2026-06-19,Cheque
2897,3190,11580.66,2026-06-30,Cheque
2898,3191,4983.42,2025-07-01,Cheque
2899,3192,5940.33,2025-12-14,NEFT
2900,3193,18811.04,2026-07-28,Cheque
2901,3194,5903.36,2026-02-25,Cheque
2902,3195,18674.46,2026-02-16,UPI
2903,3196,2756.69,2025-08-04,Cheque
2904,3197,20487.86,2026-03-26,UPI
2905,3198,6599.62,2025-07-23,UPI
2906,3199,18002.18,2025-12-20,Cheque
2907,3200,15079.97,2025-07-19,Cheque
2908,3201,13581.43,2025-12-27,Cheque
2909,3202,25608.61,2026-07-31,Cheque
2910,3203,6593.3,2025-12-02,Cheque
2911,3204,13116.11,2026-02-06,Cheque
2912,3205,11616.0,2025-06-23,NEFT
2913,3206,2611.6,2026-05-15,UPI
2914,3207,18596.24,2025-10-25,UPI
2915,3208,30220.22,2025-12-10,Cheque
2916,3209,8222.94,2025-10-06,UPI
2917,3210,43553.12,2026-07-17,Cheque
2918,3211,8611.68,2025-10-28,NEFT
2919,3212,21599.59,2026-06-14,Cheque
2920,3213,20791.15,2025-12-30,NEFT
2921,3214,23030.41,2025-08-21,Cheque
2922,3215,42700.66,2026-03-29,NEFT
2923,3216,1252.24,2026-04-22,NEFT
2924,3217,16603.24,2025-09-20,NEFT
2925,3218,10636.96,2026-06-08,UPI
2926,3220,5759.23,2026-06-04,Cheque
2927,3221,4300.85,2025-09-06,NEFT
2928,3222,26177.76,2026-03-28,UPI
2929,3224,1262.39,2025-07-28,UPI
2930,3225,6791.79,2026-07-10,UPI
2931,3226,4018.78,2025-06-16,UPI
2932,3227,19586.99,2026-03-20,NEFT
2933,3228,5678.49,2025-12-07,UPI
2934,3229,26664.9,2026-06-01,NEFT
2935,3230,29792.3,2025-09-26,UPI
2936,3231,30622.82,2026-01-24,Cheque
2937,3232,6107.88,2026-04-16,UPI
2938,3233,23613.6,2026-01-29,NEFT
2939,3234,13827.2,2026-02-21,NEFT
2940,3235,2392.69,2025-12-09,Cheque
2941,3236,24246.24,2025-05-30,UPI
2942,3237,11454.96,2025-05-12,Cheque
2943,3239,19311.48,2026-02-21,Cheque
2944,3241,29575.01,2025-10-11,NEFT
2945,3242,8543.3,2025-10-16,NEFT
2946,3243,858.65,,Cheque
2947,3244,14569.44,2026-05-02,NEFT
2948,3245,7871.97,,Cheque
2949,3246,12362.09,2025-12-07,Cheque
2950,3247,905.34,2025-10-03,Cheque
2951,3248,3779.13,2026-05-31,NEFT
2952,3249,21098.13,2025-08-14,Cheque
2953,3250,10792.5,2025-07-18,UPI
2954,3251,5928.41,2025-09-27,NEFT
2955,3252,26731.48,2025-11-19,UPI
2956,3253,36462.06,2026-03-26,UPI
2957,3254,39561.14,2026-07-31,NEFT
2958,3255,16169.65,2025-12-03,Cheque
2959,3256,30860.88,2026-07-31,NEFT
2960,3257,2525.3,2025-06-13,NEFT
2961,3258,2954.25,2025-06-03,Cheque
2962,3259,10954.26,2025-06-03,NEFT
2963,3260,20922.36,2025-07-15,Cheque
2964,3261,9031.16,2026-04-25,UPI
2965,3262,4767.86,2025-06-24,UPI
2966,3263,4378.08,2026-04-01,UPI
2967,3264,6205.12,2026-04-24,NEFT
2968,3265,11184.88,2025-09-02,Cheque
2969,3266,4097.68,2026-06-11,UPI
2970,3268,14771.25,2025-10-08,NEFT
2971,3269,7303.91,2026-07-20,Cheque
2972,3270,7712.52,2026-07-31,UPI
2973,3271,15993.63,2025-12-19,NEFT
2974,3272,18322.96,2026-04-06,NEFT
2975,3273,5025.09,2026-05-08,UPI
2976,3274,18067.67,2025-07-17,UPI
2977,3275,320.9,,NEFT
2978,3277,751.69,2025-10-11,Cheque
2979,3278,2699.36,2025-12-28,Cheque
2980,3279,5810.79,2025-08-23,UPI
2981,3280,34914.59,2025-06-05,NEFT
2982,3281,6544.35,2025-10-12,Cheque
2983,3283,6916.28,2025-12-08,NEFT
2984,3284,33127.07,2025-05-28,Cheque
2985,3285,36501.54,2026-07-27,Cheque
2986,3286,7494.92,2026-05-02,NEFT
2987,3287,43108.25,2026-03-23,UPI
2988,3289,43971.83,2025-12-13,UPI
2989,3290,682.73,2026-04-02,Cheque
2990,3291,10930.56,2025-10-15,Cheque
2991,3292,16116.96,2025-07-03,Cheque
2992,3293,3607.59,2026-05-14,NEFT
2993,3294,3395.89,2025-10-24,UPI
2994,3295,15311.41,2025-06-11,Cheque
2995,3296,4849.31,2026-06-13,UPI
2996,3297,12979.47,2025-06-25,NEFT
2997,3298,16421.1,2026-04-23,Cheque
2998,3300,40279.66,2025-09-17,UPI
2999,3301,37206.18,2025-10-10,NEFT
3000,3302,17344.62,2025-09-26,Cheque
3001,3303,7010.24,2026-05-01,Cheque
3002,3305,4165.44,2025-08-05,UPI
3003,3306,23203.13,2025-09-04,NEFT
3004,3307,28097.71,2025-08-17,Cheque
3005,3308,7071.82,2026-07-02,NEFT
3006,3310,2273.26,2025-10-16,UPI
3007,3311,25478.76,2025-06-22,NEFT
3008,3312,579.4,,NEFT
3009,3313,9299.3,2026-05-25,NEFT
3010,3314,2164.91,2025-07-05,Cheque
3011,3315,9523.66,2025-08-07,NEFT
3012,3316,6483.36,2026-05-16,NEFT
3013,3317,8257.93,2026-06-04,Cheque
3014,3318,3371.29,2026-01-14,UPI
3015,3319,7748.16,2026-02-02,NEFT
3016,3320,6107.88,2026-06-01,Cheque
3017,3321,7008.09,2026-02-17,UPI
3018,3322,13181.87,2025-08-29,UPI
3019,3323,36877.84,2026-04-28,UPI
3020,3324,9169.99,2026-07-31,NEFT
3021,3325,20882.0,2025-10-16,UPI
3022,3326,11760.12,2026-05-18,Cheque
3023,3327,31789.4,2025-12-30,NEFT
3024,3328,3721.1,2025-05-23,NEFT
3025,3329,6742.59,2025-10-18,UPI
3026,3330,30442.03,2025-11-04,NEFT
3027,3331,20182.35,2025-11-23,UPI
3028,3332,9431.84,2025-07-21,Cheque
3029,3333,7070.83,2025-07-12,Cheque
3030,3334,9865.6,2025-09-16,Cheque
3031,3335,6082.23,2025-06-20,Cheque
3032,3336,3750.82,2026-01-22,NEFT
3033,3337,1811.57,2025-09-15,UPI
3034,3338,37202.97,2025-09-01,NEFT
3035,3340,1856.89,2025-06-09,Cheque
3036,3341,7715.22,2026-07-16,Cheque
3037,3342,9900.55,2025-08-03,UPI
3038,3343,29114.08,2026-04-14,Cheque
3039,3344,26269.34,2026-07-17,Cheque
3040,3345,2699.36,2026-05-14,NEFT
3041,3346,13051.25,2025-10-23,UPI
3042,3347,20488.74,2025-07-06,NEFT
3043,3349,2055.24,2025-08-01,UPI
3044,3350,5502.97,2026-03-27,Cheque
3045,3351,9522.31,2025-11-15,UPI
3046,3352,10460.23,2025-12-19,UPI
3047,3354,4897.97,2026-07-09,Cheque
3048,3355,3680.25,,NEFT
3049,3356,25018.42,2026-02-17,NEFT
3050,3357,5109.07,2025-08-25,NEFT
3051,3358,31250.49,2025-09-29,NEFT
3052,3359,22599.38,2025-11-04,Cheque
3053,3360,2559.36,2025-09-16,Cheque
3054,3361,849.45,2025-09-02,UPI
3055,3362,2596.56,2025-11-14,NEFT
3056,3363,2585.12,2026-02-03,NEFT
3057,3364,13727.97,2025-07-17,UPI
3058,3365,21704.32,2025-12-18,UPI
3059,3366,1628.55,2025-05-22,UPI
3060,3368,22988.87,2025-07-20,UPI
3061,3369,23451.68,2026-06-18,NEFT
3062,3370,44205.88,2025-08-25,Cheque
3063,3372,2781.34,2026-07-31,UPI
3064,3374,7447.59,,Cheque
3065,3375,8275.26,2025-08-07,NEFT
3066,3376,11967.26,2026-04-27,NEFT
3067,3377,2751.49,2026-01-12,Cheque
3068,3380,3644.76,2025-11-07,UPI
3069,3381,15003.26,2025-10-14,Cheque
3070,3382,25864.95,2025-07-29,NEFT
3071,3383,8659.27,2026-03-05,Cheque
3072,3384,531.6,2025-08-01,Cheque
3073,3385,50464.41,2026-07-14,Cheque
3074,3386,9962.28,2025-11-01,NEFT
3075,3387,3450.03,2025-12-02,NEFT
3076,3388,12746.68,2026-01-27,UPI
3077,3389,9930.32,2026-04-19,UPI
3078,3390,6565.77,2025-06-19,Cheque
3079,3391,3954.82,2026-05-19,NEFT
3080,3392,2726.83,2026-03-31,NEFT
3081,3393,29464.1,2026-02-19,NEFT
3082,3394,9437.88,2026-07-20,NEFT
3083,3395,20249.85,2026-05-04,UPI
3084,3396,18350.96,2025-10-25,UPI
3085,3398,42246.53,2026-01-06,NEFT
3086,3399,2389.47,2025-09-07,UPI
3087,3400,1158.25,2025-06-21,UPI
3088,3401,18067.67,2025-10-27,Cheque
3089,3402,7240.75,2025-07-03,UPI
3090,3403,19174.4,2026-06-30,UPI
3091,3404,17141.54,2025-08-07,NEFT
3092,3405,19888.39,2026-03-18,NEFT
3093,3406,17150.14,2026-07-01,Cheque
3094,3407,28689.93,2025-10-03,UPI
3095,3408,24428.09,2026-03-30,Cheque
3096,3409,46512.27,2026-04-16,NEFT
3097,3410,1709.72,2025-11-26,UPI
3098,3411,10170.69,2026-06-02,Cheque
3099,3412,3048.19,2026-01-15,UPI
3100,3414,19421.25,2025-09-15,Cheque
3101,3415,13715.43,2026-04-13,UPI
3102,3416,9639.78,2026-04-13,NEFT
3103,3417,14691.84,2025-10-15,NEFT
3104,3418,10609.06,2025-08-02,NEFT
3105,3419,3690.72,2026-04-14,UPI
3106,3421,1217.16,2026-03-11,UPI
3107,3423,5338.56,2025-08-24,NEFT
3108,3424,8040.13,2026-07-31,NEFT
3109,3425,27813.87,2025-08-23,NEFT
3110,3426,45156.54,2026-07-01,NEFT
3111,3427,23298.33,2025-12-09,Cheque
3112,3428,3849.3,2025-06-02,NEFT
3113,3429,2921.56,2026-05-25,UPI
3114,3430,1983.5,2025-08-20,UPI
3115,3431,4100.8,2026-04-23,Cheque
3116,3432,9672.99,2025-05-29,Cheque
3117,3433,11906.03,2026-06-04,UPI
3118,3434,34450.68,2025-10-03,NEFT
3119,3435,10400.51,2025-08-07,NEFT
3120,3436,35349.33,2026-05-28,NEFT
3121,3437,14086.01,2026-01-22,NEFT
3122,3438,6627.8,2025-07-13,Cheque
3123,3439,49545.04,2026-04-17,Cheque
3124,3440,2974.3,2025-12-25,Cheque
3125,3441,17055.38,2026-02-02,NEFT
3126,3442,5363.71,2025-11-05,Cheque
3127,3443,23445.98,2025-12-02,UPI
3128,3444,18925.25,2025-12-16,UPI
3129,3445,1435.74,2026-05-15,Cheque
3130,3446,5193.13,2025-12-03,NEFT
3131,3447,12246.39,2026-04-03,Cheque
3132,3448,15366.56,2026-06-14,Cheque
3133,3449,24922.89,2025-08-07,Cheque
3134,3450,25690.02,2026-06-03,UPI
3135,3451,529.04,,NEFT
3136,3452,3738.31,2025-09-17,Cheque
3137,3453,6112.61,2026-01-30,Cheque
3138,3454,5355.64,2025-12-23,NEFT
3139,3455,5966.66,2026-07-10,Cheque
3140,3456,42219.42,2026-03-19,UPI
3141,3457,13156.11,2025-12-09,NEFT
3142,3458,6956.76,2026-04-01,Cheque
3143,3459,23613.6,2025-05-23,NEFT
3144,3460,4471.59,2026-02-10,Cheque
3145,3461,47354.88,2026-07-31,NEFT
3146,3462,9863.14,2026-07-31,UPI
3147,3463,24609.6,2025-10-30,UPI
3148,3464,6704.07,2025-10-20,Cheque
3149,3466,3619.36,2025-10-26,UPI
3150,3468,7474.26,2026-05-02,UPI
3151,3469,42246.53,2026-02-11,UPI
3152,3470,6824.96,2025-12-18,NEFT
3153,3471,11126.25,2026-03-19,NEFT
3154,3473,10422.59,2025-12-04,NEFT
3155,3474,8009.25,2025-12-21,UPI
3156,3475,12087.28,2026-05-17,UPI
3157,3476,28709.21,2026-03-25,NEFT
3158,3477,22561.27,2026-07-05,UPI
3159,3478,15034.2,2025-07-30,UPI
3160,3480,9639.78,2025-10-22,UPI
3161,3481,31357.92,2025-11-05,Cheque
3162,3482,1184.4,2026-01-12,UPI
3163,3483,7093.52,2025-06-09,NEFT
3164,3484,12087.72,2025-09-25,NEFT
3165,3485,1409.0,2025-05-22,NEFT
3166,3486,44425.14,2026-01-10,Cheque
3167,3487,5822.98,2026-07-31,NEFT
3168,3488,38481.31,2025-09-17,NEFT
3169,3489,8586.01,2026-01-11,Cheque
3170,3490,11580.25,,Cheque
3171,3491,7777.8,2025-11-06,Cheque
3172,3492,19288.05,2026-04-12,Cheque
3173,3493,6638.64,2026-07-31,UPI
3174,3494,12889.4,2026-07-09,NEFT
3175,3495,778.93,2025-08-16,Cheque
3176,3496,13754.99,2025-12-15,NEFT
3177,3497,6523.38,2026-03-03,Cheque
3178,3498,2591.54,2026-05-11,NEFT
3179,3499,19126.56,2026-05-07,UPI
3180,3500,8137.39,2026-01-19,UPI
3181,3501,17411.37,2025-09-24,UPI
3182,3502,28928.87,2025-12-14,UPI
3183,3503,6584.72,2025-11-20,UPI
3184,3504,2351.06,2026-04-06,UPI
3185,3505,45156.54,2026-07-31,UPI
3186,3506,7959.28,2025-05-25,NEFT
3187,3507,8703.08,2025-12-30,NEFT
3188,3508,2250.8,,Cheque
3189,3509,15880.49,2026-05-15,Cheque
3190,3510,4141.39,2026-01-13,UPI
3191,3511,5056.31,2025-11-15,Cheque
3192,3512,4775.78,2025-10-29,NEFT
3193,3513,37348.93,2026-07-13,Cheque
3194,3514,11268.62,2025-10-20,Cheque
3195,3515,2798.99,,Cheque
3196,3516,1924.65,2026-07-31,UPI
3197,3517,20827.2,2025-08-20,UPI
3198,3518,9892.92,2025-08-31,NEFT
3199,3519,30922.01,2026-04-30,Cheque
3200,3520,13863.85,2025-08-28,Cheque
3201,3521,44675.75,2025-08-17,Cheque
3202,3522,16501.26,2026-06-02,UPI
3203,3523,25478.76,2025-09-28,Cheque
3204,3524,24249.86,2025-11-25,Cheque
3205,3525,1238.33,,UPI
3206,3526,2791.99,2026-03-10,UPI
3207,3527,4495.78,2026-07-31,NEFT
3208,3528,32763.97,2025-06-02,Cheque
3209,3529,6516.36,2025-07-07,NEFT
3210,3530,10093.03,2025-08-17,UPI
3211,3531,16248.66,2025-09-20,UPI
3212,3532,1687.77,2025-07-22,Cheque
3213,3533,12385.44,2025-08-18,UPI
3214,3534,21097.28,2025-05-23,Cheque
3215,3535,7585.41,2026-03-29,Cheque
3216,3536,8153.74,2026-05-30,NEFT
3217,3537,10994.19,2025-11-09,UPI
3218,3538,6082.77,2025-09-22,NEFT
3219,3539,8523.97,2026-01-02,UPI
3220,3540,19012.19,2025-10-05,Cheque
3221,3541,15722.02,2026-07-17,UPI
3222,3542,13135.84,2025-07-30,UPI
3223,3543,12591.65,2025-09-04,Cheque
3224,3544,2579.55,2025-07-02,NEFT
3225,3545,8094.24,2026-03-22,NEFT
3226,3546,12244.93,2026-01-31,NEFT
3227,3547,11779.26,2025-09-24,NEFT
3228,3548,15576.81,2025-11-19,NEFT
3229,3549,1406.47,2026-01-14,UPI
3230,3550,6949.26,2026-07-31,NEFT
3231,3551,8031.45,2025-09-13,Cheque
3232,3552,2221.71,,Cheque
3233,3553,13743.12,2025-07-31,Cheque
3234,3554,14605.68,2025-11-28,NEFT
3235,3555,9124.12,2025-12-31,NEFT
3236,3556,13896.79,2026-06-19,Cheque
3237,3557,21172.9,2026-04-25,NEFT
3238,3558,11975.64,2026-06-30,Cheque
3239,3559,5977.23,2026-06-07,Cheque
3240,3560,4052.32,2026-06-10,UPI
3241,3561,1332.45,2026-05-08,NEFT
3242,3562,11920.44,2026-03-30,UPI
3243,3563,8642.53,2026-01-16,Cheque
3244,3564,8080.95,2026-07-31,UPI
3245,3565,4230.36,2025-06-09,UPI
3246,3566,7870.0,2026-03-13,Cheque
3247,3567,27589.28,2026-03-04,UPI
3248,3568,15979.26,2026-07-29,UPI
3249,3570,20740.8,2026-04-26,NEFT
3250,3571,45228.24,2026-05-20,UPI
3251,3573,18038.41,2025-12-15,NEFT
3252,3574,5963.72,2025-09-10,Cheque
3253,3575,8805.89,2025-09-11,Cheque
3254,3576,4238.38,2025-09-29,UPI
3255,3577,2389.8,2025-06-06,Cheque
3256,3578,16671.38,2026-07-15,UPI
3257,3579,3218.99,2026-03-04,UPI
3258,3580,40391.8,2026-07-17,Cheque
3259,3581,4612.32,2026-05-12,Cheque
3260,3582,4516.83,,UPI
3261,3583,11123.61,2026-01-13,Cheque
3262,3584,3872.54,2025-07-26,UPI
3263,3585,17892.35,2025-10-08,UPI
3264,3586,47461.5,2025-05-27,NEFT
3265,3587,4670.77,2026-07-31,Cheque
3266,3588,5833.98,2025-08-19,Cheque
3267,3590,2424.2,2025-05-26,UPI
3268,3591,8256.96,2025-06-05,UPI
3269,3592,16737.41,2026-02-13,UPI
3270,3593,32650.04,2026-03-27,UPI
3271,3594,26463.2,2025-10-30,Cheque
3272,3595,27884.55,2025-10-12,Cheque
3273,3596,2154.44,,UPI
3274,3597,37757.2,2026-04-25,Cheque
3275,3598,2522.26,2026-07-31,NEFT
3276,3599,5503.66,2026-02-21,UPI
3277,3600,8181.1,2026-07-01,NEFT
3278,3601,27440.47,2026-06-25,Cheque
3279,3602,9572.69,2026-06-10,UPI
3280,3603,31033.65,2026-04-20,UPI
3281,3604,10252.0,2025-12-19,Cheque
3282,3605,5495.57,2026-04-03,NEFT
3283,3606,11109.19,2025-05-28,Cheque
3284,3607,1834.26,2026-05-13,UPI
3285,3608,32007.8,2026-02-27,Cheque
3286,3609,17523.38,2025-08-25,Cheque
3287,3610,2801.15,2026-05-13,UPI
3288,3611,37330.86,2025-11-21,NEFT
3289,3613,928.98,2025-09-02,Cheque
3290,3614,5202.54,,Cheque
3291,3615,6458.97,2026-01-10,Cheque
3292,3616,10664.0,2025-09-08,UPI
3293,3617,904.64,2025-06-23,UPI
3294,3618,26979.45,2026-03-04,UPI
3295,3619,13827.2,2025-06-10,UPI
3296,3620,40391.8,2025-07-27,Cheque
3297,3621,11454.96,2026-01-04,Cheque
3298,3622,22187.13,2025-07-11,UPI
3299,3623,3919.82,2025-11-11,Cheque
3300,3624,8257.93,2026-03-22,NEFT
3301,3625,3222.61,2025-11-06,Cheque
3302,3626,1906.92,2025-12-06,NEFT
3303,3628,10785.65,2026-04-01,UPI
3304,3629,7435.75,2026-07-04,NEFT
3305,3630,11368.35,2026-06-13,Cheque
3306,3631,4756.35,2026-02-23,Cheque
3307,3632,12246.39,2025-12-17,UPI
3308,3633,3818.15,2026-05-22,NEFT
3309,3634,15270.41,2026-04-12,NEFT
3310,3635,42960.57,2026-05-26,Cheque
3311,3636,20905.28,2026-06-16,Cheque
3312,3637,26039.31,2026-07-19,NEFT
3313,3639,3684.03,2025-07-06,Cheque
3314,3640,9667.05,2025-10-26,UPI
3315,3641,19197.43,2026-05-26,NEFT
3316,3642,3108.14,2025-06-08,NEFT
3317,3643,3628.73,2026-04-01,NEFT
3318,3644,2493.52,,NEFT
3319,3645,6852.45,2026-06-28,UPI
3320,3646,9305.63,2026-04-20,Cheque
3321,3647,5025.09,2026-03-01,Cheque
3322,3648,24845.3,2026-06-13,UPI
3323,3649,13220.91,,Cheque
3324,3650,8109.19,2026-03-20,NEFT
3325,3651,36002.75,2025-12-24,UPI
3326,3652,447.09,,NEFT
3327,3654,29547.76,2026-07-05,Cheque
3328,3655,10413.6,2026-04-15,NEFT
3329,3656,5800.23,2026-03-31,UPI
3330,3657,6838.21,2025-12-27,Cheque
3331,3658,17940.96,2025-06-19,UPI
3332,3660,1521.49,,UPI
3333,3661,5017.51,,NEFT
3334,3662,6533.4,2026-05-22,Cheque
3335,3663,24668.57,2025-09-03,Cheque
3336,3664,3535.42,2026-02-20,Cheque
3337,3665,17573.88,2026-07-31,NEFT
3338,3666,46037.65,2025-12-02,UPI
3339,3667,20279.67,2025-08-20,UPI
3340,3668,23231.39,2026-04-21,Cheque
3341,3669,28041.51,2026-07-24,NEFT
3342,3670,23877.85,2026-07-07,NEFT
3343,3671,2260.76,2025-09-05,Cheque
3344,3672,1884.29,2026-07-31,NEFT
3345,3673,9793.49,2026-06-13,NEFT
3346,3674,4274.02,2025-09-28,UPI
3347,3675,1407.03,2026-06-16,UPI
3348,3676,11226.15,2025-06-20,NEFT
3349,3678,24498.81,2026-05-02,Cheque
3350,3679,21651.14,2026-07-31,UPI
3351,3680,18324.15,2026-02-21,NEFT
3352,3681,7529.49,2026-07-18,UPI
3353,3683,16067.75,2025-06-22,NEFT
3354,3685,25286.94,2026-07-31,NEFT
3355,3686,2870.56,2026-01-05,UPI
3356,3687,7947.35,2025-09-24,NEFT
3357,3688,362.0,,UPI
3358,3689,12242.57,,Cheque
3359,3690,9113.76,2026-04-08,NEFT
3360,3691,5012.76,2026-03-27,Cheque
3361,3692,8771.61,2025-10-16,UPI
3362,3693,315.77,,NEFT
3363,3694,2814.05,2025-08-12,NEFT
3364,3695,39776.79,2026-04-10,NEFT
3365,3696,20503.91,2025-09-01,UPI
3366,3697,27053.06,2026-06-30,UPI
3367,3698,27309.61,2026-02-03,UPI
3368,3700,4604.92,2025-06-27,NEFT
3369,3701,20183.58,2026-02-17,UPI
3370,3702,1665.17,2026-04-18,UPI
3371,3703,4517.69,2025-10-07,NEFT
3372,3704,2069.1,2026-01-02,Cheque
3373,3706,1026.63,,UPI
3374,3707,3442.16,2025-09-16,UPI
3375,3708,1433.74,2025-10-18,NEFT
3376,3709,14187.05,2026-01-20,UPI
3377,3710,30293.85,2026-04-14,Cheque
3378,3711,5379.48,2025-08-27,Cheque
3379,3712,7106.49,2025-09-08,UPI
3380,3713,31878.36,2026-04-08,Cheque
3381,3714,4442.64,2026-02-04,UPI
3382,3715,11526.8,2025-06-12,UPI
3383,3716,13753.68,2026-07-31,NEFT
3384,3717,4450.53,,NEFT
3385,3719,726.97,,Cheque
3386,3721,9418.43,2026-05-06,UPI
3387,3722,14032.69,2026-07-13,Cheque
3388,3723,36501.61,2026-03-22,UPI
3389,3724,8439.45,2026-01-01,Cheque
3390,3726,6375.64,2025-11-27,NEFT
3391,3727,44641.6,2025-10-31,NEFT
3392,3728,2278.45,,Cheque
3393,3729,13860.77,2025-08-14,NEFT
3394,3730,3626.85,2025-07-17,UPI
3395,3731,2508.17,2026-07-02,Cheque
3396,3732,21414.54,2026-05-25,UPI
3397,3733,22534.45,2025-10-16,UPI
3398,3734,4430.86,2025-09-29,NEFT
3399,3735,29531.79,2025-10-07,UPI
3400,3736,17334.19,2026-07-31,UPI
3401,3737,3567.89,2025-07-22,UPI
3402,3738,2813.15,2025-11-28,UPI
3403,3739,21123.26,2026-07-18,UPI
3404,3740,11721.42,2025-12-11,Cheque
3405,3741,44323.68,2026-02-19,Cheque
3406,3742,44174.97,2025-06-13,NEFT
3407,3743,12394.77,2026-04-17,UPI
3408,3744,6096.38,2026-01-20,NEFT
3409,3745,13432.64,2026-01-06,Cheque
3410,3746,18641.46,2025-11-15,UPI
3411,3747,11075.73,2025-12-29,NEFT
3412,3748,5673.25,2025-05-25,UPI
3413,3749,19133.75,2026-06-10,NEFT
3414,3751,7622.24,2026-07-02,NEFT
3415,3752,8535.15,,NEFT
3416,3753,5154.74,,Cheque
3417,3754,3114.64,2026-01-02,NEFT
3418,3755,19126.56,2025-06-15,NEFT
3419,3756,6349.77,2026-07-19,UPI
3420,3757,10205.33,2025-06-08,Cheque
3421,3758,43291.47,2026-06-05,Cheque
3422,3760,2258.94,2026-04-29,Cheque
3423,3761,8325.42,2025-08-20,UPI
3424,3762,35260.43,2025-06-21,UPI
3425,3763,18558.12,2025-07-07,NEFT
3426,3764,18350.96,2025-12-20,UPI
3427,3765,16666.0,2026-07-31,Cheque
3428,3766,4773.33,2026-07-31,NEFT
3429,3767,1213.26,2026-07-31,UPI
3430,3768,18913.74,2026-07-31,Cheque
3431,3769,3011.79,2025-10-30,UPI
3432,3770,3310.74,,NEFT
3433,3771,16183.64,2025-11-18,UPI
3434,3772,2031.25,2026-04-06,UPI
3435,3773,15633.89,2026-06-10,NEFT
3436,3774,5120.43,2025-12-10,UPI
3437,3775,7851.52,2025-05-26,Cheque
3438,3776,42106.38,2025-08-14,UPI
3439,3777,1614.38,2025-08-11,Cheque
3440,3779,5632.6,2026-07-31,UPI
3441,3780,24249.28,2025-06-05,Cheque
3442,3781,325.49,,UPI
3443,3782,2145.26,2025-07-05,Cheque
3444,3783,52208.76,2026-03-25,Cheque
3445,3784,17527.2,2025-07-11,Cheque
3446,3785,4177.5,2025-11-11,NEFT
3447,3787,9401.51,2026-03-17,Cheque
3448,3788,15313.03,2025-06-30,Cheque
3449,3789,15576.81,2026-07-31,Cheque
3450,3790,25331.65,2025-11-25,NEFT
3451,3791,6925.04,2025-05-15,UPI
3452,3792,5102.25,2026-02-10,NEFT
3453,3793,27997.93,2026-07-13,NEFT
3454,3794,14913.17,2026-05-07,NEFT
3455,3796,10629.42,2026-05-18,NEFT
3456,3797,993.3,2026-06-28,NEFT
3457,3798,7257.6,2026-07-31,NEFT
3458,3799,4803.49,2026-03-11,Cheque
3459,3800,4508.66,2025-11-22,NEFT
3460,3801,1405.58,2025-05-31,Cheque
3461,3802,22982.65,2025-06-18,NEFT
3462,3803,12272.4,2025-08-10,UPI
3463,3804,5051.3,2025-06-26,Cheque
3464,3805,34783.42,2025-08-01,NEFT
3465,3806,41844.72,2025-09-16,NEFT
3466,3807,3772.31,2025-10-22,UPI
3467,3809,4760.41,2026-03-04,Cheque
3468,3810,11727.25,2026-05-17,NEFT
3469,3811,15789.24,2025-06-20,NEFT
3470,3812,6148.73,2025-12-30,NEFT
3471,3813,52405.35,2025-09-29,UPI
3472,3814,7375.64,2026-04-08,Cheque
3473,3815,46107.2,2026-04-29,UPI
3474,3816,2598.2,2025-09-04,Cheque
3475,3817,19801.1,2026-07-31,UPI
3476,3818,2206.6,2025-07-17,UPI
3477,3819,40920.65,2026-05-07,UPI
3478,3820,5109.07,2025-08-30,UPI
3479,3821,5355.74,2025-11-28,Cheque
3480,3823,9372.24,2026-07-21,NEFT
3481,3824,2244.11,,NEFT
3482,3825,15633.89,2025-07-12,Cheque
3483,3826,834.93,2025-09-20,UPI
3484,3827,5438.66,2026-07-17,NEFT
3485,3828,38278.53,2026-03-31,Cheque
3486,3829,10635.3,2025-12-06,NEFT
3487,3830,20464.59,2026-03-21,NEFT
3488,3831,7677.98,2026-05-26,Cheque
3489,3832,6400.33,2025-08-06,NEFT
3490,3834,7925.03,2026-03-05,Cheque
3491,3835,8744.13,2026-06-24,UPI
3492,3836,6840.89,2026-05-18,NEFT
3493,3837,15366.56,2026-05-20,UPI
3494,3838,10143.32,2025-09-13,Cheque
3495,3839,13948.24,2025-07-30,NEFT
3496,3840,6146.52,2026-06-18,NEFT
3497,3841,38147.28,2026-05-30,UPI
3498,3842,11111.61,2025-09-06,NEFT
3499,3843,7269.96,2026-01-16,UPI
3500,3844,14203.26,2025-11-16,NEFT
3501,3845,2847.41,,NEFT
3502,3846,12979.47,2025-07-11,UPI
3503,3847,11684.8,2025-11-23,Cheque
3504,3848,36070.74,2026-03-25,NEFT
3505,3849,11126.29,2026-07-28,Cheque
3506,3850,6034.18,2026-04-26,NEFT
3507,3851,1136.63,2026-07-14,NEFT
3508,3852,3134.48,2025-10-27,Cheque
3509,3853,16771.53,2025-07-13,NEFT
3510,3854,5078.26,2025-06-25,NEFT
3511,3855,13075.22,2026-04-07,NEFT
3512,3856,12620.55,2025-12-07,Cheque
3513,3857,3308.64,2026-04-04,Cheque
3514,3858,2791.99,2025-09-26,NEFT
3515,3859,8033.61,2026-03-09,NEFT
3516,3860,2151.66,2026-06-22,NEFT
3517,3861,10147.34,2026-04-07,NEFT
3518,3862,16959.64,2025-12-15,UPI
3519,3864,1756.49,2026-03-08,UPI
3520,3865,22905.19,2026-04-05,Cheque
3521,3866,11568.78,2026-07-27,NEFT
3522,3867,27173.15,2026-02-26,Cheque
3523,3868,6704.07,2025-12-27,Cheque
3524,3869,6855.49,,NEFT
3525,3870,10015.28,2026-04-12,UPI
3526,3871,5651.17,2025-09-02,NEFT
3527,3872,2354.99,2025-12-09,Cheque
3528,3873,12715.76,2026-04-29,UPI
3529,3874,25556.13,2026-06-28,Cheque
3530,3875,32954.47,2025-05-27,UPI
3531,3876,52405.35,2025-06-14,UPI
3532,3877,8833.21,2025-12-06,Cheque
3533,3878,4064.26,2026-04-19,Cheque
3534,3879,24740.8,2026-06-15,NEFT
3535,3880,3501.36,2026-06-02,NEFT
3536,3881,40530.65,2026-03-03,UPI
3537,3882,18890.88,2025-07-22,Cheque
3538,3883,16209.15,2025-05-25,UPI
3539,3884,5221.57,2026-07-31,NEFT
3540,3885,19529.48,2025-09-25,Cheque
3541,3886,8272.19,2026-03-14,Cheque
3542,3887,6096.38,2026-03-31,UPI
3543,3888,7083.91,2025-07-30,Cheque
3544,3889,24922.89,2026-04-05,UPI
3545,3891,5607.17,2026-02-13,UPI
3546,3892,4555.43,,Cheque
3547,3893,2632.19,2026-03-02,Cheque
3548,3894,35749.0,2026-01-30,NEFT
3549,3895,11904.19,2026-06-30,UPI
3550,3896,21215.46,2026-01-27,NEFT
3551,3897,4665.71,2025-10-24,UPI
3552,3898,2032.13,2025-08-25,NEFT
3553,3899,3152.77,2026-06-09,Cheque
3554,3900,18442.03,2025-11-19,UPI
3555,3901,7523.76,2026-01-15,NEFT
3556,3902,5227.82,2025-09-08,UPI
3557,3903,8270.62,2025-06-25,NEFT
3558,3904,11877.58,2025-09-11,Cheque
3559,3905,43335.48,2025-12-08,UPI
3560,3907,24897.82,2025-05-31,UPI
3561,3908,7802.82,2025-10-30,Cheque
3562,3909,2614.38,2025-09-29,Cheque
3563,3910,10406.74,2026-07-31,Cheque
3564,3911,1878.37,2026-03-10,NEFT
3565,3912,8763.23,2025-07-23,UPI
3566,3913,21433.96,2026-07-23,Cheque
3567,3914,7287.03,2026-02-18,UPI
3568,3915,8380.8,2026-06-12,UPI
3569,3916,11362.61,2026-07-31,NEFT
3570,3917,9788.74,2025-07-19,UPI
3571,3918,17281.88,2026-05-07,Cheque
3572,3919,15927.21,2025-12-12,Cheque
3573,3920,38147.28,2025-08-19,Cheque
3574,3921,5350.96,2025-10-26,UPI
3575,3922,7272.61,2025-06-08,Cheque
3576,3923,5802.78,2025-06-01,Cheque
3577,3924,16067.22,2025-12-06,Cheque
3578,3925,45837.32,2025-07-13,UPI
3579,3926,3283.06,2026-07-31,UPI
3580,3927,21252.24,2026-02-15,Cheque
3581,3928,37757.2,2025-05-22,NEFT
3582,3929,39541.44,2025-12-02,NEFT
3583,3930,23053.6,2025-07-12,UPI
3584,3931,2491.71,2025-05-29,NEFT
3585,3932,10424.22,2025-07-28,UPI
3586,3933,2895.16,2026-01-07,UPI
3587,3934,1533.36,2025-09-11,NEFT
3588,3935,876.57,2025-08-26,UPI
3589,3936,1442.54,2025-08-04,Cheque
3590,3937,14582.63,2026-07-05,UPI
3591,3938,22771.26,2025-10-09,NEFT
3592,3939,13681.79,2026-07-31,Cheque
3593,3940,17820.99,2025-05-17,Cheque
3594,3941,8299.69,2026-03-19,NEFT
3595,3942,11568.78,2025-12-03,UPI
3596,3943,7976.25,2025-06-04,NEFT
3597,3945,2632.19,2025-12-30,UPI
3598,3946,5545.28,2026-03-14,Cheque
3599,3947,18206.6,2025-06-25,Cheque
3600,3948,4018.53,2025-12-09,UPI
3601,3949,5538.6,2026-05-17,NEFT
3602,3950,35431.4,2025-12-30,UPI
3603,3951,2176.34,2025-07-05,Cheque
3604,3952,8680.69,2025-08-27,UPI
3605,3953,41810.56,2026-04-01,Cheque
3606,3954,8468.37,,NEFT
3607,3955,11645.63,2026-04-21,Cheque
3608,3956,13204.45,,NEFT
3609,3957,9408.85,2026-07-13,UPI
3610,3958,9162.08,2026-07-25,Cheque
3611,3959,5903.36,2025-11-18,Cheque
3612,3961,11780.83,2026-07-19,Cheque
3613,3962,5803.79,2026-06-04,UPI
3614,3963,18558.12,2025-12-01,UPI
3615,3964,12616.64,2026-07-31,UPI
3616,3965,25786.76,2026-03-22,UPI
3617,3966,12674.8,2025-12-08,Cheque
3618,3967,15623.59,2026-06-20,NEFT
3619,3968,3592.51,2025-10-01,Cheque
3620,3969,48028.34,2025-08-11,UPI
3621,3970,8763.41,2026-06-29,UPI
3622,3971,36462.06,2025-08-13,NEFT
3623,3972,3019.64,,NEFT
3624,3973,9676.28,2025-06-20,UPI
3625,3974,48919.58,2026-01-17,Cheque
3626,3975,44679.0,2026-06-16,Cheque
3627,3977,15076.08,2026-07-21,Cheque
3628,3978,26895.87,2026-06-18,Cheque
3629,3979,2803.14,,Cheque
3630,3980,4184.04,2025-12-31,Cheque
3631,3981,37527.63,2026-04-10,NEFT
3632,3982,19671.02,2026-02-12,UPI
3633,3983,5524.18,2026-07-21,NEFT
3634,3984,15789.24,2025-07-11,UPI
3635,3985,6304.37,2026-01-18,Cheque
3636,3986,14345.73,2026-01-28,UPI
3637,3987,28116.96,2025-11-11,Cheque
3638,3988,1957.22,,Cheque
3639,3989,5727.48,2025-08-17,UPI
3640,3990,44651.78,2025-06-20,NEFT
3641,3992,12259.03,2025-06-11,Cheque
3642,3993,5149.55,2025-09-28,UPI
3643,3994,9401.56,2025-12-21,NEFT
3644,3995,7240.75,2025-05-23,UPI
3645,3996,3851.79,2025-10-04,Cheque
3646,3997,5227.82,2026-06-13,UPI
3647,3998,29517.0,2026-04-03,NEFT
3648,3999,19021.97,2026-05-21,Cheque
3649,4000,6795.64,2026-06-04,UPI
3650,4001,15077.99,2026-07-31,NEFT
3651,4002,15938.1,2026-07-26,UPI
3652,4003,23766.6,2025-12-04,UPI
3653,4004,5016.57,2025-11-30,UPI
3654,4005,29004.86,2025-10-28,UPI
3655,4006,10868.75,2025-11-27,Cheque
3656,4007,3504.97,2026-03-01,NEFT
3657,4008,12296.34,2025-07-30,NEFT
3658,4009,2780.66,2026-07-31,UPI
3659,4010,22037.77,2026-05-28,UPI
3660,4011,46107.2,2025-05-23,UPI
3661,4012,3061.23,2026-05-31,UPI
3662,4013,12503.56,,Cheque
3663,4014,766.68,2025-11-05,Cheque
3664,4015,6026.76,2025-10-29,Cheque
3665,4016,2801.09,2026-06-29,UPI
3666,4017,17523.38,2026-04-05,Cheque
3667,4018,12068.7,2025-06-22,NEFT
3668,4019,7580.71,2025-11-23,NEFT
3669,4020,12020.21,2026-03-19,NEFT
3670,4022,6371.86,2026-07-31,NEFT
3671,4023,2785.34,2026-07-05,UPI
3672,4024,31250.49,2026-02-15,NEFT
3673,4025,23805.4,2026-01-17,NEFT
3674,4026,3849.3,2025-08-22,Cheque
3675,4027,1853.39,2025-09-29,UPI
3676,4028,9219.78,2025-12-06,UPI
3677,4029,51301.12,2025-07-20,Cheque
3678,4030,11174.07,,UPI
3679,4032,19702.54,2025-10-02,UPI
3680,4033,8439.45,2026-07-07,Cheque
3681,4034,13811.84,2025-06-28,Cheque
3682,4035,4945.07,2026-01-13,NEFT
3683,4036,2509.83,2026-02-24,UPI
3684,4037,9028.12,2026-04-25,UPI
3685,4038,13017.0,2025-07-02,UPI
3686,4039,1105.86,2026-07-31,UPI
3687,4040,12211.49,2026-07-15,NEFT
3688,4041,26563.5,2026-03-11,Cheque
3689,4042,17949.87,2025-09-16,NEFT
3690,4043,6244.06,2026-01-05,UPI
3691,4044,28172.02,2026-07-31,NEFT
3692,4045,1740.36,,Cheque
3693,4046,626.98,,Cheque
3694,4047,6461.65,2025-11-29,NEFT
3695,4048,9493.9,2025-08-30,NEFT
3696,4049,13883.58,2026-03-09,UPI
3697,4050,9693.56,2025-10-20,Cheque
3698,4051,9146.76,2025-06-24,UPI
3699,4052,25888.58,2025-11-19,UPI
3700,4053,9112.16,2025-10-05,Cheque
3701,4055,32132.61,2025-11-18,UPI
3702,4056,3110.4,2025-07-24,Cheque
3703,4057,15957.0,2026-05-11,NEFT
3704,4058,1312.68,2025-09-17,UPI
3705,4059,19717.67,2026-06-07,NEFT
3706,4061,2553.22,2025-09-19,NEFT
3707,4062,4901.9,2026-01-15,Cheque
3708,4063,6121.11,2025-06-25,Cheque
3709,4064,11717.69,2026-05-07,UPI
3710,4065,8703.17,,NEFT
3711,4066,12897.31,2025-10-16,NEFT
3712,4067,22331.05,2025-09-13,UPI
3713,4068,6023.84,2026-05-18,UPI
3714,4069,7451.14,2026-05-31,NEFT
3715,4070,43572.1,2025-05-31,UPI
3716,4072,30575.63,2026-07-11,Cheque
3717,4073,17637.27,2025-07-15,Cheque
3718,4074,8638.11,2026-05-25,NEFT
3719,4076,3232.85,2026-07-31,Cheque
3720,4077,20502.05,2026-05-14,NEFT
3721,4078,44651.78,2025-10-21,NEFT
3722,4079,3109.05,2025-06-20,Cheque
3723,4080,1245.85,2026-07-24,UPI
3724,4081,4568.13,2026-03-05,UPI
3725,4082,33669.35,2025-12-19,Cheque
3726,4084,11871.5,2025-07-18,UPI
3727,4086,15680.84,2026-07-31,Cheque
3728,4087,2891.23,2025-11-08,UPI
3729,4088,19336.58,2026-04-02,NEFT
3730,4089,30199.93,2026-05-06,UPI
3731,4090,6535.85,2025-11-09,UPI
3732,4091,23855.02,2026-07-25,NEFT
3733,4092,2478.36,2026-06-16,UPI
3734,4093,3244.87,2025-05-10,UPI
3735,4094,1935.13,2025-09-05,UPI
3736,4095,22822.32,2026-07-31,UPI
3737,4096,4448.46,2026-02-04,Cheque
3738,4097,22447.43,2025-08-26,UPI
3739,4098,21269.43,2025-11-05,NEFT
3740,4099,10602.18,2026-05-24,NEFT
3741,4100,10439.22,2025-09-17,NEFT
3742,4101,10926.07,2025-06-08,UPI
3743,4102,4503.9,,Cheque
3744,4103,1134.22,,Cheque
3745,4104,38527.76,2026-01-03,UPI
3746,4105,23993.67,2026-07-10,Cheque
3747,4106,9162.6,2026-03-15,Cheque
3748,4107,7224.84,2025-12-09,NEFT
3749,4108,4420.99,2025-07-11,Cheque
3750,4109,14526.35,2025-12-01,Cheque
3751,4110,2482.58,2025-11-24,NEFT
3752,4111,21132.47,2026-05-06,UPI
3753,4112,20905.28,2025-06-12,NEFT
3754,4113,17134.49,2026-01-01,Cheque
3755,4114,7867.64,2025-07-04,Cheque
3756,4115,17559.47,2025-10-30,UPI
3757,4117,5246.44,2026-01-21,UPI
3758,4118,42030.95,2025-12-19,UPI
3759,4119,4838.4,2026-05-19,Cheque
3760,4120,25018.42,2025-05-18,Cheque
3761,4121,2811.16,2026-07-31,Cheque
3762,4122,4100.8,2026-03-02,UPI
3763,4123,5795.43,2025-07-20,UPI
3764,4124,35260.43,2026-06-14,UPI
3765,4125,9509.3,2025-06-23,UPI
3766,4126,5948.6,2026-03-23,NEFT
3767,4127,6138.42,2026-05-25,NEFT
3768,4128,7312.91,2025-07-14,Cheque
3769,4129,10606.25,2026-07-31,NEFT
3770,4130,8980.92,2026-04-29,NEFT
3771,4131,5720.76,2025-06-14,Cheque
3772,4132,43970.94,2025-11-24,Cheque
3773,4133,8033.3,2025-06-27,Cheque
3774,4134,11517.12,2025-11-08,NEFT
3775,4135,23805.4,2026-05-19,Cheque
3776,4136,9731.99,2026-07-31,Cheque
3777,4137,13367.34,2026-06-18,UPI
3778,4138,17097.35,2026-07-12,NEFT
3779,4139,10256.25,2026-01-29,NEFT
3780,4140,521.24,,Cheque
3781,4141,6339.21,2025-10-08,Cheque
3782,4142,15840.88,2025-11-07,Cheque
3783,4143,24373.0,2026-04-04,Cheque
3784,4144,13092.25,2026-02-03,UPI
3785,4145,80.04,,NEFT
3786,4146,15598.32,2026-05-22,Cheque
3787,4147,6445.08,,Cheque
3788,4148,3115.03,2025-12-09,UPI
3789,4149,21396.33,2026-02-11,Cheque
3790,4150,21558.95,2025-06-13,UPI
3791,4151,2990.12,2026-04-11,UPI
3792,4152,29464.1,2025-09-21,Cheque
3793,4153,345.51,2026-03-28,Cheque
3794,4154,14504.38,2026-07-20,UPI
3795,4155,18224.32,2026-07-31,Cheque
3796,4156,12476.71,2025-10-11,NEFT
3797,4157,10762.73,2026-05-02,UPI
3798,4159,2525.3,2025-07-19,UPI
3799,4160,167.24,,NEFT
3800,4161,15298.98,2025-07-08,NEFT
3801,4162,10303.98,2026-01-05,UPI
3802,4164,15521.85,2025-06-16,UPI
3803,4165,2062.72,2026-04-03,Cheque
3804,4166,23263.98,2025-09-23,UPI
3805,4167,21350.33,2025-11-30,UPI
3806,4168,13942.28,2025-11-14,UPI
3807,4169,17624.32,2026-04-11,NEFT
3808,4170,17949.87,2026-04-19,Cheque
3809,4171,18324.15,2026-07-12,UPI
3810,4172,16736.69,2026-06-20,UPI
3811,4173,21341.03,2025-11-20,UPI
3812,4174,2031.49,,NEFT
3813,4175,11109.19,2026-01-02,NEFT
3814,4176,26421.96,2026-05-30,NEFT
3815,4178,45662.13,2025-09-25,Cheque
3816,4179,26341.31,2026-07-30,UPI
3817,4180,12121.43,2026-04-06,Cheque
3818,4181,5517.72,,Cheque
3819,4182,3322.28,2025-10-25,UPI
3820,4183,10068.59,2026-05-19,NEFT
3821,4184,4171.27,2025-10-23,NEFT
3822,4185,6857.72,2025-06-06,NEFT
3823,4186,3322.28,2025-06-20,NEFT
3824,4187,5398.7,2025-12-25,NEFT
3825,4188,30733.11,2025-09-01,NEFT
3826,4189,38119.42,2025-08-06,NEFT
3827,4190,24409.42,2025-09-22,Cheque
3828,4191,17285.06,2025-06-22,NEFT
3829,4192,44292.27,2025-07-05,UPI
3830,4194,3326.3,2026-06-12,Cheque
3831,4197,36002.75,2026-01-04,Cheque
3832,4198,17983.94,2026-03-15,UPI
3833,4199,20023.13,2026-04-28,Cheque
3834,4200,13777.16,2025-07-27,Cheque
3835,4201,7451.14,2025-08-01,NEFT
3836,4202,2531.65,2026-07-16,UPI
3837,4203,18412.02,2025-10-24,Cheque
3838,4204,574.82,2025-06-26,NEFT
3839,4205,10422.59,2026-02-20,UPI
3840,4207,4674.63,2025-12-01,Cheque
3841,4208,6097.11,2026-05-02,UPI
3842,4209,15172.16,2026-04-27,UPI
3843,4210,21103.6,2025-10-22,Cheque
3844,4211,8274.57,2025-12-18,Cheque
3845,4212,13894.77,2026-03-23,Cheque
3846,4214,20766.8,2026-06-29,Cheque
3847,4215,7505.28,2026-03-26,Cheque
3848,4216,32536.75,2026-07-31,NEFT
3849,4217,13763.22,2026-06-09,Cheque
3850,4218,12261.88,2025-10-15,NEFT
3851,4219,27341.28,2026-05-09,NEFT
3852,4220,3124.08,2025-10-20,Cheque
3853,4221,16164.16,2025-10-15,NEFT
3854,4222,26290.67,2026-03-23,Cheque
3855,4223,12366.18,2025-10-30,NEFT
3856,4224,30931.61,2026-06-15,Cheque
3857,4225,22019.82,2026-06-29,Cheque
3858,4226,18324.15,2026-01-25,NEFT
3859,4227,23203.05,2026-02-11,UPI
3860,4228,6704.64,2026-03-31,Cheque
3861,4229,9614.66,2025-12-01,Cheque
3862,4230,10930.08,2025-12-29,NEFT
3863,4231,1641.53,2025-09-21,Cheque
3864,4232,6023.84,2026-03-28,UPI
3865,4233,5498.15,,NEFT
3866,4234,10762.08,2026-03-26,Cheque
3867,4235,1226.63,2025-10-04,NEFT
3868,4236,13636.61,2026-06-19,Cheque
3869,4237,1419.33,2026-07-31,Cheque
3870,4238,12858.7,2025-08-20,UPI
3871,4239,9001.09,2025-07-23,UPI
3872,4240,7345.92,2025-08-06,Cheque
3873,4241,5099.9,,UPI
3874,4244,28096.26,2025-11-19,NEFT
3875,4246,8130.72,2026-01-06,Cheque
3876,4247,28041.15,2026-04-22,NEFT
3877,4248,1037.08,2025-07-05,Cheque
3878,4250,8682.44,2026-03-03,NEFT
3879,4251,14313.57,2025-07-20,UPI
3880,4252,10763.92,2026-01-19,Cheque
3881,4253,5963.72,2025-07-18,UPI
3882,4254,7595.08,2026-05-17,NEFT
3883,4255,14333.3,2025-07-20,NEFT
3884,4256,5363.71,2025-11-24,Cheque
3885,4257,2880.16,2025-07-26,NEFT
3886,4258,13889.11,2025-06-18,Cheque
3887,4259,32377.5,2026-04-09,UPI
3888,4260,31055.02,2025-06-15,Cheque
3889,4261,3797.48,2026-01-08,UPI
3890,4262,10984.08,2026-01-20,Cheque
3891,4263,9051.26,2025-09-09,Cheque
3892,4265,8395.15,2025-08-27,UPI
3893,4267,4017.75,,Cheque
3894,4268,4609.89,2025-11-24,Cheque
3895,4269,16565.9,2026-03-08,Cheque
3896,4270,3737.7,2026-07-07,NEFT
3897,4271,18603.09,2026-05-14,NEFT
3898,4272,18119.96,2026-05-08,NEFT
3899,4273,11780.94,2025-11-19,NEFT
3900,4274,8542.68,2025-10-15,UPI
3901,4275,24146.0,2025-11-15,UPI
3902,4276,28765.09,2026-06-22,Cheque
3903,4277,6221.54,2026-02-09,NEFT
3904,4278,5355.74,2026-06-07,NEFT
3905,4279,31489.96,2026-05-11,NEFT
3906,4280,12845.67,2025-06-14,NEFT
3907,4281,13906.77,2025-08-24,Cheque
3908,4282,6641.28,2026-01-22,UPI
3909,4283,8717.65,2026-06-23,NEFT
3910,4284,43291.47,2026-06-04,UPI
3911,4285,14984.82,2026-07-08,Cheque
3912,4286,7995.52,2026-07-31,NEFT
3913,4287,10934.28,2026-02-06,NEFT
3914,4288,22077.05,2026-07-31,UPI
3915,4289,6320.11,2025-12-25,UPI
3916,4290,10406.74,2025-07-26,UPI
3917,4291,23007.88,2025-09-06,Cheque
3918,4292,2603.4,2025-06-07,UPI
3919,4293,25367.85,2026-02-24,NEFT
3920,4294,3396.82,2026-06-01,NEFT
3921,4295,2559.36,2025-08-10,Cheque
3922,4296,12124.64,2025-10-05,NEFT
3923,4297,5684.23,2025-11-24,Cheque
3924,4298,17820.99,2025-12-17,UPI
3925,4299,1753.05,2026-03-05,NEFT
3926,4300,6066.77,2026-07-31,UPI
3927,4301,15678.96,2026-02-18,Cheque
3928,4302,2446.95,2025-09-11,UPI
3929,4303,41383.92,2026-03-03,Cheque
3930,4304,8375.6,2026-04-01,NEFT
3931,4306,7561.57,2025-07-12,Cheque
3932,4307,20162.44,2025-10-17,NEFT
3933,4308,11867.22,2025-08-22,NEFT
3934,4309,7083.91,2025-11-29,UPI
3935,4310,15955.44,2025-07-25,UPI
3936,4311,1548.19,,Cheque
3937,4312,21954.14,2025-12-09,NEFT
3938,4313,11102.19,2026-07-05,Cheque
3939,4314,2317.04,2026-06-12,Cheque
3940,4315,14058.82,2025-12-11,NEFT
3941,4316,4318.9,2026-02-24,UPI
3942,4317,7533.69,2026-06-07,Cheque
3943,4318,10926.07,2026-07-28,Cheque
3944,4319,18319.31,2025-08-01,UPI
3945,4320,30931.61,2025-09-03,UPI
3946,4321,15247.46,2025-11-16,NEFT
3947,4322,5355.21,2025-08-30,UPI
3948,4323,21001.61,2026-02-27,UPI
3949,4324,3319.01,2026-03-15,Cheque
3950,4325,16033.88,2025-11-24,UPI
3951,4326,4517.69,2026-07-23,NEFT
3952,4327,10416.59,2025-08-23,UPI
3953,4328,13875.7,2026-07-31,NEFT
3954,4329,28096.26,2025-08-27,UPI
3955,4330,409.8,,UPI
3956,4331,45381.76,2026-03-12,UPI
3957,4332,16764.06,2025-09-18,Cheque
3958,4333,44748.89,2025-12-14,NEFT
3959,4334,7738.39,2025-07-04,Cheque
3960,4335,15809.93,2026-07-14,UPI
3961,4336,1020.41,2026-04-14,NEFT
3962,4337,28860.98,2025-05-26,NEFT
3963,4338,8516.9,,NEFT
3964,4339,31360.32,2026-05-02,NEFT
3965,4341,49720.67,2025-11-25,NEFT
3966,4342,10412.89,2026-01-03,NEFT
3967,4343,17649.25,2026-01-31,UPI
3968,4344,1721.33,,Cheque
3969,4345,7217.01,2025-07-14,Cheque
3970,4346,973.13,2026-02-26,Cheque
3971,4347,26032.23,2025-10-12,UPI
3972,4348,18604.91,2026-01-13,NEFT
3973,4349,1693.44,2026-02-03,Cheque
3974,4350,7663.61,2026-04-16,Cheque
3975,4351,7942.55,2026-01-11,UPI
3976,4352,22365.87,2025-09-19,NEFT
3977,4353,4159.18,2025-12-20,UPI
3978,4354,41481.35,2026-03-25,NEFT
3979,4355,3783.17,2025-06-30,UPI
3980,4356,15357.52,2026-01-11,Cheque
3981,4357,3350.06,2026-03-26,NEFT
3982,4358,28255.29,2025-12-04,Cheque
3983,4359,24794.28,2025-07-04,Cheque
3984,4360,17546.04,2026-07-14,Cheque
3985,4361,12987.48,2026-07-26,NEFT
3986,4362,4162.7,2026-02-24,Cheque
3987,4363,8611.9,2026-04-24,NEFT
3988,4364,6976.78,2025-09-03,NEFT
3989,4365,27031.22,2025-06-15,Cheque
3990,4366,2031.25,2025-06-09,UPI
3991,4367,6006.94,2025-09-01,Cheque
3992,4368,11075.73,2026-06-16,NEFT
3993,4369,3359.2,2026-07-31,Cheque
3994,4370,10151.59,2025-09-03,UPI
3995,4371,3601.96,2026-04-26,Cheque
3996,4372,6017.33,2025-12-07,Cheque
3997,4373,36239.92,2026-01-17,NEFT
3998,4374,2516.85,2025-06-24,Cheque
3999,4375,26341.31,2025-06-25,UPI
4000,4376,9035.76,2025-12-25,Cheque
4001,4377,25943.73,2025-07-06,Cheque
4002,4378,45663.05,2026-07-31,UPI
4003,4379,4375.95,2025-09-01,Cheque
4004,4380,43379.02,2025-06-19,NEFT
4005,4381,22031.92,2026-04-20,UPI
4006,4382,1047.91,2026-06-19,UPI
4007,4383,26765.67,2025-05-23,NEFT
4008,4384,7287.03,2025-12-01,NEFT
4009,4385,15362.1,2025-08-31,UPI
4010,4386,9831.24,2026-07-29,UPI
4011,4387,2688.5,2026-05-10,NEFT
4012,4388,7143.73,2026-06-21,Cheque
4013,4389,14356.38,2025-07-13,UPI
4014,4390,12362.09,2025-12-09,UPI
4015,4391,16911.9,2026-02-01,Cheque
4016,4392,24146.0,2026-05-17,NEFT
4017,4393,30677.17,2025-07-16,UPI
4018,4394,34580.4,2026-01-11,UPI
4019,4396,30872.46,2025-08-31,Cheque
4020,4397,22098.07,2026-02-21,NEFT
4021,4398,12396.3,2025-12-19,Cheque
4022,4399,42517.68,2025-11-02,UPI
4023,4400,7724.18,2025-10-14,NEFT
4024,4401,28289.14,2026-06-15,NEFT
4025,4402,21930.01,2026-03-04,NEFT
4026,4404,9788.74,2025-12-15,Cheque
4027,4405,2984.49,2026-01-16,Cheque
4028,4406,4291.44,2026-03-09,NEFT
4029,4407,37757.2,2025-09-21,UPI
4030,4408,2664.44,,Cheque
4031,4409,10955.99,2026-02-04,Cheque
4032,4410,38481.31,2026-01-02,UPI
4033,4411,8692.56,2026-07-31,NEFT
4034,4412,11213.1,2026-06-29,NEFT
4035,4415,11605.13,2025-06-16,Cheque
4036,4416,7699.41,2026-06-01,UPI
4037,4417,49513.75,2025-07-19,UPI
4038,4418,4727.04,2026-02-27,NEFT
4039,4419,27896.48,2025-11-05,Cheque
4040,4421,15894.7,2025-12-15,NEFT
4041,4422,9454.96,2025-08-27,UPI
4042,4423,4017.15,2026-04-04,NEFT
4043,4424,6825.75,2026-04-22,UPI
4044,4425,6620.21,2026-04-17,Cheque
4045,4426,481.02,2026-06-20,Cheque
4046,4427,9010.41,2025-05-15,UPI
4047,4428,4925.94,2025-10-28,UPI
4048,4429,35418.0,2025-06-03,UPI
4049,4431,1914.32,2025-12-05,UPI
4050,4433,13961.01,2026-07-21,Cheque
4051,4434,2155.73,2026-07-30,Cheque
4052,4435,24744.16,2025-06-09,NEFT
4053,4436,1544.97,,UPI
4054,4437,19779.91,2026-06-02,UPI
4055,4438,6270.43,2025-09-30,Cheque
4056,4439,12756.66,2025-11-14,NEFT
4057,4440,4537.48,2026-07-31,NEFT
4058,4441,6710.93,2025-08-29,UPI
4059,4443,12746.68,2026-02-23,UPI
4060,4444,15311.41,2025-06-06,NEFT
4061,4445,25258.13,2025-11-23,Cheque
4062,4446,10450.72,2025-06-04,Cheque
4063,4447,8072.94,2026-07-31,Cheque
4064,4448,8202.24,2025-08-31,UPI
4065,4450,18601.02,2025-12-05,NEFT
4066,4451,3116.61,2026-07-26,Cheque
4067,4452,36830.12,2025-12-06,NEFT
4068,4453,2951.68,2026-07-12,NEFT
4069,4454,15585.72,2026-01-02,Cheque
4070,4455,9317.25,2026-01-18,NEFT
4071,4456,11967.26,2025-09-20,NEFT
4072,4457,21642.44,2026-07-31,Cheque
4073,4458,19258.97,2026-01-29,UPI
4074,4459,4256.48,2025-09-07,NEFT
4075,4460,1848.47,2025-07-14,NEFT
4076,4461,3196.65,2026-06-15,NEFT
4077,4462,20755.44,2025-11-08,Cheque
4078,4463,12410.91,2026-04-06,Cheque
4079,4464,11252.45,2026-02-23,UPI
4080,4465,43871.39,2025-10-31,Cheque
4081,4466,20886.2,2026-02-25,NEFT
4082,4467,14579.89,2025-11-30,NEFT
4083,4468,19090.3,2025-08-03,UPI
4084,4469,7527.43,2026-05-17,UPI
4085,4470,1127.02,2026-07-28,Cheque
4086,4471,37303.31,2026-01-15,Cheque
4087,4472,8266.12,2026-03-17,NEFT
4088,4473,4097.68,2026-01-18,Cheque
4089,4474,31789.4,2026-01-04,NEFT
4090,4475,13432.64,2026-02-22,Cheque
4091,4476,6995.55,2026-07-09,UPI
4092,4478,3940.26,,NEFT
4093,4479,2443.77,,NEFT
4094,4481,5816.59,2026-02-22,NEFT
4095,4482,16736.69,2025-08-15,NEFT
4096,4483,15099.97,2026-02-14,UPI
4097,4484,21573.81,2025-10-14,NEFT
4098,4485,13023.44,2025-07-17,UPI
4099,4486,1761.61,2026-04-21,NEFT
4100,4487,4165.44,2025-08-29,Cheque
4101,4488,1912.38,2025-11-09,UPI
4102,4489,28255.29,2026-02-11,UPI
4103,4490,3094.25,2025-06-02,UPI
4104,4491,12407.85,2026-03-10,UPI
4105,4492,33234.38,2025-07-22,NEFT
4106,4493,9033.83,2025-05-16,Cheque
4107,4494,9346.08,2025-08-30,Cheque
4108,4495,3061.23,2026-01-15,NEFT
4109,4496,28040.23,2025-08-27,NEFT
4110,4497,17543.51,2025-12-28,UPI
4111,4498,14782.07,2025-09-03,Cheque
4112,4499,5308.78,2025-09-14,Cheque
4113,4500,20477.1,2025-06-18,UPI
4114,4501,3157.9,2026-06-02,Cheque
4115,4502,7153.31,2025-12-16,NEFT
4116,4503,9232.12,2025-12-18,NEFT
4117,4504,17281.88,2026-06-14,UPI
4118,4505,4630.48,2026-04-22,UPI
4119,4506,10205.33,2026-02-08,UPI
4120,4508,35515.71,2026-07-31,Cheque
4121,4510,1795.17,2025-08-31,UPI
4122,4511,2368.8,2025-06-18,NEFT
4123,4512,22682.75,2025-10-04,Cheque
4124,4513,30441.42,2026-02-23,NEFT
4125,4515,6483.71,2025-06-18,Cheque
4126,4516,17927.65,2026-04-01,NEFT
4127,4517,24704.05,2026-03-01,UPI
4128,4518,15263.22,2025-05-18,Cheque
4129,4519,37502.87,2026-03-20,NEFT
4130,4520,7529.49,2026-06-15,Cheque
4131,4521,11307.94,2025-10-06,UPI
4132,4522,20162.44,2025-08-19,UPI
4133,4523,3862.09,2026-06-23,UPI
4134,4524,718.04,2026-01-18,UPI
4135,4525,1735.0,2025-07-07,UPI
4136,4526,14850.82,2025-06-29,UPI
4137,4527,31312.5,2025-05-29,UPI
4138,4528,1750.68,2026-05-16,NEFT
4139,4529,13181.86,2026-06-01,NEFT
4140,4530,20663.11,2026-07-31,Cheque
4141,4531,2345.04,2025-12-30,UPI
4142,4533,38278.53,2026-02-06,UPI
4143,4534,26805.45,2025-05-29,UPI
4144,4535,8033.15,2025-12-31,NEFT
4145,4537,5719.28,2026-05-18,Cheque
4146,4538,4457.55,2026-07-31,Cheque
4147,4539,1464.85,2026-03-18,NEFT
4148,4540,8679.79,2025-10-09,NEFT
4149,4541,24146.0,2026-03-18,UPI
4150,4542,12893.38,2025-09-02,UPI
4151,4543,10050.72,2025-08-30,NEFT
4152,4544,23231.39,2025-12-09,NEFT
4153,4545,10662.08,2026-01-02,UPI
4154,4546,9718.02,2026-05-07,NEFT
4155,4547,710.07,,NEFT
4156,4548,3583.96,2026-02-27,UPI
4157,4549,6822.63,2025-07-13,UPI
4158,4550,2340.34,,Cheque
4159,4551,17073.91,2025-10-13,NEFT
4160,4552,21776.56,2026-07-10,NEFT
4161,4553,31291.8,2026-05-17,Cheque
4162,4554,43588.25,2025-11-08,NEFT
4163,4555,17754.08,2026-02-15,UPI
4164,4556,10306.64,2026-06-07,UPI
4165,4557,12577.32,2025-09-12,Cheque
4166,4558,8778.6,2025-05-22,NEFT
4167,4559,17361.39,2025-09-22,UPI
4168,4560,12827.1,2025-12-04,UPI
4169,4561,1181.46,2025-10-15,Cheque
4170,4562,18271.75,2026-03-27,UPI
4171,4563,21786.05,2025-11-26,UPI
4172,4564,20104.63,2026-01-13,NEFT
4173,4565,14577.99,2025-06-18,Cheque
4174,4566,624.96,,UPI
4175,4567,3813.84,2025-11-28,UPI
4176,4568,12597.12,2026-06-29,NEFT
4177,4569,11924.25,2026-01-11,Cheque
4178,4570,1292.48,2025-08-01,Cheque
4179,4571,2962.91,2025-08-11,NEFT
4180,4572,18227.52,2026-02-11,NEFT
4181,4573,18697.31,2026-04-26,UPI
4182,4574,3762.73,2025-10-03,NEFT
4183,4575,9506.2,2026-01-22,NEFT
4184,4576,19876.6,2026-02-04,NEFT
4185,4578,3347.34,2025-08-29,UPI
4186,4580,3977.78,2025-12-30,UPI
4187,4581,10452.64,2025-11-23,Cheque
4188,4582,16090.89,2025-12-02,Cheque
4189,4583,28610.46,2025-08-14,UPI
4190,4584,33671.14,2026-06-20,NEFT
4191,4585,22665.89,2026-06-19,UPI
4192,4586,7561.49,2025-10-01,NEFT
4193,4587,4690.8,2026-05-07,UPI
4194,4588,2040.37,2025-10-17,NEFT
4195,4589,17433.41,2025-07-30,UPI
4196,4590,25669.94,2026-01-08,Cheque
4197,4591,1737.78,2025-12-03,UPI
4198,4592,6658.73,2025-11-02,Cheque
4199,4593,5875.18,2026-04-07,UPI
4200,4594,41810.56,2026-05-13,Cheque
4201,4596,7345.92,2026-06-06,NEFT
4202,4598,39405.07,2025-08-30,Cheque
4203,4599,12860.8,2026-04-11,UPI
4204,4600,12029.46,2026-02-27,NEFT
4205,4601,4609.89,2025-08-08,Cheque
4206,4602,2811.16,2026-01-16,UPI
4207,4603,4125.39,2025-08-13,UPI
4208,4604,395.03,,NEFT
4209,4605,5085.12,2026-02-15,NEFT
4210,4606,18227.52,2026-02-18,Cheque
4211,4607,1406.47,2026-03-18,NEFT
4212,4608,4651.43,2025-08-31,UPI
4213,4609,14155.26,2025-12-29,Cheque
4214,4610,20182.35,2026-07-16,Cheque
4215,4611,44675.75,2026-04-07,NEFT
4216,4612,11223.71,2025-12-24,NEFT
4217,4613,17649.25,2026-07-31,NEFT
4218,4614,7241.8,,UPI
4219,4615,5540.11,2026-06-27,NEFT
4220,4616,4897.97,2026-04-04,Cheque
4221,4617,6646.88,2026-07-08,NEFT
4222,4618,343.25,,UPI
4223,4619,1450.89,2025-12-27,UPI
4224,4620,495.98,,NEFT
4225,4621,24845.3,2025-07-21,UPI
4226,4622,11452.77,2025-06-08,UPI
4227,4623,23993.67,2026-06-27,UPI
4228,4624,20020.89,2025-09-28,NEFT
4229,4625,12246.39,2026-01-25,NEFT
4230,4626,16485.51,2025-08-30,UPI
4231,4627,1856.89,2026-07-08,Cheque
4232,4628,860.85,2025-10-06,NEFT
4233,4629,2896.3,2025-11-17,UPI
4234,4630,19610.28,2025-10-20,Cheque
4235,4631,1302.52,2025-11-12,Cheque
4236,4632,1498.63,2026-06-08,UPI
4237,4634,2999.13,2025-12-13,NEFT
4238,4635,11451.1,2025-07-21,NEFT
4239,4636,2014.88,2025-09-03,UPI
4240,4637,5933.73,2025-09-29,UPI
4241,4638,15693.04,2026-04-04,NEFT
4242,4639,5862.6,2026-06-22,Cheque
4243,4640,33147.32,2026-01-11,Cheque
4244,4641,9644.51,2025-06-19,Cheque
4245,4642,22982.65,2025-11-11,NEFT
4246,4643,51301.12,2025-12-26,UPI
4247,4645,4924.59,2026-01-29,UPI
4248,4646,1817.09,2026-05-08,UPI
4249,4647,2154.13,2026-02-27,UPI
4250,4648,7861.5,2025-05-16,NEFT
4251,4649,2489.99,2026-01-18,Cheque
4252,4650,26247.27,2026-06-07,NEFT
4253,4651,6673.44,2026-07-23,NEFT
4254,4653,5186.18,,Cheque
4255,4654,43387.05,2025-08-19,UPI
4256,4655,30104.36,2026-07-19,UPI
4257,4656,2858.7,2026-07-31,NEFT
4258,4657,2850.77,2025-07-02,UPI
4259,4658,1728.0,2025-09-20,UPI
4260,4659,9207.53,2026-05-31,NEFT
4261,4660,11452.6,2026-02-06,Cheque
4262,4661,15678.96,2026-07-15,Cheque
4263,4662,4726.8,2025-05-23,Cheque
4264,4663,18576.55,2026-02-16,UPI
4265,4664,9982.15,,NEFT
4266,4665,15880.49,2025-12-30,NEFT
4267,4666,2499.71,,UPI
4268,4667,4560.68,2025-06-17,UPI
4269,4668,3173.58,2026-06-17,NEFT
4270,4669,15680.16,2025-06-09,Cheque
4271,4670,6913.6,2026-05-28,Cheque
4272,4671,1005.28,,UPI
4273,4672,4710.29,2026-04-22,UPI
4274,4674,4825.24,2025-09-15,Cheque
4275,4675,12676.19,2026-06-24,NEFT
4276,4676,10408.19,2025-08-21,Cheque
4277,4677,6558.05,2026-01-02,UPI
4278,4678,1845.82,2026-07-01,UPI
4279,4679,6038.96,2026-02-20,UPI
4280,4680,13404.58,2026-03-17,UPI
4281,4681,6526.84,,NEFT
4282,4682,24345.32,2026-04-01,Cheque
4283,4683,22822.32,2025-05-10,NEFT
4284,4684,10297.11,2025-12-14,NEFT
4285,4685,1675.49,,Cheque
4286,4686,14333.3,2025-07-03,UPI
4287,4687,8670.59,2026-07-19,NEFT
4288,4688,213.86,,UPI
4289,4689,8832.52,2026-01-20,Cheque
4290,4691,1627.92,2025-06-16,Cheque
4291,4692,3283.06,2026-03-06,NEFT
4292,4693,11702.55,2026-07-31,Cheque
4293,4694,7137.81,2026-04-26,NEFT
4294,4695,5051.77,2026-07-31,Cheque
4295,4696,3033.94,,Cheque
4296,4697,2254.04,2026-01-07,NEFT
4297,4698,19099.4,2026-03-10,Cheque
4298,4699,10903.76,2025-08-12,NEFT
4299,4700,4428.29,2026-02-01,NEFT
4300,4701,25164.91,2026-07-02,NEFT
4301,4703,46582.54,2025-11-24,UPI
4302,4704,671.72,2026-02-14,UPI
4303,4705,17824.95,2026-07-31,Cheque
4304,4706,11426.1,2026-05-15,Cheque
4305,4707,5381.04,2025-12-05,Cheque
4306,4708,8031.45,2025-08-10,Cheque
4307,4709,19409.39,2025-07-26,UPI
4308,4710,46043.4,2026-03-28,UPI
4309,4711,972.37,2026-02-12,UPI
4310,4712,7851.52,2025-11-27,Cheque
4311,4713,5903.4,2025-11-05,UPI
4312,4714,7151.91,2025-10-24,NEFT
4313,4715,39776.79,2026-05-05,UPI
4314,4716,15116.54,2025-10-27,Cheque
4315,4717,4727.04,2025-09-09,UPI
4316,4718,1020.1,2026-01-26,Cheque
4317,4719,47533.2,2025-06-22,NEFT
4318,4720,7429.99,2025-06-29,NEFT
4319,4721,3147.43,2025-11-08,Cheque
4320,4722,2836.62,2026-03-03,Cheque
4321,4723,2534.86,2026-07-15,UPI
4322,4724,3513.76,2026-02-04,Cheque
4323,4725,2603.4,2025-12-04,Cheque
4324,4726,9805.14,2025-10-23,NEFT
4325,4727,15155.8,2026-07-31,Cheque
4326,4728,28780.29,2026-04-28,Cheque
4327,4729,24431.53,2026-07-05,NEFT
4328,4730,4224.78,2026-05-27,UPI
4329,4731,5016.35,2026-07-06,UPI
4330,4732,26480.57,2026-07-24,NEFT
4331,4733,8533.42,2025-11-28,UPI
4332,4734,3933.18,2026-07-31,NEFT
4333,4735,18732.14,2025-06-06,NEFT
4334,4736,3336.72,2025-11-03,UPI
4335,4737,14449.68,2026-07-16,UPI
4336,4738,11657.53,2026-01-02,Cheque
4337,4739,9276.91,2026-04-22,Cheque
4338,4740,47832.39,2025-09-28,NEFT
4339,4741,35238.38,2026-02-11,UPI
4340,4742,26480.57,2026-06-17,Cheque
4341,4743,15214.88,2025-10-27,UPI
4342,4744,14428.3,2026-04-16,NEFT
4343,4746,11806.8,2025-10-18,Cheque
4344,4747,19197.43,2026-04-08,Cheque
4345,4748,22633.4,2025-09-06,UPI
4346,4749,11758.74,2026-05-20,UPI
4347,4750,45381.76,2026-04-14,NEFT
4348,4751,7850.57,2025-08-19,UPI
4349,4753,23203.89,2026-07-11,NEFT
4350,4754,12362.09,2025-11-24,NEFT
4351,4755,3278.67,2026-01-27,UPI
4352,4756,6947.26,2025-11-26,NEFT
4353,4757,1788.92,2026-02-05,UPI
4354,4758,6323.68,2026-06-02,NEFT
4355,4759,12372.08,2025-10-14,Cheque
4356,4760,19818.65,2026-02-25,UPI
4357,4761,8045.57,2025-12-04,Cheque
4358,4762,7153.31,2025-10-22,UPI
4359,4764,11368.25,2026-07-31,Cheque
4360,4765,24452.9,2026-05-22,NEFT
4361,4766,4983.42,2025-08-11,Cheque
4362,4767,9509.3,2025-09-25,Cheque
4363,4769,9843.56,2026-01-13,UPI
4364,4770,41435.52,2026-06-23,Cheque
4365,4772,10344.08,2026-07-16,UPI
4366,4773,4157.67,2025-12-22,NEFT
4367,4774,16668.74,2026-02-04,Cheque
4368,4775,6727.86,2025-07-27,UPI
4369,4776,5721.92,2026-03-25,UPI
4370,4777,17983.94,2025-12-19,UPI
4371,4778,3337.05,2025-10-25,Cheque
4372,4779,8716.03,2025-11-20,UPI
4373,4780,7958.44,2026-05-11,Cheque
4374,4781,10646.86,2025-12-28,UPI
4375,4782,48372.76,2025-06-18,Cheque
4376,4783,3405.15,2025-10-24,Cheque
4377,4784,2170.03,,NEFT
4378,4785,16873.31,2026-05-17,UPI
4379,4786,10244.37,2026-07-24,NEFT
4380,4787,12998.7,2026-01-28,NEFT
4381,4789,3185.93,2025-06-08,Cheque
4382,4790,29832.59,2026-07-31,Cheque
4383,4791,4701.17,2025-09-11,UPI
4384,4792,32722.2,2025-12-27,UPI
4385,4793,11927.45,2025-08-04,Cheque
4386,4794,5343.61,2026-06-21,UPI
4387,4795,6006.94,2026-02-13,UPI
4388,4796,40209.26,2025-12-16,NEFT
4389,4797,3630.29,2026-03-15,UPI
4390,4798,22416.29,2026-07-31,NEFT
4391,4799,5160.6,2025-10-31,UPI
4392,4800,7654.0,2025-12-31,Cheque
4393,4801,8469.16,2026-06-04,UPI
4394,4802,21311.27,2025-10-20,NEFT
4395,4803,5842.4,2025-05-12,Cheque
4396,4804,9506.2,2025-05-27,UPI
4397,4805,13123.63,2025-11-23,UPI
4398,4806,42983.82,2026-06-13,NEFT
4399,4807,18967.63,2026-05-27,Cheque
4400,4808,14623.13,2026-07-31,Cheque
4401,4810,2109.71,2025-08-22,UPI
4402,4811,5868.73,2025-06-15,Cheque
4403,4813,8842.13,2026-06-27,NEFT
4404,4814,6831.3,2025-06-09,UPI
4405,4815,44832.59,2026-07-31,Cheque
4406,4816,13583.05,2026-03-15,NEFT
4407,4817,33775.54,2025-10-09,NEFT
4408,4818,21377.99,2026-06-05,NEFT
4409,4819,7937.47,2025-07-17,Cheque
4410,4820,8023.74,2026-03-22,NEFT
4411,4821,4803.6,2026-03-21,Cheque
4412,4822,2602.88,2026-04-28,UPI
4413,4823,26290.67,2026-02-28,Cheque
4414,4824,8674.53,2026-07-31,NEFT
4415,4825,6600.74,2026-06-25,UPI
4416,4826,7235.64,2026-04-20,NEFT
4417,4827,19140.13,2025-11-08,UPI
4418,4828,19731.2,2025-07-23,NEFT
4419,4829,39070.31,2025-10-05,UPI
4420,4830,7791.52,2025-08-28,UPI
4421,4832,18328.81,2026-01-26,NEFT
4422,4833,3264.11,2025-06-17,NEFT
4423,4834,37206.18,2025-09-25,Cheque
4424,4836,3789.42,2026-07-06,NEFT
4425,4837,1413.73,,NEFT
4426,4838,7791.52,2025-12-29,NEFT
4427,4839,5614.37,2026-05-30,Cheque
4428,4840,10439.22,2026-07-31,NEFT
4429,4841,2998.62,,NEFT
4430,4842,21704.32,2025-09-26,NEFT
4431,4843,2509.83,2025-06-07,NEFT
4432,4845,2812.88,2025-09-27,NEFT
4433,4846,6871.56,2026-04-10,NEFT
4434,4847,4285.73,2026-03-31,NEFT
4435,4848,2629.71,2026-05-15,UPI
4436,4849,2885.07,2026-06-23,Cheque
4437,4850,42058.88,2026-01-26,Cheque
4438,4852,14016.19,2026-07-08,NEFT
4439,4853,13138.19,2025-12-30,UPI
4440,4854,331.01,2025-10-12,Cheque
4441,4855,13918.59,2026-05-11,NEFT
4442,4856,14487.6,2026-02-23,NEFT
4443,4857,2257.87,2026-02-26,NEFT
4444,4858,4468.68,2025-08-21,NEFT
4445,4859,1532.33,2025-11-21,Cheque
4446,4860,602.89,2026-07-31,Cheque
4447,4861,10147.14,2026-07-27,Cheque
4448,4862,9999.36,,Cheque
4449,4863,6633.46,2026-05-29,UPI
4450,4864,5401.17,,NEFT
4451,4865,24175.44,2026-07-31,NEFT
4452,4866,12378.76,2025-06-29,NEFT
4453,4867,39784.1,2026-07-12,UPI
4454,4868,28592.48,2026-05-07,Cheque
4455,4869,5903.4,2026-04-11,NEFT
4456,4870,764.04,,NEFT
4457,4871,15279.11,2025-06-09,NEFT
4458,4872,41966.22,2026-07-31,Cheque
4459,4873,3667.24,2026-01-28,UPI
4460,4874,6181.76,2025-12-16,UPI
4461,4876,10044.45,2025-06-07,NEFT
4462,4877,4470.87,2026-06-23,Cheque
4463,4878,9200.42,2026-01-23,NEFT
4464,4879,3578.47,2026-02-17,UPI
4465,4880,1711.88,2025-08-16,NEFT
4466,4881,6707.95,2025-06-15,NEFT
4467,4882,11612.66,2026-07-31,NEFT
4468,4883,1005.26,2025-08-17,UPI
4469,4884,18765.95,2025-08-23,Cheque
4470,4885,10252.0,2026-03-09,UPI
4471,4886,2836.62,2025-11-30,UPI
4472,4887,8894.35,2026-05-08,UPI
4473,4888,45228.24,2026-07-31,UPI
4474,4889,6947.39,2026-07-28,NEFT
4475,4892,5418.9,2026-05-22,Cheque
4476,4893,10081.22,2025-06-07,UPI
4477,4894,9810.88,2025-11-04,Cheque
4478,4896,10416.83,2026-04-25,NEFT
4479,4897,9518.96,2025-09-08,UPI
4480,4898,6937.85,2025-06-06,UPI
4481,4899,2144.93,,Cheque
4482,4900,2723.96,,NEFT
4483,4901,31190.73,2025-09-28,UPI
4484,4902,4473.95,2025-11-27,NEFT
4485,4903,13560.22,2026-07-31,UPI
4486,4904,18257.5,2025-06-20,Cheque
4487,4905,4402.94,2025-06-30,UPI
4488,4906,15518.97,2026-03-27,Cheque
4489,4907,3461.29,2026-04-21,Cheque
4490,4908,18035.37,2025-10-27,NEFT
4491,4909,10905.03,2026-05-13,Cheque
4492,4913,10186.07,2025-06-02,Cheque
4493,4915,32982.57,2025-05-30,UPI
4494,4916,12453.65,,NEFT
4495,4918,5123.82,2026-03-15,NEFT
4496,4919,2895.16,2026-01-06,NEFT
4497,4920,21583.48,2026-01-03,Cheque
4498,4921,6768.84,2025-06-06,Cheque
4499,4922,13467.85,2025-12-22,Cheque
4500,4923,14486.68,2025-12-02,NEFT
4501,4924,46861.6,2026-03-16,NEFT
4502,4925,9453.6,2025-09-13,NEFT
4503,4926,6876.49,2025-10-30,NEFT
4504,4927,6192.72,2025-10-03,Cheque
4505,4928,8883.78,2025-11-10,Cheque
4506,4929,9093.48,2026-04-29,UPI
4507,4930,6371.86,2026-02-24,NEFT
4508,4931,44721.54,2025-10-05,Cheque
4509,4932,7010.24,2026-01-04,Cheque
4510,4933,18418.17,2026-05-06,NEFT
4511,4934,2073.6,2025-06-05,Cheque
4512,4935,37206.93,2026-06-25,NEFT
4513,4936,6034.89,2026-07-20,Cheque
4514,4937,7053.73,2026-05-04,Cheque
4515,4938,15357.52,2026-06-11,UPI
4516,4939,14626.19,2025-11-30,UPI
4517,4940,5528.9,2025-12-31,Cheque
4518,4941,9113.76,2026-02-23,UPI
4519,4942,4430.71,,UPI
4520,4943,24826.92,2025-06-15,Cheque
4521,4944,4732.62,2026-05-20,UPI
4522,4945,3934.32,2026-01-16,UPI
4523,4946,5705.58,2026-03-06,UPI
4524,4947,25974.96,2026-05-23,NEFT
4525,4948,5879.71,2026-05-24,UPI
4526,4949,41667.33,2026-07-28,UPI
4527,4950,9977.45,2025-10-12,UPI
4528,4951,5649.57,2025-10-11,Cheque
4529,4952,19381.11,2025-10-21,UPI
4530,4954,6733.9,2025-08-29,Cheque
4531,4955,18987.38,2026-04-07,NEFT
4532,4956,1578.56,,UPI
4533,4957,6082.92,2026-02-24,NEFT
4534,4958,16822.44,2025-07-11,NEFT
4535,4959,18231.03,2026-07-31,UPI
4536,4960,19479.07,2025-07-18,NEFT
4537,4961,25161.61,2025-11-21,UPI
4538,4963,881.31,,NEFT
4539,4964,10097.95,2026-04-07,Cheque
4540,4965,18333.37,2026-07-31,UPI
4541,4966,7415.04,2026-02-21,NEFT
4542,4967,1843.19,,NEFT
4543,4968,3159.39,2025-10-01,UPI
4544,4969,7083.91,2025-07-17,NEFT
4545,4970,1115.52,2025-06-02,NEFT
4546,4971,3623.15,2025-12-17,NEFT
4547,4972,30738.14,2026-04-10,UPI
4548,4973,4427.52,2025-09-14,Cheque
4549,4974,9974.86,2026-02-16,NEFT
4550,4975,20249.85,2025-11-23,NEFT
4551,4976,36955.18,2025-09-10,NEFT
4552,4977,11725.84,2026-03-03,NEFT
4553,4978,10413.45,2025-09-27,Cheque
4554,4979,31305.61,2025-12-25,Cheque
4555,4980,10342.22,2026-02-16,UPI
4556,4981,3828.66,,UPI
4557,4982,17285.06,2025-12-04,NEFT
4558,4983,12828.43,2025-10-12,UPI
4559,4984,22325.89,2026-07-01,UPI
4560,4985,17070.63,2025-09-10,UPI
4561,4986,13641.62,2025-06-30,UPI
4562,4987,12874.32,2026-02-16,UPI
4563,4988,2032.13,2026-02-08,UPI
4564,4989,1184.4,2025-10-12,Cheque
4565,4990,23585.57,2025-10-04,Cheque
4566,4992,1579.69,2025-08-17,NEFT
4567,4993,30733.11,2026-06-25,Cheque
4568,4994,24330.38,2025-12-28,UPI
4569,4995,37630.53,2026-04-12,Cheque
4570,4996,5472.78,2025-07-04,UPI
4571,4997,14155.26,2026-03-20,UPI
4572,4998,16067.75,2025-06-12,NEFT
4573,4999,5759.23,2026-02-07,Cheque
4574,5000,16744.42,2026-05-22,Cheque
