order_id,order_date,dealer_id,product_id,quantity,unit_price,discount_pct,total_amount,dispatch_date,payment_status
1,2026-04-14,64,7,13,1787.03,5.0,22069.82,2026-04-15,Partial
2,2025-07-01,26,17,17,747.54,3.0,12326.93,2025-07-03,Partial
3,2026-04-18,38,34,19,376.49,3.0,6938.71,2026-04-21,Paid
4,2025-08-12,53,11,11,1345.49,0.0,14800.39,2025-08-16,Overdue
5,2026-02-13,29,25,11,1589.47,3.0,16959.64,2026-02-16,Overdue
6,2026-01-09,33,10,6,1180.68,5.0,6729.88,2026-01-11,Overdue
7,2025-10-06,13,18,17,1285.87,0.0,21859.79,2025-10-07,Paid
8,2026-03-20,47,33,6,1777.66,0.0,10665.96,2026-03-24,Paid
9,2026-02-07,43,16,15,1370.49,7.0,19118.34,2026-02-11,Paid
10,2026-04-11,47,43,16,520.68,5.0,7914.34,2026-04-12,Paid
11,2025-10-18,60,42,8,644.47,5.0,4897.97,2025-10-19,Partial
12,2025-06-20,9,34,12,376.49,5.0,4291.99,2025-06-21,Overdue
13,2026-04-11,21,38,26,239.29,5.0,5910.46,2026-04-14,Paid
14,2026-06-03,40,18,13,1285.87,3.0,16214.82,2026-06-04,Paid
15,2026-02-15,41,18,15,1285.87,5.0,18323.65,2026-02-17,Paid
16,2025-09-05,17,11,16,1345.49,5.0,20451.45,2025-09-08,Paid
17,2025-10-24,33,36,15,590.85,3.0,8596.87,2025-10-25,Paid
18,2025-09-25,49,19,12,1770.9,2.0,20825.78,2025-09-27,Paid
19,2026-05-14,51,36,21,590.85,0.0,12407.85,2026-05-17,Paid
20,2025-07-17,1,33,22,1777.66,2.0,38326.35,2025-07-19,Paid
21,2026-03-15,51,5,12,1898.46,5.0,21642.44,2026-03-17,Overdue
22,2026-05-15,34,37,27,127.78,0.0,3450.06,2026-05-16,Partial
23,2026-07-17,67,23,12,211.88,0.0,2542.56,2026-07-21,Partial
24,2026-06-22,8,37,18,127.78,3.0,2231.04,2026-06-24,Partial
25,2025-12-09,14,15,22,148.05,0.0,3257.1,2025-12-10,Paid
26,2025-06-05,19,29,22,426.56,5.0,8915.1,2025-06-08,Partial
27,2025-08-27,67,13,9,410.08,2.0,3616.91,2025-08-30,Partial
28,2025-07-20,24,40,18,289.63,2.0,5109.07,2025-07-23,Paid
29,2025-05-09,14,25,17,1589.47,2.0,26480.57,2025-05-12,Paid
30,2025-10-01,4,24,17,1980.55,3.0,32659.27,2025-10-03,Partial
31,2025-06-03,38,25,10,1589.47,5.0,15099.97,2025-06-05,Paid
32,2026-03-09,27,12,12,1973.12,0.0,23677.44,2026-03-12,Paid
33,2026-06-05,45,19,18,1770.9,0.0,31876.2,2026-06-06,Paid
34,2026-02-16,53,35,25,683.13,5.0,16224.34,2026-02-17,Paid
35,2025-12-18,39,26,6,965.84,2.0,5679.14,2025-12-22,Overdue
36,2026-01-05,33,2,24,1691.19,0.0,40588.56,2026-01-08,Partial
37,2026-07-24,26,5,13,1898.46,2.0,24186.38,2026-07-28,Paid
38,2025-06-08,25,4,22,1306.68,5.0,27309.61,2025-06-12,Partial
39,2026-07-17,44,42,21,644.47,7.0,12586.5,2026-07-21,Paid
40,2025-09-26,8,35,9,683.13,3.0,5963.72,2025-09-30,Partial
41,2026-06-14,59,3,19,345.6,0.0,6566.4,2026-06-17,Paid
42,2026-01-25,7,6,11,512.21,0.0,5634.31,2026-01-27,Overdue
43,2026-06-06,39,24,11,1980.55,0.0,21786.05,2026-06-10,Paid
44,2026-02-17,3,24,27,1980.55,2.0,52405.35,2026-02-18,Paid
45,2026-06-01,25,29,20,426.56,2.0,8360.58,2026-06-04,Overdue
46,2025-06-03,42,1,27,312.72,0.0,8443.44,2025-06-06,Paid
47,2025-05-29,46,35,25,683.13,2.0,16736.69,2025-06-01,Paid
48,2026-06-18,10,19,11,1770.9,2.0,19090.3,2026-06-20,Partial
49,2025-09-23,68,11,20,1345.49,0.0,26909.8,2025-09-24,Overdue
50,2025-09-17,68,44,9,715.24,5.0,6115.3,2025-09-20,Paid
51,2026-04-09,46,22,17,1032.12,7.0,16317.82,2026-04-13,Partial
52,2026-03-06,63,28,17,864.2,0.0,14691.4,2026-03-08,Paid
53,2026-05-11,3,16,9,1370.49,3.0,11964.38,2026-05-14,Paid
54,2026-05-14,61,18,22,1285.87,2.0,27723.36,2026-05-15,Overdue
55,2026-06-02,68,39,15,1675.12,5.0,23870.46,2026-06-05,Paid
56,2025-05-09,42,15,9,148.05,3.0,1292.48,2025-05-11,Paid
57,2025-10-23,5,23,10,211.88,7.0,1970.48,2025-10-24,Paid
58,2026-02-25,40,22,23,1032.12,5.0,22551.82,2026-03-01,Paid
59,2026-01-17,33,24,20,1980.55,3.0,38422.67,2026-01-20,Overdue
60,2025-10-17,53,5,10,1898.46,0.0,18984.6,2025-10-20,Overdue
61,2026-05-29,42,37,25,127.78,3.0,3098.66,2026-05-31,Paid
62,2026-02-19,12,9,17,1636.11,3.0,26979.45,2026-02-23,Overdue
63,2026-03-22,35,13,11,410.08,2.0,4420.66,2026-03-26,Overdue
64,2026-02-02,37,43,8,520.68,0.0,4165.44,2026-02-06,Paid
65,2026-05-29,17,22,26,1032.12,3.0,26030.07,2026-05-31,Paid
66,2025-11-20,29,34,7,376.49,3.0,2556.37,2025-11-21,Paid
67,2026-07-09,32,12,27,1973.12,2.0,52208.76,2026-07-10,Paid
68,2025-06-08,13,24,15,1980.55,0.0,29708.25,2025-06-12,Paid
69,2025-11-11,27,43,16,520.68,0.0,8330.88,2025-11-14,Partial
70,2026-07-15,19,20,5,768.72,2.0,3766.73,2026-07-19,Partial
71,2026-02-04,25,17,19,747.54,2.0,13919.19,2026-02-05,Paid
72,2025-05-08,53,35,18,683.13,2.0,12050.41,2025-05-09,Paid
73,2026-06-08,3,36,18,590.85,3.0,10316.24,2026-06-12,Paid
74,2026-07-06,38,23,26,211.88,3.0,5343.61,2026-07-10,Paid
75,2025-11-21,64,7,25,1787.03,0.0,44675.75,2025-11-24,Paid
76,2025-06-01,38,30,5,1771.57,7.0,8237.8,2025-06-02,Overdue
77,2025-10-07,46,1,26,312.72,3.0,7886.8,2025-10-09,Partial
78,2025-12-11,2,4,17,1306.68,0.0,22213.56,2025-12-13,Partial
79,2025-08-30,46,37,6,127.78,0.0,766.68,2025-09-02,Partial
80,2026-01-17,9,28,13,864.2,3.0,10897.56,2026-01-19,Overdue
81,2025-07-23,7,25,10,1589.47,5.0,15099.97,2025-07-26,Paid
82,2026-04-27,60,20,22,768.72,0.0,16911.84,2026-04-28,Paid
83,2025-06-24,19,22,17,1032.12,0.0,17546.04,2025-06-26,Partial
84,2025-11-27,18,11,13,1345.49,2.0,17141.54,2025-11-30,Paid
85,2026-07-21,54,10,11,1180.68,2.0,12727.73,2026-07-25,Overdue
86,2025-12-06,4,17,24,747.54,2.0,17582.14,2025-12-10,Paid
87,2026-01-05,36,33,8,1777.66,5.0,13510.22,2026-01-07,Overdue
88,2026-01-01,58,17,7,747.54,3.0,5075.8,2026-01-02,Paid
89,2025-05-08,26,19,27,1770.9,3.0,46379.87,2025-05-11,Paid
90,2026-06-26,69,23,26,211.88,5.0,5233.44,2026-06-29,Paid
91,2025-12-17,2,8,6,642.71,5.0,3663.45,2025-12-21,Paid
92,2026-02-27,23,11,14,1345.49,0.0,18836.86,2026-02-28,Paid
93,2025-09-10,1,12,15,1973.12,7.0,27525.02,2025-09-14,Paid
94,2025-10-22,37,30,9,1771.57,5.0,15146.92,2025-10-24,Partial
95,2026-06-08,61,13,6,410.08,0.0,2460.48,2026-06-09,Paid
96,2025-11-14,35,9,9,1636.11,0.0,14724.99,2025-11-16,Paid
97,2025-09-03,43,43,22,520.68,7.0,10653.11,2025-09-06,Paid
98,2026-06-11,50,31,24,297.43,0.0,7138.32,2026-06-15,Paid
99,2026-04-06,8,5,12,1898.46,0.0,22781.52,2026-04-08,Paid
100,2025-11-09,34,38,15,239.29,3.0,3481.67,2025-11-11,Paid
101,2026-07-26,46,31,23,297.43,7.0,6362.03,2026-07-28,Partial
102,2025-11-08,66,3,13,345.6,5.0,4268.16,2025-11-11,Overdue
103,2025-08-06,68,19,18,1770.9,5.0,30282.39,2025-08-08,Paid
104,2026-04-04,23,40,5,289.63,0.0,1448.15,2026-04-05,Paid
105,2025-07-15,65,28,19,864.2,3.0,15927.21,2025-07-16,Paid
106,2026-07-02,35,1,15,312.72,3.0,4550.08,2026-07-05,Partial
107,2026-03-24,26,24,10,1980.55,5.0,18815.22,2026-03-26,Partial
108,2025-12-14,44,28,20,864.2,2.0,16938.32,2025-12-15,Partial
109,2025-08-15,23,1,19,312.72,0.0,5941.68,2025-08-19,Overdue
110,2026-01-30,13,5,8,1898.46,0.0,15187.68,2026-01-31,Paid
111,2026-02-15,28,27,14,1743.53,3.0,23677.14,2026-02-17,Partial
112,2026-04-16,7,39,11,1675.12,2.0,18057.79,2026-04-17,Partial
113,2025-06-05,56,20,26,768.72,5.0,18987.38,2025-06-06,Paid
114,2026-05-14,47,1,26,312.72,5.0,7724.18,2026-05-15,Overdue
115,2025-05-10,15,8,14,642.71,5.0,8548.04,2025-05-13,Paid
116,2025-06-19,68,33,8,1777.66,2.0,13936.85,2025-06-21,Partial
117,2025-12-28,55,7,21,1787.03,3.0,36401.8,2025-12-29,Overdue
118,2026-07-06,22,15,7,148.05,3.0,1005.26,2026-07-07,Paid
119,2026-01-09,57,7,7,1787.03,3.0,12133.93,2026-01-10,Partial
120,2025-11-04,24,37,8,127.78,3.0,991.57,2025-11-05,Paid
121,2025-12-18,36,30,8,1771.57,0.0,14172.56,2025-12-20,Paid
122,2026-01-24,68,24,6,1980.55,3.0,11526.8,2026-01-28,Paid
123,2025-07-06,50,24,7,1980.55,0.0,13863.85,2025-07-08,Paid
124,2026-04-19,35,21,24,950.93,0.0,22822.32,2026-04-20,Paid
125,2026-02-27,31,10,20,1180.68,2.0,23141.33,2026-03-03,Paid
126,2026-05-31,16,45,7,1546.51,5.0,10284.29,2026-06-04,Paid
127,2026-04-25,5,35,5,683.13,5.0,3244.87,2026-04-27,Paid
128,2025-10-08,32,28,16,864.2,5.0,13135.84,2025-10-11,Partial
129,2026-04-26,66,4,13,1306.68,2.0,16647.1,2026-04-30,Partial
130,2026-01-17,55,42,15,644.47,3.0,9377.04,2026-01-19,Paid
131,2025-06-11,49,25,17,1589.47,2.0,26480.57,2025-06-15,Overdue
132,2025-05-14,52,4,25,1306.68,0.0,32667.0,2025-05-16,Paid
133,2026-01-11,20,42,6,644.47,0.0,3866.82,2026-01-13,Overdue
134,2026-05-22,52,43,10,520.68,0.0,5206.8,2026-05-23,Paid
135,2025-05-25,68,11,17,1345.49,2.0,22415.86,2025-05-26,Overdue
136,2026-03-30,31,40,10,289.63,0.0,2896.3,2026-04-03,Paid
137,2025-05-05,31,36,14,590.85,0.0,8271.9,2025-05-06,Paid
138,2026-07-31,56,20,13,768.72,0.0,9993.36,2026-08-03,Paid
139,2026-01-07,16,28,8,864.2,7.0,6429.65,2026-01-11,Partial
140,2025-07-02,50,36,7,590.85,2.0,4053.23,2025-07-05,Paid
141,2025-10-30,5,19,25,1770.9,0.0,44272.5,2025-11-02,Paid
142,2026-05-24,39,10,25,1180.68,5.0,28041.15,2026-05-26,Paid
143,2025-10-07,45,22,7,1032.12,0.0,7224.84,2025-10-11,Paid
144,2025-11-12,26,39,20,1675.12,3.0,32497.33,2025-11-13,Paid
145,2025-06-11,38,36,17,590.85,0.0,10044.45,2025-06-12,Paid
146,2025-09-07,1,20,5,768.72,5.0,3651.42,2025-09-08,Paid
147,2026-01-19,34,41,12,664.81,0.0,7977.72,2026-01-20,Overdue
148,2026-06-20,69,45,27,1546.51,3.0,40503.1,2026-06-23,Paid
149,2025-08-17,1,37,7,127.78,0.0,894.46,2025-08-19,Overdue
150,2026-06-03,52,43,23,520.68,0.0,11975.64,2026-06-04,Paid
151,2026-03-16,8,20,19,768.72,0.0,14605.68,2026-03-20,Overdue
152,2026-03-25,25,18,22,1285.87,0.0,28289.14,2026-03-27,Paid
153,2025-12-03,41,24,22,1980.55,2.0,42700.66,2025-12-07,Paid
154,2025-10-28,13,42,20,644.47,5.0,12244.93,2025-10-29,Partial
155,2026-07-31,55,17,18,747.54,2.0,13186.61,2026-08-04,Paid
156,2026-02-12,44,23,21,211.88,3.0,4316.0,2026-02-15,Paid
157,2025-12-19,12,25,25,1589.47,5.0,37749.91,2025-12-21,Paid
158,2025-09-28,7,30,15,1771.57,2.0,26042.08,2025-09-29,Partial
159,2025-05-29,2,31,24,297.43,5.0,6781.4,2025-06-01,Paid
160,2025-10-18,22,35,5,683.13,2.0,3347.34,2025-10-21,Paid
161,2026-02-19,30,26,9,965.84,0.0,8692.56,2026-02-23,Paid
162,2025-05-03,5,45,12,1546.51,0.0,18558.12,2025-05-04,Overdue
163,2025-07-05,27,16,17,1370.49,2.0,22832.36,2025-07-07,Paid
164,2025-05-12,54,34,18,376.49,3.0,6573.52,2025-05-15,Partial
165,2026-03-08,70,23,8,211.88,2.0,1661.14,2026-03-12,Paid
166,2026-02-17,26,30,26,1771.57,3.0,44679.0,2026-02-19,Paid
167,2025-05-20,45,19,11,1770.9,2.0,19090.3,2025-05-21,Paid
168,2026-05-23,55,3,6,345.6,3.0,2011.39,2026-05-24,Paid
169,2025-09-29,22,16,10,1370.49,0.0,13704.9,2025-10-03,Partial
170,2025-08-21,55,20,22,768.72,2.0,16573.6,2025-08-24,Paid
171,2025-08-26,57,29,21,426.56,3.0,8689.03,2025-08-29,Paid
172,2025-06-16,70,38,15,239.29,3.0,3481.67,2025-06-20,Overdue
173,2025-09-15,61,16,17,1370.49,3.0,22599.38,2025-09-16,Paid
174,2025-12-31,51,3,7,345.6,2.0,2370.82,2026-01-01,Overdue
175,2026-01-16,64,32,8,730.3,0.0,5842.4,2026-01-20,Overdue
176,2025-10-29,41,11,16,1345.49,0.0,21527.84,2025-10-30,Partial
177,2026-04-29,24,3,26,345.6,0.0,8985.6,2026-05-03,Paid
178,2025-10-29,16,20,17,768.72,0.0,13068.24,2025-11-02,Paid
179,2025-05-21,57,24,5,1980.55,5.0,9407.61,2025-05-23,Paid
180,2025-09-20,20,40,25,289.63,0.0,7240.75,2025-09-21,Paid
181,2025-05-21,58,12,7,1973.12,3.0,13397.48,2025-05-24,Paid
182,2026-07-19,12,6,22,512.21,3.0,10930.56,2026-07-22,Paid
183,2025-07-20,33,45,6,1546.51,2.0,9093.48,2025-07-22,Paid
184,2025-08-06,17,4,10,1306.68,5.0,12413.46,2025-08-08,Paid
185,2025-07-05,57,5,20,1898.46,2.0,37209.82,2025-07-08,Partial
186,2025-06-28,60,21,23,950.93,5.0,20777.82,2025-06-29,Paid
187,2026-05-01,68,34,19,376.49,0.0,7153.31,2026-05-04,Overdue
188,2025-06-27,40,34,21,376.49,0.0,7906.29,2025-07-01,Paid
189,2025-12-13,42,5,24,1898.46,2.0,44651.78,2025-12-16,Paid
190,2026-01-22,51,10,14,1180.68,0.0,16529.52,2026-01-26,Paid
191,2026-05-28,55,18,20,1285.87,5.0,24431.53,2026-05-30,Paid
192,2026-04-01,7,39,7,1675.12,5.0,11139.55,2026-04-02,Paid
193,2025-08-09,8,33,20,1777.66,0.0,35553.2,2025-08-11,Paid
194,2025-06-01,19,6,15,512.21,2.0,7529.49,2025-06-04,Overdue
195,2025-10-05,21,29,8,426.56,7.0,3173.61,2025-10-06,Overdue
196,2026-04-18,3,2,24,1691.19,5.0,38559.13,2026-04-21,Paid
197,2026-05-07,9,42,10,644.47,3.0,6251.36,2026-05-09,Paid
198,2025-07-15,3,16,20,1370.49,3.0,26587.51,2025-07-18,Partial
199,2026-03-03,41,21,15,950.93,3.0,13836.03,2026-03-04,Paid
200,2026-04-15,11,45,7,1546.51,0.0,10825.57,2026-04-19,Partial
201,2026-07-28,39,39,5,1675.12,5.0,7956.82,2026-08-01,Paid
202,2026-02-27,25,14,25,1010.26,0.0,25256.5,2026-03-03,Paid
203,2025-06-08,17,37,17,127.78,5.0,2063.65,2025-06-11,Partial
204,2025-06-07,46,11,25,1345.49,2.0,32964.5,2025-06-10,Paid
205,2026-06-28,25,34,10,376.49,0.0,3764.9,2026-07-01,Overdue
206,2026-06-30,3,32,24,730.3,7.0,16300.3,2026-07-03,Paid
207,2026-07-05,19,21,10,950.93,0.0,9509.3,2026-07-07,Paid
208,2025-10-08,64,22,18,1032.12,3.0,18020.82,2025-10-10,Paid
209,2025-11-12,41,3,12,345.6,5.0,3939.84,2025-11-13,Paid
210,2025-05-16,55,11,21,1345.49,0.0,28255.29,2025-05-20,Paid
211,2026-01-10,50,30,20,1771.57,5.0,33659.83,2026-01-11,Paid
212,2026-05-28,61,31,21,297.43,0.0,6246.03,2026-05-31,Overdue
213,2026-06-28,47,15,16,148.05,2.0,2321.42,2026-06-30,Paid
214,2025-12-18,22,43,10,520.68,3.0,5050.6,2025-12-22,Partial
215,2025-07-06,45,30,6,1771.57,0.0,10629.42,2025-07-07,Paid
216,2026-01-17,38,41,22,664.81,2.0,14333.3,2026-01-20,Paid
217,2026-07-15,65,15,21,148.05,3.0,3015.78,2026-07-16,Paid
218,2025-11-05,13,1,18,312.72,0.0,5628.96,2025-11-07,Partial
219,2025-11-08,49,24,15,1980.55,0.0,29708.25,2025-11-09,Paid
220,2025-05-17,41,6,23,512.21,5.0,11191.79,2025-05-18,Paid
221,2026-05-30,19,6,18,512.21,0.0,9219.78,2026-06-03,Paid
222,2026-07-19,12,14,17,1010.26,3.0,16659.19,2026-07-21,Overdue
223,2026-07-05,30,3,19,345.6,5.0,6238.08,2026-07-07,Paid
224,2025-07-21,36,5,19,1898.46,2.0,35349.33,2025-07-22,Partial
225,2026-07-21,2,30,14,1771.57,2.0,24305.94,2026-07-23,Paid
226,2025-08-26,51,6,11,512.21,5.0,5352.59,2025-08-27,Partial
227,2026-06-04,3,45,6,1546.51,0.0,9279.06,2026-06-07,Paid
228,2026-02-25,55,18,9,1285.87,0.0,11572.83,2026-02-28,Paid
229,2026-02-08,38,18,15,1285.87,2.0,18902.29,2026-02-10,Partial
230,2026-04-29,60,36,7,590.85,2.0,4053.23,2026-05-02,Paid
231,2025-10-07,48,17,26,747.54,3.0,18852.96,2025-10-08,Partial
232,2026-06-25,68,41,5,664.81,7.0,3091.37,2026-06-29,Paid
233,2026-07-01,35,18,15,1285.87,2.0,18902.29,2026-07-05,Partial
234,2025-05-31,65,31,17,297.43,7.0,4702.37,2025-06-03,Paid
235,2026-01-15,45,5,18,1898.46,0.0,34172.28,2026-01-18,Paid
236,2026-03-11,6,7,25,1787.03,0.0,44675.75,2026-03-13,Overdue
237,2025-07-26,35,20,22,768.72,5.0,16066.25,2025-07-29,Overdue
238,2025-08-17,17,44,26,715.24,2.0,18224.32,2025-08-18,Paid
239,2026-05-14,53,38,7,239.29,2.0,1641.53,2026-05-16,Paid
240,2026-05-18,46,13,16,410.08,5.0,6233.22,2026-05-22,Paid
241,2025-09-02,24,20,19,768.72,5.0,13875.4,2025-09-05,Paid
242,2026-01-05,24,21,11,950.93,2.0,10251.03,2026-01-06,Paid
243,2025-07-03,19,27,6,1743.53,3.0,10147.34,2025-07-05,Paid
244,2025-05-05,11,36,24,590.85,2.0,13896.79,2025-05-06,Paid
245,2025-10-01,19,45,16,1546.51,5.0,23506.95,2025-10-03,Paid
246,2026-07-20,33,35,19,683.13,3.0,12590.09,2026-07-21,Overdue
247,2026-07-11,51,45,22,1546.51,2.0,33342.76,2026-07-15,Paid
248,2025-06-17,35,45,12,1546.51,5.0,17630.21,2025-06-18,Paid
249,2026-02-18,63,12,9,1973.12,2.0,17402.92,2026-02-22,Paid
250,2026-04-14,22,2,7,1691.19,3.0,11483.18,2026-04-18,Paid
251,2025-09-29,41,33,19,1777.66,7.0,31411.25,2025-09-30,Paid
252,2025-09-12,30,2,8,1691.19,5.0,12853.04,2025-09-16,Partial
253,2025-09-05,60,37,5,127.78,5.0,606.95,2025-09-08,Paid
254,2026-07-04,34,13,8,410.08,2.0,3215.03,2026-07-08,Paid
255,2025-11-04,14,26,6,965.84,0.0,5795.04,2025-11-08,Paid
256,2025-09-22,40,23,14,211.88,0.0,2966.32,2025-09-24,Paid
257,2025-10-31,13,14,6,1010.26,0.0,6061.56,2025-11-02,Partial
258,2026-02-19,53,11,13,1345.49,0.0,17491.37,2026-02-20,Paid
259,2026-02-05,57,6,21,512.21,3.0,10433.72,2026-02-09,Overdue
260,2025-06-21,54,29,22,426.56,0.0,9384.32,2025-06-24,Partial
261,2025-11-07,30,6,27,512.21,3.0,13414.78,2025-11-09,Paid
262,2025-07-18,49,5,21,1898.46,2.0,39070.31,2025-07-20,Paid
263,2026-01-19,50,1,9,312.72,7.0,2617.47,2026-01-20,Paid
264,2025-09-14,19,38,16,239.29,3.0,3713.78,2025-09-16,Overdue
265,2026-06-05,37,31,5,297.43,7.0,1383.05,2026-06-06,Partial
266,2025-08-09,13,44,16,715.24,0.0,11443.84,2025-08-10,Partial
267,2026-02-17,12,3,9,345.6,2.0,3048.19,2026-02-20,Paid
268,2026-01-11,18,17,16,747.54,0.0,11960.64,2026-01-12,Overdue
269,2025-08-08,13,39,20,1675.12,2.0,32832.35,2025-08-12,Overdue
270,2025-12-23,45,14,12,1010.26,3.0,11759.43,2025-12-27,Partial
271,2026-03-06,28,9,8,1636.11,0.0,13088.88,2026-03-07,Paid
272,2025-09-15,54,25,19,1589.47,5.0,28689.93,2025-09-17,Paid
273,2025-09-15,14,2,7,1691.19,2.0,11601.56,2025-09-19,Paid
274,2026-06-13,43,44,10,715.24,5.0,6794.78,2026-06-16,Paid
275,2026-02-07,58,26,14,965.84,5.0,12845.67,2026-02-10,Partial
276,2025-06-02,25,34,11,376.49,2.0,4058.56,2025-06-06,Paid
277,2025-12-14,7,39,13,1675.12,2.0,21341.03,2025-12-15,Partial
278,2025-09-09,59,41,13,664.81,7.0,8037.55,2025-09-12,Paid
279,2025-12-04,44,27,12,1743.53,7.0,19457.79,2025-12-07,Partial
280,2025-06-28,17,33,11,1777.66,0.0,19554.26,2025-07-01,Paid
281,2025-10-28,11,24,8,1980.55,2.0,15527.51,2025-11-01,Partial
282,2025-06-26,60,41,13,664.81,3.0,8383.25,2025-06-30,Partial
283,2025-10-08,54,44,6,715.24,0.0,4291.44,2025-10-10,Paid
284,2026-02-18,6,42,22,644.47,2.0,13894.77,2026-02-20,Paid
285,2026-07-02,8,41,16,664.81,5.0,10105.11,2026-07-06,Overdue
286,2026-01-27,41,29,20,426.56,2.0,8360.58,2026-01-31,Overdue
287,2026-04-22,11,20,23,768.72,0.0,17680.56,2026-04-24,Paid
288,2025-08-16,4,36,6,590.85,3.0,3438.75,2025-08-18,Paid
289,2025-09-18,8,39,8,1675.12,0.0,13400.96,2025-09-19,Paid
290,2025-09-14,44,38,8,239.29,2.0,1876.03,2025-09-17,Overdue
291,2026-01-07,42,9,27,1636.11,3.0,42849.72,2026-01-10,Paid
292,2026-04-29,67,30,14,1771.57,5.0,23561.88,2026-05-02,Paid
293,2025-10-07,1,24,11,1980.55,2.0,21350.33,2025-10-09,Paid
294,2026-01-29,17,45,24,1546.51,3.0,36002.75,2026-01-31,Paid
295,2025-10-01,58,42,24,644.47,0.0,15467.28,2025-10-03,Partial
296,2026-02-02,17,40,17,289.63,0.0,4923.71,2026-02-06,Paid
297,2025-08-07,21,15,23,148.05,0.0,3405.15,2025-08-10,Paid
298,2025-06-09,26,19,18,1770.9,5.0,30282.39,2025-06-11,Paid
299,2025-06-10,8,14,20,1010.26,5.0,19194.94,2025-06-13,Paid
300,2026-06-25,15,21,19,950.93,5.0,17164.29,2026-06-26,Partial
301,2026-03-19,4,24,21,1980.55,2.0,40759.72,2026-03-20,Paid
302,2026-03-14,53,24,26,1980.55,2.0,50464.41,2026-03-16,Partial
303,2025-11-28,61,11,23,1345.49,0.0,30946.27,2025-11-30,Paid
304,2025-12-25,36,19,17,1770.9,2.0,29503.19,2025-12-26,Paid
305,2025-11-22,51,6,20,512.21,5.0,9731.99,2025-11-23,Partial
306,2026-07-30,21,30,27,1771.57,2.0,46875.74,2026-07-31,Partial
307,2025-11-30,10,12,8,1973.12,7.0,14680.01,2025-12-01,Paid
308,2025-11-07,65,23,8,211.88,7.0,1576.39,2025-11-11,Paid
309,2026-05-14,39,37,19,127.78,3.0,2354.99,2026-05-16,Partial
310,2025-07-12,41,16,10,1370.49,3.0,13293.75,2025-07-15,Paid
311,2025-08-17,47,43,5,520.68,2.0,2551.33,2025-08-21,Paid
312,2026-05-07,43,6,18,512.21,3.0,8943.19,2026-05-11,Overdue
313,2026-06-17,59,37,5,127.78,7.0,594.18,2026-06-18,Paid
314,2025-05-13,6,44,7,715.24,7.0,4656.21,2025-05-15,Paid
315,2025-08-03,20,14,27,1010.26,2.0,26731.48,2025-08-06,Partial
316,2026-05-10,56,26,20,965.84,7.0,17964.62,2026-05-14,Paid
317,2025-09-03,12,18,9,1285.87,2.0,11341.37,2025-09-04,Paid
318,2026-03-30,28,28,5,864.2,0.0,4321.0,2026-04-01,Paid
319,2025-06-16,66,18,5,1285.87,3.0,6236.47,2025-06-19,Partial
320,2026-01-03,54,45,22,1546.51,7.0,31641.59,2026-01-05,Overdue
321,2025-11-18,29,9,10,1636.11,2.0,16033.88,2025-11-22,Overdue
322,2025-12-05,49,24,11,1980.55,0.0,21786.05,2025-12-08,Paid
323,2025-07-13,24,32,15,730.3,3.0,10625.86,2025-07-15,Paid
324,2026-07-12,41,32,23,730.3,3.0,16292.99,2026-07-14,Paid
325,2025-09-11,67,12,14,1973.12,2.0,27071.21,2025-09-14,Partial
326,2026-07-26,29,43,14,520.68,3.0,7070.83,2026-07-30,Paid
327,2026-04-21,22,32,17,730.3,2.0,12166.8,2026-04-24,Paid
328,2025-10-11,9,43,14,520.68,2.0,7143.73,2025-10-13,Partial
329,2026-03-26,17,1,26,312.72,2.0,7968.11,2026-03-27,Overdue
330,2026-05-02,28,12,13,1973.12,2.0,25137.55,2026-05-05,Overdue
331,2025-10-17,41,32,17,730.3,0.0,12415.1,2025-10-20,Paid
332,2025-12-11,63,10,9,1180.68,0.0,10626.12,2025-12-13,Overdue
333,2026-03-14,67,28,15,864.2,3.0,12574.11,2026-03-16,Paid
334,2025-09-04,38,38,17,239.29,5.0,3864.53,2025-09-05,Paid
335,2025-10-26,8,35,21,683.13,5.0,13628.44,2025-10-29,Paid
336,2026-02-08,60,42,9,644.47,3.0,5626.22,2026-02-11,Partial
337,2026-06-24,40,25,15,1589.47,7.0,22173.11,2026-06-27,Paid
338,2025-11-02,11,1,8,312.72,3.0,2426.71,2025-11-04,Paid
339,2026-03-07,1,33,10,1777.66,3.0,17243.3,2026-03-08,Paid
340,2025-11-18,5,43,22,520.68,5.0,10882.21,2025-11-22,Partial
341,2025-11-12,1,42,14,644.47,2.0,8842.13,2025-11-16,Paid
342,2026-02-26,55,42,9,644.47,2.0,5684.23,2026-02-28,Paid
343,2025-09-14,61,4,17,1306.68,2.0,21769.29,2025-09-15,Paid
344,2026-06-18,67,20,26,768.72,0.0,19986.72,2026-06-19,Paid
345,2025-06-14,23,8,12,642.71,5.0,7326.89,2025-06-16,Paid
346,2026-01-01,22,4,21,1306.68,2.0,26891.47,2026-01-04,Partial
347,2025-10-09,36,24,15,1980.55,0.0,29708.25,2025-10-12,Paid
348,2026-05-17,15,44,12,715.24,7.0,7982.08,2026-05-19,Paid
349,2025-11-11,19,32,19,730.3,5.0,13181.91,2025-11-14,Paid
350,2026-06-22,1,1,19,312.72,0.0,5941.68,2026-06-26,Paid
351,2025-07-10,17,6,21,512.21,3.0,10433.72,2025-07-11,Partial
352,2025-10-18,17,4,7,1306.68,3.0,8872.36,2025-10-22,Paid
353,2025-10-03,54,32,5,730.3,2.0,3578.47,2025-10-07,Overdue
354,2025-08-26,51,36,18,590.85,2.0,10422.59,2025-08-29,Partial
355,2026-07-04,53,18,12,1285.87,0.0,15430.44,2026-07-08,Paid
356,2025-11-20,6,9,12,1636.11,7.0,18258.99,2025-11-21,Paid
357,2026-03-29,66,37,19,127.78,0.0,2427.82,2026-04-01,Overdue
358,2025-10-29,3,33,12,1777.66,0.0,21331.92,2025-11-02,Paid
359,2025-12-21,30,38,21,239.29,2.0,4924.59,2025-12-22,Paid
360,2026-06-13,48,27,13,1743.53,3.0,21985.91,2026-06-17,Partial
361,2025-06-13,64,34,11,376.49,3.0,4017.15,2025-06-14,Paid
362,2026-06-04,17,35,7,683.13,2.0,4686.27,2026-06-06,Partial
363,2026-07-19,42,33,26,1777.66,2.0,45294.78,2026-07-23,Paid
364,2026-05-21,59,20,16,768.72,3.0,11930.53,2026-05-23,Partial
365,2026-05-06,12,37,22,127.78,7.0,2614.38,2026-05-07,Paid
366,2025-10-13,67,34,5,376.49,2.0,1844.8,2025-10-16,Partial
367,2025-07-13,22,30,19,1771.57,5.0,31976.84,2025-07-15,Paid
368,2025-05-28,33,10,9,1180.68,0.0,10626.12,2025-06-01,Paid
369,2026-03-12,5,2,22,1691.19,5.0,35345.87,2026-03-15,Paid
370,2026-07-29,29,45,10,1546.51,0.0,15465.1,2026-08-02,Partial
371,2025-09-17,20,15,14,148.05,0.0,2072.7,2025-09-21,Paid
372,2026-05-04,13,44,15,715.24,2.0,10514.03,2026-05-06,Partial
373,2026-06-12,31,29,8,426.56,0.0,3412.48,2026-06-15,Partial
374,2026-04-04,10,27,23,1743.53,2.0,39299.17,2026-04-08,Partial
375,2025-09-16,24,42,27,644.47,3.0,16878.67,2025-09-19,Paid
376,2025-06-19,12,30,21,1771.57,2.0,36458.91,2025-06-23,Overdue
377,2025-11-05,11,31,27,297.43,5.0,7629.08,2025-11-06,Paid
378,2025-06-28,41,32,13,730.3,0.0,9493.9,2025-07-02,Paid
379,2025-11-09,4,9,16,1636.11,0.0,26177.76,2025-11-10,Paid
380,2026-07-08,14,1,20,312.72,0.0,6254.4,2026-07-12,Paid
381,2025-12-08,20,41,17,664.81,0.0,11301.77,2025-12-10,Paid
382,2025-07-14,26,27,12,1743.53,3.0,20294.69,2025-07-16,Partial
383,2025-09-21,55,32,15,730.3,0.0,10954.5,2025-09-22,Overdue
384,2025-10-26,35,2,14,1691.19,3.0,22966.36,2025-10-30,Paid
385,2026-05-15,20,4,27,1306.68,2.0,34574.75,2026-05-18,Partial
386,2025-08-06,11,4,16,1306.68,0.0,20906.88,2025-08-08,Paid
387,2025-06-21,32,20,24,768.72,7.0,17157.83,2025-06-25,Partial
388,2025-08-18,11,29,14,426.56,0.0,5971.84,2025-08-22,Paid
389,2025-07-25,26,41,22,664.81,2.0,14333.3,2025-07-28,Overdue
390,2025-09-07,22,38,15,239.29,3.0,3481.67,2025-09-09,Partial
391,2026-04-20,24,1,27,312.72,0.0,8443.44,2026-04-21,Paid
392,2025-10-31,53,17,26,747.54,3.0,18852.96,2025-11-04,Paid
393,2025-08-14,15,15,27,148.05,5.0,3797.48,2025-08-17,Overdue
394,2026-03-28,63,22,23,1032.12,3.0,23026.6,2026-03-30,Paid
395,2025-11-12,39,19,12,1770.9,0.0,21250.8,2025-11-15,Overdue
396,2026-04-11,60,40,26,289.63,0.0,7530.38,2026-04-12,Paid
397,2026-06-26,63,39,25,1675.12,0.0,41878.0,2026-06-28,Paid
398,2025-08-04,22,42,12,644.47,3.0,7501.63,2025-08-06,Paid
399,2026-05-22,10,41,16,664.81,3.0,10317.85,2026-05-25,Partial
400,2026-01-09,31,24,24,1980.55,0.0,47533.2,2026-01-10,Paid
401,2025-08-22,42,3,24,345.6,5.0,7879.68,2025-08-23,Paid
402,2026-06-12,17,22,22,1032.12,7.0,21117.18,2026-06-15,Overdue
403,2026-06-27,13,1,20,312.72,3.0,6066.77,2026-06-30,Partial
404,2025-10-18,13,2,25,1691.19,0.0,42279.75,2025-10-22,Paid
405,2025-11-18,52,35,25,683.13,0.0,17078.25,2025-11-19,Paid
406,2026-05-02,54,8,7,642.71,5.0,4274.02,2026-05-06,Paid
407,2026-05-27,57,13,16,410.08,2.0,6430.05,2026-05-30,Partial
408,2026-06-20,17,26,25,965.84,3.0,23421.62,2026-06-22,Overdue
409,2025-11-08,37,20,12,768.72,5.0,8763.41,2025-11-12,Paid
410,2025-08-23,21,14,12,1010.26,7.0,11274.5,2025-08-25,Paid
411,2025-05-28,56,39,27,1675.12,3.0,43871.39,2025-05-30,Paid
412,2025-10-11,43,44,24,715.24,3.0,16650.79,2025-10-14,Paid
413,2026-01-07,58,16,12,1370.49,2.0,16116.96,2026-01-08,Partial
414,2026-06-26,4,3,13,345.6,0.0,4492.8,2026-06-27,Partial
415,2025-07-06,34,12,26,1973.12,3.0,49762.09,2025-07-09,Partial
416,2025-05-05,24,6,20,512.21,5.0,9731.99,2025-05-06,Paid
417,2025-10-09,47,39,22,1675.12,5.0,35010.01,2025-10-12,Overdue
418,2026-01-01,1,9,7,1636.11,2.0,11223.71,2026-01-05,Paid
419,2026-05-07,62,13,19,410.08,7.0,7246.11,2026-05-09,Paid
420,2026-05-12,21,18,10,1285.87,5.0,12215.76,2026-05-15,Paid
421,2025-09-26,18,37,26,127.78,2.0,3255.83,2025-09-27,Partial
422,2025-11-08,61,5,17,1898.46,0.0,32273.82,2025-11-09,Paid
423,2025-07-12,69,41,6,664.81,3.0,3869.19,2025-07-16,Paid
424,2026-07-22,63,43,26,520.68,2.0,13266.93,2026-07-26,Partial
425,2026-01-02,34,6,16,512.21,2.0,8031.45,2026-01-05,Paid
426,2026-01-04,65,26,26,965.84,5.0,23856.25,2026-01-05,Partial
427,2026-01-28,47,15,17,148.05,0.0,2516.85,2026-01-29,Paid
428,2026-05-01,35,9,12,1636.11,5.0,18651.65,2026-05-02,Partial
429,2025-05-06,60,31,21,297.43,2.0,6121.11,2025-05-07,Paid
430,2026-05-25,20,8,22,642.71,7.0,13149.85,2026-05-27,Paid
431,2026-05-19,7,11,19,1345.49,3.0,24797.38,2026-05-22,Overdue
432,2025-08-30,32,38,12,239.29,2.0,2814.05,2025-09-02,Paid
433,2026-04-20,65,16,17,1370.49,2.0,22832.36,2026-04-24,Paid
434,2026-02-20,68,8,20,642.71,0.0,12854.2,2026-02-22,Paid
435,2026-01-01,3,15,19,148.05,3.0,2728.56,2026-01-05,Overdue
436,2026-02-10,57,34,22,376.49,0.0,8282.78,2026-02-13,Partial
437,2025-09-28,45,38,10,239.29,7.0,2225.4,2025-10-02,Paid
438,2025-05-06,23,12,22,1973.12,0.0,43408.64,2025-05-07,Paid
439,2025-08-20,6,40,7,289.63,5.0,1926.04,2025-08-21,Partial
440,2026-06-20,5,31,10,297.43,2.0,2914.81,2026-06-24,Paid
441,2026-01-06,11,36,13,590.85,3.0,7450.62,2026-01-07,Partial
442,2025-07-08,47,14,27,1010.26,2.0,26731.48,2025-07-12,Paid
443,2025-07-13,25,41,18,664.81,2.0,11727.25,2025-07-14,Paid
444,2025-12-12,48,4,15,1306.68,0.0,19600.2,2025-12-16,Partial
445,2026-01-13,64,42,14,644.47,5.0,8571.45,2026-01-14,Paid
446,2025-11-03,18,27,10,1743.53,5.0,16563.53,2025-11-07,Paid
447,2026-03-29,60,26,26,965.84,2.0,24609.6,2026-04-01,Paid
448,2025-11-07,7,17,18,747.54,0.0,13455.72,2025-11-09,Paid
449,2025-07-02,17,11,8,1345.49,5.0,10225.72,2025-07-06,Overdue
450,2025-07-15,47,13,27,410.08,0.0,11072.16,2025-07-16,Partial
451,2025-12-14,15,32,24,730.3,0.0,17527.2,2025-12-17,Paid
452,2025-09-25,29,34,8,376.49,2.0,2951.68,2025-09-26,Paid
453,2025-06-14,30,16,6,1370.49,0.0,8222.94,2025-06-16,Paid
454,2026-03-25,36,11,23,1345.49,3.0,30017.88,2026-03-29,Overdue
455,2026-06-08,5,30,15,1771.57,2.0,26042.08,2026-06-09,Partial
456,2025-08-14,9,23,8,211.88,7.0,1576.39,2025-08-15,Partial
457,2026-02-12,53,28,24,864.2,2.0,20325.98,2026-02-13,Paid
458,2025-12-31,39,20,5,768.72,0.0,3843.6,2026-01-02,Paid
459,2026-05-31,50,2,5,1691.19,2.0,8286.83,2026-06-04,Paid
460,2025-08-14,2,39,16,1675.12,0.0,26801.92,2025-08-17,Paid
461,2025-05-12,67,7,21,1787.03,7.0,34900.7,2025-05-16,Partial
462,2026-02-05,28,1,14,312.72,3.0,4246.74,2026-02-09,Paid
463,2026-02-27,42,3,20,345.6,0.0,6912.0,2026-03-02,Paid
464,2026-04-01,41,16,6,1370.49,2.0,8058.48,2026-04-02,Paid
465,2026-01-31,48,22,6,1032.12,2.0,6068.87,2026-02-02,Paid
466,2025-10-06,2,37,6,127.78,0.0,766.68,2025-10-10,Overdue
467,2025-08-18,10,5,22,1898.46,0.0,41766.12,2025-08-22,Partial
468,2025-10-20,36,14,18,1010.26,5.0,17275.45,2025-10-21,Overdue
469,2025-11-11,38,12,17,1973.12,0.0,33543.04,2025-11-12,Paid
470,2026-05-31,70,15,17,148.05,5.0,2391.01,2026-06-04,Paid
471,2026-06-05,44,38,19,239.29,2.0,4455.58,2026-06-09,Paid
472,2026-04-18,43,1,7,312.72,2.0,2145.26,2026-04-20,Paid
473,2026-06-28,32,41,24,664.81,3.0,15476.78,2026-07-01,Paid
474,2026-07-24,22,28,12,864.2,0.0,10370.4,2026-07-28,Paid
475,2025-06-23,39,20,26,768.72,5.0,18987.38,2025-06-25,Overdue
476,2026-04-02,1,23,24,211.88,3.0,4932.57,2026-04-03,Paid
477,2025-10-10,60,30,16,1771.57,3.0,27494.77,2025-10-13,Partial
478,2025-08-10,19,5,15,1898.46,0.0,28476.9,2025-08-14,Paid
479,2026-04-30,53,39,23,1675.12,0.0,38527.76,2026-05-04,Paid
480,2026-06-11,26,27,13,1743.53,0.0,22665.89,2026-06-14,Paid
481,2026-01-22,55,29,15,426.56,0.0,6398.4,2026-01-24,Paid
482,2025-12-06,42,41,12,664.81,2.0,7818.17,2025-12-10,Paid
483,2026-04-24,11,21,16,950.93,3.0,14758.43,2026-04-27,Paid
484,2025-06-15,37,33,20,1777.66,0.0,35553.2,2025-06-18,Partial
485,2026-05-01,7,14,26,1010.26,3.0,25478.76,2026-05-04,Partial
486,2026-06-13,26,3,23,345.6,0.0,7948.8,2026-06-15,Paid
487,2025-11-24,67,6,24,512.21,2.0,12047.18,2025-11-25,Paid
488,2025-10-28,47,20,24,768.72,2.0,18080.29,2025-10-30,Paid
489,2026-04-02,22,43,13,520.68,0.0,6768.84,2026-04-03,Paid
490,2025-10-08,52,6,25,512.21,3.0,12421.09,2025-10-11,Paid
491,2025-05-01,4,2,22,1691.19,5.0,35345.87,2025-05-04,Paid
492,2026-02-07,43,27,22,1743.53,0.0,38357.66,2026-02-10,Overdue
493,2025-06-08,17,43,20,520.68,3.0,10101.19,2025-06-10,Partial
494,2025-05-18,36,14,11,1010.26,3.0,10779.47,2025-05-21,Paid
495,2025-07-09,6,28,26,864.2,2.0,22019.82,2025-07-11,Paid
496,2025-06-02,42,7,16,1787.03,7.0,26591.01,2025-06-04,Paid
497,2025-10-08,29,26,25,965.84,2.0,23663.08,2025-10-12,Paid
498,2026-01-14,18,9,22,1636.11,2.0,35274.53,2026-01-18,Paid
499,2025-07-07,11,9,8,1636.11,2.0,12827.1,2025-07-10,Partial
500,2025-05-25,42,21,25,950.93,2.0,23297.78,2025-05-29,Overdue
501,2025-08-27,51,22,17,1032.12,5.0,16668.74,2025-08-30,Partial
502,2026-05-13,39,4,19,1306.68,0.0,24826.92,2026-05-15,Partial
503,2025-07-16,38,43,7,520.68,2.0,3571.86,2025-07-19,Partial
504,2025-06-14,67,25,20,1589.47,3.0,30835.72,2025-06-15,Overdue
505,2026-03-23,15,2,13,1691.19,5.0,20886.2,2026-03-24,Paid
506,2026-05-04,56,4,16,1306.68,7.0,19443.4,2026-05-05,Partial
507,2025-10-18,23,32,9,730.3,7.0,6112.61,2025-10-21,Paid
508,2025-09-23,28,31,23,297.43,2.0,6704.07,2025-09-27,Partial
509,2026-02-26,68,45,20,1546.51,7.0,28765.09,2026-03-02,Paid
510,2026-01-24,45,8,24,642.71,0.0,15425.04,2026-01-26,Partial
511,2025-07-15,63,4,22,1306.68,3.0,27884.55,2025-07-18,Paid
512,2025-05-26,53,40,26,289.63,3.0,7304.47,2025-05-29,Paid
513,2026-07-14,23,36,22,590.85,5.0,12348.76,2026-07-15,Paid
514,2026-05-14,28,4,21,1306.68,7.0,25519.46,2026-05-16,Overdue
515,2025-09-27,54,7,20,1787.03,5.0,33953.57,2025-09-30,Overdue
516,2025-12-18,26,6,13,512.21,0.0,6658.73,2025-12-21,Paid
517,2026-04-17,23,17,15,747.54,2.0,10988.84,2026-04-18,Paid
518,2026-04-12,23,26,22,965.84,0.0,21248.48,2026-04-14,Partial
519,2026-04-12,6,32,17,730.3,2.0,12166.8,2026-04-16,Paid
520,2026-04-08,49,15,26,148.05,2.0,3772.31,2026-04-10,Paid
521,2026-02-21,58,23,10,211.88,0.0,2118.8,2026-02-25,Paid
522,2025-05-19,24,29,21,426.56,2.0,8778.6,2025-05-21,Paid
523,2026-07-03,25,23,15,211.88,3.0,3082.85,2026-07-06,Paid
524,2025-05-16,25,14,13,1010.26,3.0,12739.38,2025-05-20,Paid
525,2025-06-03,18,20,17,768.72,3.0,12676.19,2025-06-07,Paid
526,2026-02-11,39,8,24,642.71,3.0,14962.29,2026-02-14,Paid
527,2025-11-07,4,39,17,1675.12,5.0,27053.19,2025-11-10,Overdue
528,2025-07-08,52,21,24,950.93,5.0,21681.2,2025-07-09,Overdue
529,2025-08-03,61,6,7,512.21,0.0,3585.47,2025-08-05,Paid
530,2025-08-07,11,41,14,664.81,5.0,8841.97,2025-08-08,Paid
531,2025-11-15,52,15,27,148.05,3.0,3877.43,2025-11-17,Partial
532,2025-11-13,51,35,22,683.13,2.0,14728.28,2025-11-15,Paid
533,2025-08-30,13,26,14,965.84,3.0,13116.11,2025-09-01,Paid
534,2026-03-21,64,11,23,1345.49,2.0,30327.34,2026-03-24,Overdue
535,2025-06-04,55,39,21,1675.12,3.0,34122.19,2025-06-05,Paid
536,2025-08-19,16,13,23,410.08,0.0,9431.84,2025-08-22,Paid
537,2025-11-07,17,42,11,644.47,5.0,6734.71,2025-11-09,Partial
538,2026-02-09,6,15,27,148.05,2.0,3917.4,2026-02-12,Paid
539,2026-05-22,28,8,18,642.71,2.0,11337.4,2026-05-26,Paid
540,2026-03-24,59,40,20,289.63,2.0,5676.75,2026-03-25,Overdue
541,2025-11-07,29,4,26,1306.68,0.0,33973.68,2025-11-11,Overdue
542,2026-02-07,7,44,20,715.24,5.0,13589.56,2026-02-10,Paid
543,2026-05-08,42,29,8,426.56,3.0,3310.11,2026-05-11,Paid
544,2025-12-10,48,42,19,644.47,0.0,12244.93,2025-12-13,Partial
545,2025-08-24,24,6,22,512.21,2.0,11043.25,2025-08-26,Paid
546,2025-06-19,15,29,12,426.56,3.0,4965.16,2025-06-20,Paid
547,2026-06-20,61,45,24,1546.51,2.0,36373.92,2026-06-24,Overdue
548,2025-11-08,31,23,10,211.88,0.0,2118.8,2025-11-09,Paid
549,2025-08-02,56,19,25,1770.9,2.0,43387.05,2025-08-03,Partial
550,2025-09-09,2,24,6,1980.55,3.0,11526.8,2025-09-10,Paid
551,2026-07-22,20,16,13,1370.49,3.0,17281.88,2026-07-23,Paid
552,2026-04-28,9,42,26,644.47,3.0,16253.53,2026-05-01,Paid
553,2026-03-23,18,42,5,644.47,3.0,3125.68,2026-03-26,Paid
554,2025-06-01,59,32,14,730.3,0.0,10224.2,2025-06-03,Paid
555,2025-08-21,56,18,22,1285.87,2.0,27723.36,2025-08-22,Partial
556,2026-06-11,18,31,6,297.43,2.0,1748.89,2026-06-13,Overdue
557,2026-02-20,7,13,5,410.08,5.0,1947.88,2026-02-23,Paid
558,2026-03-30,21,39,19,1675.12,2.0,31190.73,2026-04-01,Paid
559,2026-03-24,38,14,21,1010.26,0.0,21215.46,2026-03-27,Paid
560,2025-11-01,63,14,7,1010.26,2.0,6930.38,2025-11-05,Paid
561,2026-06-29,29,25,5,1589.47,7.0,7391.04,2026-07-01,Paid
562,2026-06-02,38,31,19,297.43,5.0,5368.61,2026-06-05,Paid
563,2026-07-02,57,1,22,312.72,0.0,6879.84,2026-07-03,Partial
564,2025-12-05,1,34,20,376.49,0.0,7529.8,2025-12-09,Overdue
565,2025-08-08,65,43,15,520.68,0.0,7810.2,2025-08-12,Partial
566,2026-02-26,34,43,18,520.68,2.0,9184.8,2026-02-28,Paid
567,2025-09-02,50,21,16,950.93,5.0,14454.14,2025-09-05,Partial
568,2025-06-14,6,9,27,1636.11,0.0,44174.97,2025-06-17,Overdue
569,2025-11-08,55,6,9,512.21,0.0,4609.89,2025-11-10,Partial
570,2025-10-01,29,35,7,683.13,0.0,4781.91,2025-10-02,Paid
571,2026-03-10,3,29,22,426.56,5.0,8915.1,2026-03-12,Partial
572,2025-07-10,10,38,8,239.29,3.0,1856.89,2025-07-12,Paid
573,2025-10-17,63,26,16,965.84,3.0,14989.84,2025-10-21,Partial
574,2025-11-03,64,37,6,127.78,2.0,751.35,2025-11-06,Paid
575,2026-02-02,60,4,5,1306.68,5.0,6206.73,2026-02-03,Partial
576,2026-05-01,40,14,21,1010.26,0.0,21215.46,2026-05-02,Partial
577,2025-08-25,17,26,12,965.84,3.0,11242.38,2025-08-28,Paid
578,2025-07-13,24,25,22,1589.47,3.0,33919.29,2025-07-15,Paid
579,2026-07-07,14,6,8,512.21,7.0,3810.84,2026-07-11,Partial
580,2026-01-26,27,10,27,1180.68,3.0,30922.01,2026-01-28,Overdue
581,2025-07-31,46,29,25,426.56,0.0,10664.0,2025-08-04,Overdue
582,2026-03-15,56,33,21,1777.66,5.0,35464.32,2026-03-19,Paid
583,2025-06-15,7,34,20,376.49,0.0,7529.8,2025-06-17,Partial
584,2026-07-16,16,27,11,1743.53,2.0,18795.25,2026-07-19,Paid
585,2025-10-01,43,10,11,1180.68,2.0,12727.73,2025-10-04,Paid
586,2025-07-07,52,33,15,1777.66,3.0,25864.95,2025-07-11,Partial
587,2025-07-17,13,12,6,1973.12,3.0,11483.56,2025-07-21,Paid
588,2026-04-02,23,38,6,239.29,0.0,1435.74,2026-04-06,Partial
589,2026-04-04,16,16,18,1370.49,0.0,24668.82,2026-04-08,Overdue
590,2025-08-31,52,28,25,864.2,2.0,21172.9,2025-09-03,Paid
591,2025-06-22,27,4,20,1306.68,2.0,25610.93,2025-06-24,Partial
592,2025-10-28,23,25,19,1589.47,0.0,30199.93,2025-10-29,Paid
593,2026-06-26,11,39,7,1675.12,2.0,11491.32,2026-06-30,Paid
594,2025-10-16,34,37,21,127.78,0.0,2683.38,2025-10-17,Paid
595,2026-06-30,4,8,14,642.71,3.0,8728.0,2026-07-04,Overdue
596,2026-05-27,6,15,15,148.05,3.0,2154.13,2026-05-29,Paid
597,2025-09-01,11,24,14,1980.55,5.0,26341.31,2025-09-02,Paid
598,2025-12-26,14,20,25,768.72,5.0,18257.1,2025-12-30,Paid
599,2026-05-28,7,15,10,148.05,5.0,1406.47,2026-05-30,Overdue
600,2026-05-13,62,3,23,345.6,3.0,7710.34,2026-05-17,Paid
601,2026-04-06,70,13,11,410.08,2.0,4420.66,2026-04-10,Paid
602,2026-02-22,48,9,18,1636.11,5.0,27977.48,2026-02-24,Paid
603,2025-12-12,23,19,12,1770.9,5.0,20188.26,2025-12-16,Paid
604,2025-05-18,2,5,9,1898.46,0.0,17086.14,2025-05-19,Paid
605,2025-08-18,18,16,12,1370.49,0.0,16445.88,2025-08-21,Paid
606,2025-11-10,11,44,8,715.24,2.0,5607.48,2025-11-14,Paid
607,2025-11-26,19,21,23,950.93,0.0,21871.39,2025-11-27,Paid
608,2026-05-27,53,8,20,642.71,3.0,12468.57,2026-05-30,Paid
609,2025-07-29,3,24,16,1980.55,5.0,30104.36,2025-07-31,Partial
610,2026-02-06,7,39,16,1675.12,0.0,26801.92,2026-02-10,Paid
611,2025-05-05,13,9,24,1636.11,3.0,38088.64,2025-05-08,Paid
612,2025-06-09,7,19,7,1770.9,2.0,12148.37,2025-06-11,Paid
613,2025-05-11,4,32,9,730.3,7.0,6112.61,2025-05-12,Paid
614,2025-09-28,40,43,8,520.68,5.0,3957.17,2025-10-02,Partial
615,2025-05-12,9,19,24,1770.9,2.0,41651.57,2025-05-13,Partial
616,2025-07-17,58,5,10,1898.46,0.0,18984.6,2025-07-18,Paid
617,2025-07-13,51,2,19,1691.19,3.0,31168.63,2025-07-15,Paid
618,2026-05-31,10,43,22,520.68,0.0,11454.96,2026-06-04,Paid
619,2025-08-09,36,20,25,768.72,0.0,19218.0,2025-08-12,Overdue
620,2026-04-14,4,28,17,864.2,0.0,14691.4,2026-04-18,Paid
621,2025-10-14,1,30,21,1771.57,2.0,36458.91,2025-10-16,Paid
622,2025-07-29,39,27,10,1743.53,5.0,16563.53,2025-07-30,Paid
623,2025-06-18,2,32,27,730.3,5.0,18732.19,2025-06-22,Paid
624,2025-08-06,43,39,21,1675.12,3.0,34122.19,2025-08-07,Paid
625,2026-07-26,27,43,16,520.68,2.0,8164.26,2026-07-29,Partial
626,2025-11-12,56,40,27,289.63,0.0,7820.01,2025-11-16,Paid
627,2025-09-22,21,22,17,1032.12,3.0,17019.66,2025-09-24,Paid
628,2025-05-07,44,1,25,312.72,2.0,7661.64,2025-05-09,Overdue
629,2026-02-21,42,9,9,1636.11,2.0,14430.49,2026-02-25,Paid
630,2026-05-27,21,6,21,512.21,0.0,10756.41,2026-05-28,Paid
631,2025-07-08,17,1,24,312.72,3.0,7280.12,2025-07-12,Paid
632,2025-09-18,33,35,5,683.13,3.0,3313.18,2025-09-20,Partial
633,2026-03-09,6,41,25,664.81,7.0,15456.83,2026-03-12,Paid
634,2025-05-25,54,44,25,715.24,3.0,17344.57,2025-05-29,Paid
635,2025-12-23,65,3,25,345.6,2.0,8467.2,2025-12-26,Paid
636,2026-07-10,55,6,6,512.21,2.0,3011.79,2026-07-11,Overdue
637,2026-01-30,66,43,11,520.68,3.0,5555.66,2026-02-03,Paid
638,2026-02-07,17,12,8,1973.12,3.0,15311.41,2026-02-08,Paid
639,2025-06-05,39,5,8,1898.46,7.0,14124.54,2025-06-09,Overdue
640,2026-07-31,29,13,18,410.08,0.0,7381.44,2026-08-04,Paid
641,2026-02-10,17,35,7,683.13,0.0,4781.91,2026-02-11,Overdue
642,2026-06-16,15,22,7,1032.12,3.0,7008.09,2026-06-20,Paid
643,2025-08-17,49,23,19,211.88,0.0,4025.72,2025-08-21,Paid
644,2026-05-03,18,44,22,715.24,3.0,15263.22,2026-05-07,Overdue
645,2026-01-09,54,30,8,1771.57,0.0,14172.56,2026-01-12,Paid
646,2025-06-04,51,25,18,1589.47,2.0,28038.25,2025-06-08,Overdue
647,2025-10-06,22,13,24,410.08,0.0,9841.92,2025-10-10,Paid
648,2025-09-12,1,15,16,148.05,7.0,2202.98,2025-09-15,Partial
649,2025-07-13,66,24,16,1980.55,7.0,29470.58,2025-07-16,Paid
650,2025-11-14,34,23,17,211.88,3.0,3493.9,2025-11-17,Paid
651,2025-10-25,70,19,7,1770.9,7.0,11528.56,2025-10-26,Partial
652,2026-01-24,7,25,8,1589.47,0.0,12715.76,2026-01-25,Partial
653,2025-12-05,9,23,25,211.88,2.0,5191.06,2025-12-06,Overdue
654,2025-10-23,40,15,16,148.05,2.0,2321.42,2025-10-25,Paid
655,2026-01-17,27,31,12,297.43,0.0,3569.16,2026-01-18,Paid
656,2025-07-05,52,15,15,148.05,5.0,2109.71,2025-07-08,Paid
657,2026-07-16,60,45,9,1546.51,3.0,13501.03,2026-07-17,Overdue
658,2025-05-13,12,42,5,644.47,2.0,3157.9,2025-05-16,Paid
659,2025-12-04,5,27,11,1743.53,0.0,19178.83,2025-12-06,Paid
660,2025-07-14,31,21,17,950.93,2.0,15842.49,2025-07-15,Paid
661,2026-06-13,50,25,11,1589.47,5.0,16609.96,2026-06-15,Overdue
662,2025-11-30,2,29,19,426.56,3.0,7861.5,2025-12-02,Partial
663,2026-01-29,5,29,25,426.56,5.0,10130.8,2026-02-01,Paid
664,2026-02-24,48,36,5,590.85,0.0,2954.25,2026-02-28,Paid
665,2025-10-16,13,13,9,410.08,3.0,3580.0,2025-10-19,Overdue
666,2026-06-15,58,10,11,1180.68,0.0,12987.48,2026-06-16,Paid
667,2026-06-03,53,21,20,950.93,0.0,19018.6,2026-06-07,Partial
668,2025-07-03,3,28,15,864.2,0.0,12963.0,2025-07-06,Partial
669,2025-07-05,46,3,15,345.6,3.0,5028.48,2025-07-08,Overdue
670,2026-06-16,31,45,15,1546.51,2.0,22733.7,2026-06-18,Paid
671,2025-07-08,64,39,6,1675.12,2.0,9849.71,2025-07-10,Overdue
672,2026-03-22,49,42,7,644.47,2.0,4421.06,2026-03-23,Paid
673,2025-07-11,26,16,19,1370.49,3.0,25258.13,2025-07-14,Paid
674,2026-05-11,13,45,15,1546.51,0.0,23197.65,2026-05-13,Partial
675,2026-07-30,11,11,25,1345.49,3.0,32628.13,2026-08-02,Paid
676,2026-04-06,63,35,24,683.13,2.0,16067.22,2026-04-07,Paid
677,2026-01-26,9,31,14,297.43,3.0,4039.1,2026-01-27,Paid
678,2026-04-07,37,43,13,520.68,5.0,6430.4,2026-04-09,Paid
679,2026-05-08,14,15,13,148.05,0.0,1924.65,2026-05-09,Overdue
680,2025-06-11,5,10,8,1180.68,0.0,9445.44,2025-06-12,Partial
681,2025-07-26,1,29,24,426.56,2.0,10032.69,2025-07-27,Paid
682,2025-06-22,70,36,22,590.85,5.0,12348.76,2025-06-26,Paid
683,2026-05-03,24,14,5,1010.26,2.0,4950.27,2026-05-05,Overdue
684,2025-06-15,3,35,26,683.13,3.0,17228.54,2025-06-16,Paid
685,2025-05-24,35,23,20,211.88,0.0,4237.6,2025-05-28,Partial
686,2025-11-09,11,34,23,376.49,5.0,8226.31,2025-11-12,Overdue
687,2025-10-25,41,26,11,965.84,5.0,10093.03,2025-10-26,Paid
688,2025-07-18,48,10,11,1180.68,0.0,12987.48,2025-07-22,Paid
689,2025-11-04,1,9,20,1636.11,5.0,31086.09,2025-11-05,Paid
690,2026-03-21,65,7,26,1787.03,2.0,45533.52,2026-03-25,Partial
691,2025-10-16,50,17,6,747.54,3.0,4350.68,2025-10-17,Partial
692,2026-04-01,17,23,23,211.88,5.0,4629.58,2026-04-05,Overdue
693,2025-12-24,48,22,5,1032.12,7.0,4799.36,2025-12-26,Partial
694,2025-11-27,41,39,22,1675.12,2.0,36115.59,2025-11-29,Paid
695,2026-04-20,12,26,14,965.84,2.0,13251.32,2026-04-21,Overdue
696,2025-05-09,18,13,22,410.08,3.0,8751.11,2025-05-11,Paid
697,2025-07-21,4,21,21,950.93,5.0,18971.05,2025-07-24,Paid
698,2026-04-27,62,5,17,1898.46,3.0,31305.61,2026-05-01,Overdue
699,2025-11-12,57,19,5,1770.9,7.0,8234.68,2025-11-16,Overdue
700,2026-05-09,5,45,17,1546.51,7.0,24450.32,2026-05-11,Paid
701,2025-09-08,29,10,13,1180.68,2.0,15041.86,2025-09-09,Overdue
702,2025-10-10,44,37,13,127.78,0.0,1661.14,2025-10-14,Paid
703,2025-09-07,47,11,17,1345.49,5.0,21729.66,2025-09-09,Paid
704,2026-02-10,34,4,10,1306.68,3.0,12674.8,2026-02-12,Paid
705,2025-06-22,24,16,21,1370.49,5.0,27341.28,2025-06-25,Paid
706,2025-07-24,18,29,24,426.56,0.0,10237.44,2025-07-26,Overdue
707,2026-01-19,30,40,19,289.63,7.0,5117.76,2026-01-22,Overdue
708,2025-06-09,27,29,23,426.56,2.0,9614.66,2025-06-13,Paid
709,2025-12-15,33,33,19,1777.66,7.0,31411.25,2025-12-19,Paid
710,2025-10-24,69,19,26,1770.9,3.0,44662.1,2025-10-27,Paid
711,2025-12-28,18,3,20,345.6,3.0,6704.64,2025-12-29,Paid
712,2026-05-21,38,42,18,644.47,5.0,11020.44,2026-05-24,Paid
713,2026-01-02,17,10,10,1180.68,5.0,11216.46,2026-01-05,Paid
714,2026-02-02,14,41,20,664.81,2.0,13030.28,2026-02-03,Paid
715,2025-10-30,10,10,19,1180.68,2.0,21984.26,2025-11-02,Overdue
716,2025-08-28,3,39,27,1675.12,0.0,45228.24,2025-08-30,Paid
717,2026-03-19,5,12,8,1973.12,5.0,14995.71,2026-03-23,Partial
718,2025-09-07,41,2,20,1691.19,7.0,31456.13,2025-09-10,Paid
719,2025-10-21,58,39,20,1675.12,0.0,33502.4,2025-10-22,Paid
720,2025-11-08,49,32,23,730.3,2.0,16460.96,2025-11-11,Paid
721,2025-05-29,26,8,18,642.71,3.0,11221.72,2025-06-01,Paid
722,2026-05-28,18,29,25,426.56,5.0,10130.8,2026-05-31,Paid
723,2026-04-21,44,4,21,1306.68,5.0,26068.27,2026-04-24,Paid
724,2026-01-03,66,25,27,1589.47,5.0,40769.91,2026-01-04,Paid
725,2025-12-02,66,44,11,715.24,3.0,7631.61,2025-12-05,Paid
726,2025-08-13,2,1,6,312.72,3.0,1820.03,2025-08-14,Partial
727,2026-01-10,20,37,24,127.78,3.0,2974.72,2026-01-12,Paid
728,2025-12-11,67,25,9,1589.47,5.0,13589.97,2025-12-12,Paid
729,2026-03-28,35,35,6,683.13,3.0,3975.82,2026-03-30,Paid
730,2026-06-19,53,10,12,1180.68,5.0,13459.75,2026-06-23,Paid
731,2025-07-28,39,5,20,1898.46,5.0,36070.74,2025-07-31,Paid
732,2025-05-15,60,11,9,1345.49,0.0,12109.41,2025-05-18,Partial
733,2025-06-29,69,14,7,1010.26,0.0,7071.82,2025-07-02,Partial
734,2025-09-30,33,9,27,1636.11,2.0,43291.47,2025-10-04,Overdue
735,2026-01-30,30,36,17,590.85,5.0,9542.23,2026-02-02,Paid
736,2026-06-20,33,23,21,211.88,5.0,4227.01,2026-06-21,Overdue
737,2026-04-12,11,36,21,590.85,0.0,12407.85,2026-04-16,Paid
738,2026-02-15,12,21,22,950.93,2.0,20502.05,2026-02-17,Paid
739,2025-09-30,20,10,25,1180.68,0.0,29517.0,2025-10-03,Paid
740,2026-01-12,55,43,17,520.68,3.0,8586.01,2026-01-13,Paid
741,2025-11-15,54,16,14,1370.49,0.0,19186.86,2025-11-19,Paid
742,2025-08-17,24,27,24,1743.53,2.0,41007.83,2025-08-18,Paid
743,2026-03-24,64,12,14,1973.12,2.0,27071.21,2026-03-27,Paid
744,2026-02-11,11,39,11,1675.12,2.0,18057.79,2026-02-14,Paid
745,2025-08-09,43,10,22,1180.68,0.0,25974.96,2025-08-12,Paid
746,2025-10-13,50,29,23,426.56,2.0,9614.66,2025-10-17,Paid
747,2025-12-15,11,35,22,683.13,0.0,15028.86,2025-12-18,Paid
748,2026-04-29,63,25,25,1589.47,3.0,38544.65,2026-05-02,Paid
749,2026-05-29,21,33,23,1777.66,3.0,39659.59,2026-06-02,Paid
750,2025-09-18,23,40,18,289.63,2.0,5109.07,2025-09-19,Paid
751,2025-09-23,58,3,23,345.6,0.0,7948.8,2025-09-25,Paid
752,2026-05-31,67,8,17,642.71,2.0,10707.55,2026-06-03,Partial
753,2025-09-19,28,1,21,312.72,0.0,6567.12,2025-09-21,Paid
754,2026-04-23,24,36,19,590.85,0.0,11226.15,2026-04-24,Paid
755,2026-03-28,44,10,12,1180.68,3.0,13743.12,2026-03-31,Paid
756,2025-08-24,35,43,22,520.68,2.0,11225.86,2025-08-25,Partial
757,2026-03-01,5,13,12,410.08,2.0,4822.54,2026-03-02,Paid
758,2025-09-04,7,19,11,1770.9,2.0,19090.3,2025-09-05,Paid
759,2026-04-29,4,18,11,1285.87,2.0,13861.68,2026-05-02,Paid
760,2025-07-22,20,29,15,426.56,2.0,6270.43,2025-07-23,Paid
761,2026-04-27,34,33,13,1777.66,5.0,21954.1,2026-04-28,Paid
762,2026-05-07,25,5,23,1898.46,5.0,41481.35,2026-05-11,Paid
763,2026-03-20,63,25,25,1589.47,3.0,38544.65,2026-03-22,Overdue
764,2026-01-13,48,3,10,345.6,0.0,3456.0,2026-01-15,Paid
765,2026-04-14,2,25,6,1589.47,7.0,8869.24,2026-04-17,Partial
766,2025-10-02,19,3,24,345.6,0.0,8294.4,2025-10-03,Paid
767,2025-06-26,8,4,13,1306.68,0.0,16986.84,2025-06-29,Paid
768,2025-07-23,54,32,7,730.3,2.0,5009.86,2025-07-25,Paid
769,2025-09-16,22,32,11,730.3,2.0,7872.63,2025-09-19,Partial
770,2025-10-08,17,24,24,1980.55,3.0,46107.2,2025-10-12,Paid
771,2025-11-02,21,30,14,1771.57,3.0,24057.92,2025-11-03,Partial
772,2026-05-27,46,9,21,1636.11,2.0,33671.14,2026-05-30,Partial
773,2025-06-08,36,19,18,1770.9,3.0,30919.91,2025-06-10,Paid
774,2026-01-23,30,12,17,1973.12,3.0,32536.75,2026-01-27,Paid
775,2026-03-27,22,32,11,730.3,2.0,7872.63,2026-03-30,Paid
776,2025-12-26,62,21,13,950.93,2.0,12114.85,2025-12-30,Overdue
777,2025-09-18,2,29,22,426.56,3.0,9102.79,2025-09-21,Paid
778,2025-10-17,20,30,13,1771.57,0.0,23030.41,2025-10-20,Paid
779,2025-12-15,31,44,15,715.24,0.0,10728.6,2025-12-16,Paid
780,2026-03-23,47,29,7,426.56,7.0,2776.91,2026-03-25,Paid
781,2025-06-21,8,34,18,376.49,0.0,6776.82,2025-06-23,Paid
782,2026-06-11,8,42,21,644.47,2.0,13263.19,2026-06-12,Partial
783,2025-10-13,8,19,13,1770.9,3.0,22331.05,2025-10-16,Paid
784,2026-06-30,39,40,11,289.63,5.0,3026.63,2026-07-04,Paid
785,2025-12-12,35,12,26,1973.12,0.0,51301.12,2025-12-16,Partial
786,2026-05-29,31,40,16,289.63,0.0,4634.08,2026-05-30,Paid
787,2026-03-10,9,6,20,512.21,3.0,9936.87,2026-03-13,Partial
788,2026-02-17,39,25,15,1589.47,3.0,23126.79,2026-02-19,Paid
789,2025-05-23,62,41,11,664.81,0.0,7312.91,2025-05-25,Partial
790,2025-09-05,44,31,21,297.43,7.0,5808.81,2025-09-06,Paid
791,2026-03-14,59,43,8,520.68,3.0,4040.48,2026-03-16,Paid
792,2025-10-22,62,42,9,644.47,3.0,5626.22,2025-10-23,Paid
793,2025-07-21,67,17,23,747.54,7.0,15989.88,2025-07-23,Paid
794,2025-10-24,39,13,17,410.08,0.0,6971.36,2025-10-25,Paid
795,2025-08-24,37,17,11,747.54,0.0,8222.94,2025-08-27,Partial
796,2025-05-11,24,2,7,1691.19,5.0,11246.41,2025-05-14,Partial
797,2026-04-09,39,36,16,590.85,0.0,9453.6,2026-04-12,Paid
798,2026-03-09,15,8,11,642.71,3.0,6857.72,2026-03-12,Paid
799,2025-07-20,37,33,23,1777.66,0.0,40886.18,2025-07-22,Paid
800,2025-06-30,70,10,11,1180.68,5.0,12338.11,2025-07-03,Paid
801,2026-03-20,19,9,21,1636.11,3.0,33327.56,2026-03-21,Paid
802,2025-08-23,65,11,14,1345.49,2.0,18460.12,2025-08-24,Paid
803,2025-11-11,52,35,18,683.13,0.0,12296.34,2025-11-12,Paid
804,2026-03-05,26,27,6,1743.53,3.0,10147.34,2026-03-07,Paid
805,2026-07-13,26,25,5,1589.47,0.0,7947.35,2026-07-17,Overdue
806,2025-08-28,16,13,12,410.08,3.0,4773.33,2025-09-01,Overdue
807,2025-06-15,22,16,17,1370.49,0.0,23298.33,2025-06-16,Paid
808,2026-03-19,24,18,21,1285.87,3.0,26193.17,2026-03-23,Paid
809,2026-06-05,43,21,25,950.93,3.0,23060.05,2026-06-06,Paid
810,2026-04-21,70,43,15,520.68,0.0,7810.2,2026-04-22,Paid
811,2026-03-17,6,5,26,1898.46,3.0,47879.16,2026-03-19,Paid
812,2026-04-23,48,19,26,1770.9,5.0,43741.23,2026-04-25,Partial
813,2025-10-17,12,34,11,376.49,2.0,4058.56,2025-10-18,Paid
814,2026-03-10,41,4,13,1306.68,5.0,16137.5,2026-03-12,Paid
815,2026-01-14,15,28,10,864.2,5.0,8209.9,2026-01-15,Paid
816,2026-02-27,38,41,22,664.81,0.0,14625.82,2026-03-03,Overdue
817,2026-04-25,2,27,15,1743.53,0.0,26152.95,2026-04-26,Paid
818,2026-02-14,65,17,23,747.54,2.0,16849.55,2026-02-18,Partial
819,2026-02-02,12,18,5,1285.87,0.0,6429.35,2026-02-06,Paid
820,2026-07-18,24,6,17,512.21,3.0,8446.34,2026-07-20,Paid
821,2025-12-24,38,40,15,289.63,5.0,4127.23,2025-12-25,Paid
822,2026-02-19,54,14,15,1010.26,0.0,15153.9,2026-02-22,Partial
823,2026-02-12,32,22,23,1032.12,2.0,23263.98,2026-02-14,Paid
824,2026-05-11,30,34,24,376.49,0.0,9035.76,2026-05-12,Paid
825,2026-04-21,53,11,17,1345.49,0.0,22873.33,2026-04-23,Paid
826,2025-10-14,43,19,23,1770.9,3.0,39508.78,2025-10-15,Paid
827,2025-11-27,37,34,21,376.49,3.0,7669.1,2025-11-29,Partial
828,2025-11-04,20,11,14,1345.49,2.0,18460.12,2025-11-05,Paid
829,2026-01-08,18,11,6,1345.49,0.0,8072.94,2026-01-09,Partial
830,2026-03-17,10,40,13,289.63,0.0,3765.19,2026-03-18,Overdue
831,2026-03-16,22,14,11,1010.26,0.0,11112.86,2026-03-18,Overdue
832,2025-11-07,34,21,21,950.93,3.0,19370.44,2025-11-10,Paid
833,2025-07-01,41,41,18,664.81,2.0,11727.25,2025-07-03,Paid
834,2025-11-12,28,29,26,426.56,3.0,10757.84,2025-11-13,Partial
835,2025-08-14,10,7,5,1787.03,2.0,8756.45,2025-08-18,Paid
836,2025-09-15,20,36,6,590.85,5.0,3367.85,2025-09-17,Overdue
837,2025-09-10,1,22,21,1032.12,0.0,21674.52,2025-09-11,Overdue
838,2026-06-02,13,5,14,1898.46,2.0,26046.87,2026-06-05,Paid
839,2025-05-08,10,16,22,1370.49,5.0,28643.24,2025-05-11,Paid
840,2026-02-17,2,3,8,345.6,7.0,2571.26,2026-02-19,Overdue
841,2025-07-13,43,44,10,715.24,0.0,7152.4,2025-07-17,Paid
842,2026-03-02,48,5,25,1898.46,2.0,46512.27,2026-03-05,Overdue
843,2026-05-14,38,31,15,297.43,7.0,4149.15,2026-05-16,Overdue
844,2026-06-18,26,41,23,664.81,5.0,14526.1,2026-06-20,Paid
845,2026-01-30,17,36,21,590.85,0.0,12407.85,2026-02-01,Paid
846,2025-06-25,26,41,23,664.81,5.0,14526.1,2025-06-28,Paid
847,2025-12-03,13,9,20,1636.11,0.0,32722.2,2025-12-04,Paid
848,2025-10-29,32,15,13,148.05,2.0,1886.16,2025-11-02,Paid
849,2026-06-25,28,35,13,683.13,0.0,8880.69,2026-06-28,Paid
850,2025-06-07,14,5,21,1898.46,0.0,39867.66,2025-06-10,Paid
851,2025-05-20,18,18,6,1285.87,2.0,7560.92,2025-05-22,Paid
852,2026-02-05,30,11,23,1345.49,5.0,29398.96,2026-02-08,Paid
853,2025-09-19,17,39,25,1675.12,0.0,41878.0,2025-09-22,Paid
854,2025-08-18,47,8,12,642.71,3.0,7481.14,2025-08-21,Paid
855,2025-06-17,44,3,25,345.6,5.0,8208.0,2025-06-18,Overdue
856,2025-07-15,4,13,20,410.08,3.0,7955.55,2025-07-18,Paid
857,2025-07-27,19,43,17,520.68,0.0,8851.56,2025-07-29,Paid
858,2025-11-17,58,40,20,289.63,0.0,5792.6,2025-11-21,Paid
859,2025-09-18,62,32,19,730.3,0.0,13875.7,2025-09-22,Partial
860,2025-07-23,12,17,20,747.54,2.0,14651.78,2025-07-24,Paid
861,2026-02-10,33,43,19,520.68,5.0,9398.27,2026-02-12,Paid
862,2026-03-14,45,19,19,1770.9,0.0,33647.1,2026-03-16,Paid
863,2025-07-14,44,8,24,642.71,5.0,14653.79,2025-07-16,Paid
864,2025-06-15,25,15,27,148.05,5.0,3797.48,2025-06-19,Paid
865,2025-08-24,48,37,5,127.78,0.0,638.9,2025-08-28,Paid
866,2025-05-10,67,16,19,1370.49,0.0,26039.31,2025-05-13,Partial
867,2026-05-11,57,17,7,747.54,5.0,4971.14,2026-05-12,Paid
868,2025-10-14,41,28,27,864.2,2.0,22866.73,2025-10-18,Overdue
869,2026-03-03,27,41,21,664.81,3.0,13542.18,2026-03-04,Partial
870,2026-02-24,43,45,5,1546.51,0.0,7732.55,2026-02-26,Paid
871,2025-11-06,12,12,16,1973.12,0.0,31569.92,2025-11-07,Overdue
872,2025-05-11,25,30,22,1771.57,7.0,36246.32,2025-05-15,Paid
873,2026-01-12,14,7,12,1787.03,5.0,20372.14,2026-01-15,Paid
874,2025-09-21,50,37,18,127.78,3.0,2231.04,2025-09-25,Paid
875,2025-10-19,47,20,19,768.72,3.0,14167.51,2025-10-21,Paid
876,2025-07-07,23,44,25,715.24,2.0,17523.38,2025-07-08,Paid
877,2025-10-07,64,19,17,1770.9,2.0,29503.19,2025-10-08,Paid
878,2025-11-30,59,14,13,1010.26,7.0,12214.04,2025-12-01,Paid
879,2025-09-15,44,27,22,1743.53,3.0,37206.93,2025-09-19,Paid
880,2026-05-10,44,28,24,864.2,2.0,20325.98,2026-05-12,Paid
881,2025-10-03,39,33,27,1777.66,0.0,47996.82,2025-10-07,Partial
882,2025-12-17,9,32,27,730.3,5.0,18732.19,2025-12-19,Paid
883,2025-12-04,58,22,20,1032.12,0.0,20642.4,2025-12-07,Paid
884,2025-05-30,70,8,26,642.71,3.0,16209.15,2025-05-31,Overdue
885,2026-02-15,3,6,24,512.21,0.0,12293.04,2026-02-19,Paid
886,2026-07-10,32,30,25,1771.57,5.0,42074.79,2026-07-13,Paid
887,2026-05-25,15,15,9,148.05,3.0,1292.48,2026-05-29,Paid
888,2025-07-12,51,28,25,864.2,5.0,20524.75,2025-07-16,Paid
889,2026-02-23,13,40,23,289.63,5.0,6328.42,2026-02-25,Paid
890,2025-12-24,28,35,16,683.13,2.0,10711.48,2025-12-28,Paid
891,2025-08-31,61,35,14,683.13,2.0,9372.54,2025-09-01,Paid
892,2025-11-14,49,28,7,864.2,0.0,6049.4,2025-11-17,Partial
893,2026-02-21,68,11,19,1345.49,7.0,23774.81,2026-02-23,Overdue
894,2025-08-10,10,6,13,512.21,0.0,6658.73,2025-08-13,Paid
895,2026-01-05,52,43,6,520.68,0.0,3124.08,2026-01-07,Paid
896,2026-04-21,41,5,9,1898.46,3.0,16573.56,2026-04-23,Overdue
897,2026-05-15,11,14,26,1010.26,0.0,26266.76,2026-05-16,Overdue
898,2026-01-29,46,26,5,965.84,2.0,4732.62,2026-02-01,Paid
899,2025-06-29,28,7,26,1787.03,5.0,44139.64,2025-07-01,Partial
900,2025-10-02,24,38,11,239.29,5.0,2500.58,2025-10-06,Paid
901,2025-12-21,1,12,26,1973.12,3.0,49762.09,2025-12-25,Paid
902,2025-09-18,21,36,15,590.85,0.0,8862.75,2025-09-20,Partial
903,2026-04-12,47,18,18,1285.87,2.0,22682.75,2026-04-16,Overdue
904,2026-07-29,64,2,14,1691.19,5.0,22492.83,2026-07-30,Paid
905,2025-06-07,33,3,17,345.6,0.0,5875.2,2025-06-09,Paid
906,2025-06-17,49,13,19,410.08,3.0,7557.77,2025-06-21,Paid
907,2026-02-05,65,29,14,426.56,7.0,5553.81,2026-02-06,Paid
908,2026-03-25,2,6,18,512.21,0.0,9219.78,2026-03-29,Overdue
909,2025-09-08,50,33,22,1777.66,5.0,37153.09,2025-09-10,Paid
910,2026-04-01,33,12,24,1973.12,0.0,47354.88,2026-04-03,Overdue
911,2025-07-27,65,43,26,520.68,0.0,13537.68,2025-07-29,Paid
912,2025-11-30,27,10,16,1180.68,3.0,18324.15,2025-12-03,Paid
913,2026-03-13,53,16,14,1370.49,5.0,18227.52,2026-03-14,Overdue
914,2025-11-19,31,43,8,520.68,5.0,3957.17,2025-11-20,Paid
915,2025-12-13,30,21,26,950.93,3.0,23982.45,2025-12-17,Partial
916,2026-05-12,26,35,21,683.13,7.0,13341.53,2026-05-15,Paid
917,2026-04-21,44,18,6,1285.87,2.0,7560.92,2026-04-22,Paid
918,2026-06-04,61,32,14,730.3,3.0,9917.47,2026-06-05,Paid
919,2025-10-05,67,19,23,1770.9,3.0,39508.78,2025-10-07,Partial
920,2025-10-25,2,28,5,864.2,5.0,4104.95,2025-10-29,Paid
921,2025-09-03,48,27,18,1743.53,0.0,31383.54,2025-09-04,Paid
922,2025-08-15,6,12,22,1973.12,3.0,42106.38,2025-08-17,Paid
923,2025-12-21,69,10,8,1180.68,2.0,9256.53,2025-12-22,Paid
924,2026-03-07,68,17,5,747.54,5.0,3550.81,2026-03-10,Paid
925,2025-10-07,44,33,12,1777.66,2.0,20905.28,2025-10-11,Paid
926,2026-01-15,53,24,16,1980.55,2.0,31055.02,2026-01-16,Partial
927,2025-11-02,64,10,16,1180.68,5.0,17946.34,2025-11-03,Paid
928,2025-08-08,33,6,8,512.21,2.0,4015.73,2025-08-11,Partial
929,2026-07-26,23,30,15,1771.57,0.0,26573.55,2026-07-28,Overdue
930,2025-05-29,11,45,7,1546.51,2.0,10609.06,2025-05-31,Paid
931,2026-03-30,22,28,18,864.2,5.0,14777.82,2026-03-31,Paid
932,2026-04-23,51,32,5,730.3,5.0,3468.92,2026-04-26,Paid
933,2026-04-18,46,23,14,211.88,0.0,2966.32,2026-04-21,Paid
934,2026-06-22,52,33,23,1777.66,2.0,40068.46,2026-06-24,Paid
935,2025-08-28,69,27,11,1743.53,0.0,19178.83,2025-08-30,Paid
936,2026-03-05,56,4,9,1306.68,5.0,11172.11,2026-03-09,Overdue
937,2026-07-27,34,6,9,512.21,5.0,4379.4,2026-07-31,Paid
938,2025-10-08,54,42,24,644.47,0.0,15467.28,2025-10-11,Paid
939,2026-02-11,62,13,16,410.08,3.0,6364.44,2026-02-12,Partial
940,2025-05-16,51,33,18,1777.66,5.0,30397.99,2025-05-17,Partial
941,2025-09-24,21,38,26,239.29,2.0,6097.11,2025-09-28,Partial
942,2026-02-05,9,9,6,1636.11,5.0,9325.83,2026-02-07,Paid
943,2025-05-17,70,36,10,590.85,7.0,5494.9,2025-05-20,Paid
944,2026-07-14,26,30,12,1771.57,2.0,20833.66,2026-07-15,Paid
945,2025-05-04,45,24,18,1980.55,3.0,34580.4,2025-05-07,Paid
946,2025-05-11,12,42,10,644.47,3.0,6251.36,2025-05-15,Paid
947,2025-05-10,33,14,8,1010.26,3.0,7839.62,2025-05-14,Partial
948,2026-02-02,21,1,13,312.72,3.0,3943.4,2026-02-06,Paid
949,2025-05-01,33,20,13,768.72,5.0,9493.69,2025-05-02,Partial
950,2026-07-19,54,17,9,747.54,2.0,6593.3,2026-07-20,Paid
951,2025-08-19,33,15,11,148.05,0.0,1628.55,2025-08-20,Paid
952,2026-03-15,53,40,10,289.63,2.0,2838.37,2026-03-19,Paid
953,2026-04-12,64,20,12,768.72,3.0,8947.9,2026-04-15,Paid
954,2026-07-14,50,41,13,664.81,2.0,8469.68,2026-07-18,Paid
955,2025-06-25,17,15,7,148.05,5.0,984.53,2025-06-26,Overdue
956,2025-06-23,27,41,17,664.81,2.0,11075.73,2025-06-24,Paid
957,2025-11-17,49,31,22,297.43,0.0,6543.46,2025-11-21,Paid
958,2026-01-23,65,33,17,1777.66,3.0,29313.61,2026-01-26,Paid
959,2025-07-08,69,23,13,211.88,3.0,2671.81,2025-07-10,Paid
960,2026-02-17,16,16,17,1370.49,0.0,23298.33,2026-02-20,Paid
961,2025-10-01,36,43,5,520.68,7.0,2421.16,2025-10-05,Paid
962,2026-07-29,67,27,19,1743.53,2.0,32464.53,2026-07-31,Paid
963,2026-03-12,43,14,5,1010.26,3.0,4899.76,2026-03-16,Partial
964,2026-06-29,15,21,17,950.93,3.0,15680.84,2026-06-30,Paid
965,2025-07-17,5,30,18,1771.57,3.0,30931.61,2025-07-19,Partial
966,2025-06-22,9,15,27,148.05,0.0,3997.35,2025-06-25,Paid
967,2025-05-27,23,32,6,730.3,2.0,4294.16,2025-05-31,Overdue
968,2025-06-09,66,3,27,345.6,2.0,9144.58,2025-06-13,Overdue
969,2026-03-27,68,1,6,312.72,0.0,1876.32,2026-03-29,Paid
970,2025-05-28,19,27,20,1743.53,3.0,33824.48,2025-05-31,Paid
971,2026-07-24,41,8,16,642.71,0.0,10283.36,2026-07-28,Overdue
972,2025-10-11,9,6,10,512.21,0.0,5122.1,2025-10-13,Partial
973,2025-10-23,15,4,27,1306.68,7.0,32810.73,2025-10-25,Overdue
974,2026-01-24,57,33,26,1777.66,3.0,44832.59,2026-01-25,Paid
975,2025-11-18,35,16,11,1370.49,3.0,14623.13,2025-11-20,Paid
976,2025-10-19,25,1,12,312.72,0.0,3752.64,2025-10-21,Paid
977,2026-01-12,21,18,5,1285.87,2.0,6300.76,2026-01-16,Partial
978,2026-07-13,70,31,27,297.43,0.0,8030.61,2026-07-14,Paid
979,2026-03-28,47,18,22,1285.87,0.0,28289.14,2026-03-31,Paid
980,2026-06-06,60,20,9,768.72,3.0,6710.93,2026-06-07,Paid
981,2025-05-18,63,18,11,1285.87,3.0,13720.23,2025-05-20,Paid
982,2026-03-13,11,20,8,768.72,0.0,6149.76,2026-03-16,Paid
983,2025-11-07,38,30,7,1771.57,3.0,12028.96,2025-11-08,Partial
984,2026-01-05,35,33,15,1777.66,2.0,26131.6,2026-01-07,Partial
985,2025-10-11,45,6,14,512.21,3.0,6955.81,2025-10-12,Partial
986,2026-03-29,55,30,15,1771.57,0.0,26573.55,2026-03-31,Paid
987,2026-07-02,56,19,16,1770.9,0.0,28334.4,2026-07-05,Paid
988,2025-07-03,8,2,13,1691.19,2.0,21545.76,2025-07-05,Paid
989,2026-06-10,52,30,24,1771.57,2.0,41667.33,2026-06-14,Partial
990,2025-11-21,31,38,20,239.29,2.0,4690.08,2025-11-23,Overdue
991,2026-01-02,27,4,17,1306.68,2.0,21769.29,2026-01-06,Partial
992,2026-03-04,21,19,5,1770.9,0.0,8854.5,2026-03-07,Paid
993,2025-12-01,25,4,20,1306.68,5.0,24826.92,2025-12-04,Paid
994,2025-05-01,7,28,13,864.2,3.0,10897.56,2025-05-02,Paid
995,2026-04-16,12,9,24,1636.11,2.0,38481.31,2026-04-17,Paid
996,2025-12-31,27,35,5,683.13,0.0,3415.65,2026-01-02,Partial
997,2025-05-19,55,23,10,211.88,5.0,2012.86,2025-05-21,Paid
998,2026-07-07,41,7,16,1787.03,7.0,26591.01,2026-07-09,Overdue
999,2025-10-01,7,28,10,864.2,5.0,8209.9,2025-10-04,Paid
1000,2026-01-05,43,35,8,683.13,2.0,5355.74,2026-01-09,Paid
1001,2025-09-10,44,2,23,1691.19,5.0,36952.5,2025-09-13,Overdue
1002,2026-01-18,43,7,13,1787.03,5.0,22069.82,2026-01-19,Partial
1003,2025-05-08,27,14,14,1010.26,2.0,13860.77,2025-05-09,Partial
1004,2026-06-18,41,11,16,1345.49,3.0,20882.0,2026-06-20,Paid
1005,2025-11-12,51,14,22,1010.26,0.0,22225.72,2025-11-13,Partial
1006,2026-07-14,23,3,24,345.6,0.0,8294.4,2026-07-18,Partial
1007,2025-12-14,13,10,26,1180.68,2.0,30083.73,2025-12-17,Paid
1008,2025-05-21,10,10,27,1180.68,5.0,30284.44,2025-05-22,Partial
1009,2026-05-30,70,16,22,1370.49,2.0,29547.76,2026-06-01,Partial
1010,2026-06-15,10,44,21,715.24,2.0,14719.64,2026-06-16,Overdue
1011,2025-08-03,47,2,12,1691.19,3.0,19685.45,2025-08-04,Paid
1012,2026-03-15,32,32,17,730.3,5.0,11794.34,2026-03-19,Paid
1013,2026-02-03,39,6,8,512.21,7.0,3810.84,2026-02-07,Paid
1014,2026-07-17,66,11,20,1345.49,2.0,26371.6,2026-07-20,Paid
1015,2026-02-06,33,4,27,1306.68,0.0,35280.36,2026-02-08,Paid
1016,2025-08-01,42,43,21,520.68,5.0,10387.57,2025-08-05,Partial
1017,2025-07-13,70,11,26,1345.49,5.0,33233.6,2025-07-15,Paid
1018,2026-03-04,3,19,5,1770.9,0.0,8854.5,2026-03-08,Partial
1019,2025-10-03,68,28,23,864.2,2.0,19479.07,2025-10-04,Paid
1020,2025-05-16,14,36,14,590.85,3.0,8023.74,2025-05-18,Paid
1021,2026-06-04,19,27,20,1743.53,0.0,34870.6,2026-06-07,Paid
1022,2026-02-05,68,16,17,1370.49,0.0,23298.33,2026-02-06,Partial
1023,2026-07-20,5,17,26,747.54,0.0,19436.04,2026-07-21,Paid
1024,2025-09-15,27,40,14,289.63,2.0,3973.72,2025-09-16,Paid
1025,2025-11-07,70,14,19,1010.26,0.0,19194.94,2025-11-11,Paid
1026,2026-02-12,48,36,24,590.85,2.0,13896.79,2026-02-14,Overdue
1027,2025-06-28,16,44,6,715.24,2.0,4205.61,2025-07-01,Partial
1028,2026-04-16,55,31,7,297.43,7.0,1936.27,2026-04-18,Paid
1029,2025-08-27,55,29,10,426.56,7.0,3967.01,2025-08-28,Paid
1030,2025-10-30,47,14,15,1010.26,0.0,15153.9,2025-10-31,Overdue
1031,2026-01-08,17,16,14,1370.49,0.0,19186.86,2026-01-09,Paid
1032,2025-12-04,62,18,20,1285.87,5.0,24431.53,2025-12-08,Paid
1033,2026-05-14,6,19,22,1770.9,0.0,38959.8,2026-05-16,Paid
1034,2025-05-01,64,3,6,345.6,5.0,1969.92,2025-05-02,Partial
1035,2026-06-05,12,17,20,747.54,3.0,14502.28,2026-06-06,Overdue
1036,2026-01-18,34,12,19,1973.12,2.0,36739.49,2026-01-21,Paid
1037,2025-10-27,6,10,25,1180.68,2.0,28926.66,2025-10-30,Paid
1038,2026-07-20,69,29,22,426.56,0.0,9384.32,2026-07-24,Paid
1039,2026-03-14,13,15,9,148.05,2.0,1305.8,2026-03-18,Partial
1040,2025-12-08,28,1,24,312.72,0.0,7505.28,2025-12-09,Overdue
1041,2025-09-12,40,28,25,864.2,0.0,21605.0,2025-09-16,Paid
1042,2025-07-13,63,30,24,1771.57,2.0,41667.33,2025-07-16,Partial
1043,2025-11-18,29,40,8,289.63,3.0,2247.53,2025-11-19,Paid
1044,2026-07-03,34,11,11,1345.49,5.0,14060.37,2026-07-06,Paid
1045,2026-01-05,61,31,16,297.43,2.0,4663.7,2026-01-06,Overdue
1046,2026-04-20,12,44,26,715.24,0.0,18596.24,2026-04-22,Partial
1047,2025-05-05,47,2,16,1691.19,5.0,25706.09,2025-05-08,Overdue
1048,2025-09-18,26,39,7,1675.12,2.0,11491.32,2025-09-19,Paid
1049,2025-07-02,58,23,11,211.88,0.0,2330.68,2025-07-04,Paid
1050,2026-04-01,53,32,25,730.3,5.0,17344.62,2026-04-02,Paid
1051,2025-10-25,42,18,8,1285.87,7.0,9566.87,2025-10-26,Paid
1052,2026-07-02,48,6,20,512.21,2.0,10039.32,2026-07-06,Overdue
1053,2025-08-16,34,20,20,768.72,0.0,15374.4,2025-08-20,Overdue
1054,2026-06-07,70,13,25,410.08,2.0,10046.96,2026-06-11,Paid
1055,2026-07-10,16,1,9,312.72,2.0,2758.19,2026-07-11,Partial
1056,2025-07-04,51,22,19,1032.12,2.0,19218.07,2025-07-06,Paid
1057,2026-06-12,27,26,12,965.84,2.0,11358.28,2026-06-15,Paid
1058,2025-10-24,12,12,26,1973.12,7.0,47710.04,2025-10-28,Paid
1059,2026-04-30,7,5,23,1898.46,3.0,42354.64,2026-05-03,Paid
1060,2025-12-07,40,39,9,1675.12,2.0,14774.56,2025-12-10,Overdue
1061,2026-05-26,6,20,22,768.72,2.0,16573.6,2026-05-30,Paid
1062,2026-02-27,44,35,24,683.13,5.0,15575.36,2026-03-03,Paid
1063,2025-12-10,3,26,18,965.84,3.0,16863.57,2025-12-12,Overdue
1064,2025-06-20,40,32,17,730.3,2.0,12166.8,2025-06-23,Paid
1065,2026-06-13,8,39,18,1675.12,0.0,30152.16,2026-06-17,Paid
1066,2026-02-07,62,10,13,1180.68,2.0,15041.86,2026-02-09,Paid
1067,2025-09-19,46,39,18,1675.12,0.0,30152.16,2025-09-23,Paid
1068,2025-09-18,55,43,19,520.68,3.0,9596.13,2025-09-22,Paid
1069,2025-12-09,45,35,26,683.13,5.0,16873.31,2025-12-12,Overdue
1070,2025-10-22,27,14,10,1010.26,0.0,10102.6,2025-10-26,Paid
1071,2025-12-18,64,33,26,1777.66,3.0,44832.59,2025-12-19,Partial
1072,2025-05-24,9,42,17,644.47,0.0,10955.99,2025-05-25,Paid
1073,2026-05-07,36,36,21,590.85,2.0,12159.69,2026-05-11,Overdue
1074,2025-07-07,34,20,5,768.72,0.0,3843.6,2025-07-10,Paid
1075,2026-01-01,54,7,10,1787.03,0.0,17870.3,2026-01-05,Paid
1076,2025-10-25,51,21,11,950.93,3.0,10146.42,2025-10-26,Paid
1077,2026-04-03,21,12,19,1973.12,5.0,35614.82,2026-04-04,Paid
1078,2026-07-29,6,25,20,1589.47,3.0,30835.72,2026-08-01,Paid
1079,2025-09-20,25,1,21,312.72,2.0,6435.78,2025-09-23,Paid
1080,2026-03-20,14,44,6,715.24,5.0,4076.87,2026-03-22,Paid
1081,2026-02-16,7,24,24,1980.55,5.0,45156.54,2026-02-17,Partial
1082,2026-02-01,49,8,14,642.71,3.0,8728.0,2026-02-04,Paid
1083,2025-06-21,53,41,25,664.81,3.0,16121.64,2025-06-25,Partial
1084,2026-01-10,5,13,20,410.08,2.0,8037.57,2026-01-12,Paid
1085,2025-11-14,21,31,22,297.43,3.0,6347.16,2025-11-16,Paid
1086,2026-03-25,3,5,21,1898.46,5.0,37874.28,2026-03-26,Paid
1087,2025-05-15,69,31,23,297.43,0.0,6840.89,2025-05-18,Partial
1088,2025-11-09,37,16,26,1370.49,2.0,34920.09,2025-11-12,Paid
1089,2025-05-30,23,7,16,1787.03,2.0,28020.63,2025-05-31,Paid
1090,2025-08-13,20,19,25,1770.9,2.0,43387.05,2025-08-15,Paid
1091,2026-06-14,12,5,19,1898.46,3.0,34988.62,2026-06-18,Paid
1092,2026-05-06,3,29,6,426.56,5.0,2431.39,2026-05-09,Paid
1093,2026-06-21,22,25,17,1589.47,0.0,27020.99,2026-06-24,Partial
1094,2025-08-19,11,17,17,747.54,2.0,12454.02,2025-08-20,Paid
1095,2026-02-28,37,5,16,1898.46,3.0,29464.1,2026-03-02,Partial
1096,2026-02-05,34,21,24,950.93,0.0,22822.32,2026-02-07,Paid
1097,2026-01-30,6,2,24,1691.19,7.0,37747.36,2026-01-31,Overdue
1098,2025-07-26,15,12,18,1973.12,0.0,35516.16,2025-07-30,Paid
1099,2025-07-06,66,3,20,345.6,2.0,6773.76,2025-07-10,Paid
1100,2026-01-24,20,37,15,127.78,5.0,1820.87,2026-01-28,Paid
1101,2025-05-22,4,4,9,1306.68,3.0,11407.32,2025-05-26,Paid
1102,2025-09-07,12,1,14,312.72,0.0,4378.08,2025-09-11,Paid
1103,2025-07-25,10,15,5,148.05,0.0,740.25,2025-07-29,Paid
1104,2025-08-09,40,37,6,127.78,3.0,743.68,2025-08-12,Paid
1105,2025-06-13,33,32,9,730.3,5.0,6244.06,2025-06-16,Partial
1106,2025-11-20,30,38,23,239.29,2.0,5393.6,2025-11-22,Paid
1107,2025-07-30,13,34,12,376.49,2.0,4427.52,2025-08-01,Paid
1108,2025-05-08,43,20,19,768.72,3.0,14167.51,2025-05-10,Paid
1109,2026-03-04,64,35,9,683.13,0.0,6148.17,2026-03-08,Paid
1110,2026-03-30,64,38,26,239.29,5.0,5910.46,2026-04-02,Paid
1111,2026-06-27,48,1,25,312.72,5.0,7427.1,2026-06-29,Paid
1112,2026-06-09,22,36,17,590.85,0.0,10044.45,2026-06-10,Paid
1113,2025-06-23,59,2,27,1691.19,3.0,44292.27,2025-06-24,Paid
1114,2026-07-02,14,16,24,1370.49,2.0,32233.92,2026-07-05,Paid
1115,2026-03-05,35,6,9,512.21,7.0,4287.2,2026-03-09,Paid
1116,2025-06-27,1,22,23,1032.12,2.0,23263.98,2025-06-29,Paid
1117,2025-05-14,20,35,12,683.13,0.0,8197.56,2025-05-17,Partial
1118,2026-02-13,44,14,24,1010.26,3.0,23518.85,2026-02-16,Paid
1119,2025-11-30,24,14,12,1010.26,3.0,11759.43,2025-12-03,Paid
1120,2025-11-14,61,38,25,239.29,2.0,5862.6,2025-11-16,Paid
1121,2026-05-18,18,30,27,1771.57,0.0,47832.39,2026-05-22,Partial
1122,2026-04-21,34,11,6,1345.49,0.0,8072.94,2026-04-23,Partial
1123,2025-09-26,32,3,21,345.6,2.0,7112.45,2025-09-30,Paid
1124,2026-05-27,46,10,23,1180.68,3.0,26340.97,2026-05-30,Paid
1125,2025-12-18,26,36,18,590.85,3.0,10316.24,2025-12-19,Partial
1126,2026-06-23,18,33,16,1777.66,3.0,27589.28,2026-06-25,Paid
1127,2025-12-25,59,15,17,148.05,5.0,2391.01,2025-12-28,Overdue
1128,2025-08-16,6,20,8,768.72,0.0,6149.76,2025-08-19,Paid
1129,2025-06-01,56,14,24,1010.26,0.0,24246.24,2025-06-02,Paid
1130,2026-03-07,21,15,6,148.05,5.0,843.88,2026-03-09,Partial
1131,2025-09-17,8,25,22,1589.47,3.0,33919.29,2025-09-21,Partial
1132,2026-01-23,61,20,23,768.72,0.0,17680.56,2026-01-24,Overdue
1133,2026-01-05,43,27,10,1743.53,5.0,16563.53,2026-01-09,Paid
1134,2025-07-02,6,10,22,1180.68,3.0,25195.71,2025-07-06,Paid
1135,2025-12-22,34,21,7,950.93,2.0,6523.38,2025-12-23,Partial
1136,2025-05-28,13,26,5,965.84,0.0,4829.2,2025-05-30,Partial
1137,2025-12-12,68,30,9,1771.57,0.0,15944.13,2025-12-16,Paid
1138,2026-06-13,53,35,21,683.13,3.0,13915.36,2026-06-16,Partial
1139,2025-12-07,68,28,26,864.2,0.0,22469.2,2025-12-11,Paid
1140,2026-05-27,7,15,15,148.05,5.0,2109.71,2026-05-31,Partial
1141,2025-10-19,51,31,25,297.43,3.0,7212.68,2025-10-23,Paid
1142,2026-04-08,4,29,16,426.56,7.0,6347.21,2026-04-09,Partial
1143,2026-05-04,61,20,6,768.72,3.0,4473.95,2026-05-08,Paid
1144,2025-07-08,59,27,10,1743.53,5.0,16563.53,2025-07-09,Paid
1145,2026-06-15,13,35,10,683.13,5.0,6489.73,2026-06-17,Paid
1146,2025-06-20,19,6,8,512.21,2.0,4015.73,2025-06-22,Paid
1147,2026-01-18,62,6,11,512.21,2.0,5521.62,2026-01-19,Partial
1148,2026-01-01,50,39,17,1675.12,3.0,27622.73,2026-01-02,Overdue
1149,2026-01-29,22,12,16,1973.12,3.0,30622.82,2026-01-31,Paid
1150,2026-01-19,34,37,27,127.78,0.0,3450.06,2026-01-20,Partial
1151,2026-04-17,18,11,18,1345.49,0.0,24218.82,2026-04-21,Overdue
1152,2025-11-10,70,13,16,410.08,0.0,6561.28,2025-11-11,Paid
1153,2025-10-12,29,5,23,1898.46,2.0,42791.29,2025-10-15,Partial
1154,2026-04-08,13,34,17,376.49,2.0,6272.32,2026-04-09,Partial
1155,2026-07-18,5,11,25,1345.49,2.0,32964.5,2026-07-20,Paid
1156,2026-04-25,24,24,24,1980.55,0.0,47533.2,2026-04-27,Paid
1157,2026-06-16,70,8,11,642.71,3.0,6857.72,2026-06-20,Paid
1158,2026-03-22,65,11,17,1345.49,0.0,22873.33,2026-03-26,Partial
1159,2026-02-28,27,26,16,965.84,7.0,14371.7,2026-03-02,Overdue
1160,2026-07-03,39,44,10,715.24,7.0,6651.73,2026-07-05,Paid
1161,2025-11-25,20,12,9,1973.12,3.0,17225.34,2025-11-26,Partial
1162,2025-10-30,26,15,22,148.05,7.0,3029.1,2025-10-31,Paid
1163,2025-09-29,21,29,12,426.56,2.0,5016.35,2025-10-01,Paid
1164,2025-12-22,42,29,24,426.56,2.0,10032.69,2025-12-23,Paid
1165,2026-01-16,47,15,9,148.05,3.0,1292.48,2026-01-19,Paid
1166,2026-01-28,40,44,14,715.24,5.0,9512.69,2026-01-29,Paid
1167,2026-05-24,7,2,15,1691.19,3.0,24606.81,2026-05-26,Paid
1168,2026-07-06,51,26,20,965.84,0.0,19316.8,2026-07-08,Paid
1169,2025-06-03,56,21,23,950.93,0.0,21871.39,2025-06-04,Paid
1170,2025-12-14,4,25,14,1589.47,5.0,21139.95,2025-12-16,Partial
1171,2025-07-13,46,43,11,520.68,0.0,5727.48,2025-07-14,Overdue
1172,2026-05-17,67,42,7,644.47,3.0,4375.95,2026-05-20,Overdue
1173,2025-08-20,32,15,7,148.05,5.0,984.53,2025-08-23,Partial
1174,2026-06-24,56,41,23,664.81,2.0,14984.82,2026-06-27,Paid
1175,2026-04-27,25,5,24,1898.46,5.0,43284.89,2026-05-01,Paid
1176,2025-09-11,40,29,25,426.56,2.0,10450.72,2025-09-14,Paid
1177,2026-06-09,28,11,18,1345.49,0.0,24218.82,2026-06-13,Paid
1178,2026-07-05,29,37,24,127.78,2.0,3005.39,2026-07-09,Overdue
1179,2026-07-17,15,31,19,297.43,0.0,5651.17,2026-07-18,Partial
1180,2025-06-19,14,14,9,1010.26,5.0,8637.72,2025-06-20,Paid
1181,2025-06-17,4,25,19,1589.47,7.0,28085.93,2025-06-18,Overdue
1182,2025-08-29,62,43,13,520.68,3.0,6565.77,2025-09-02,Paid
1183,2025-10-21,13,22,5,1032.12,3.0,5005.78,2025-10-23,Overdue
1184,2026-06-21,48,12,25,1973.12,5.0,46861.6,2026-06-23,Paid
1185,2026-05-31,66,40,11,289.63,2.0,3122.21,2026-06-04,Paid
1186,2026-06-13,1,41,25,664.81,2.0,16287.84,2026-06-16,Partial
1187,2026-03-18,16,45,7,1546.51,0.0,10825.57,2026-03-20,Overdue
1188,2025-08-20,47,41,9,664.81,0.0,5983.29,2025-08-22,Paid
1189,2025-08-18,70,16,13,1370.49,5.0,16925.55,2025-08-21,Paid
1190,2025-10-28,57,18,23,1285.87,0.0,29575.01,2025-10-29,Paid
1191,2025-06-22,28,36,16,590.85,0.0,9453.6,2025-06-25,Partial
1192,2026-04-06,38,9,23,1636.11,5.0,35749.0,2026-04-10,Partial
1193,2025-06-11,40,3,17,345.6,5.0,5581.44,2025-06-14,Paid
1194,2025-06-18,63,9,13,1636.11,3.0,20631.35,2025-06-21,Paid
1195,2025-09-15,67,16,25,1370.49,7.0,31863.89,2025-09-18,Overdue
1196,2026-07-12,27,21,27,950.93,0.0,25675.11,2026-07-15,Partial
1197,2025-09-15,31,1,21,312.72,2.0,6435.78,2025-09-19,Paid
1198,2026-07-15,54,3,21,345.6,0.0,7257.6,2026-07-18,Paid
1199,2025-08-02,16,24,17,1980.55,0.0,33669.35,2025-08-05,Paid
1200,2026-06-18,13,2,25,1691.19,5.0,40165.76,2026-06-19,Paid
1201,2026-07-01,60,32,15,730.3,7.0,10187.68,2026-07-02,Paid
1202,2026-02-28,54,21,10,950.93,0.0,9509.3,2026-03-02,Paid
1203,2025-06-13,47,44,22,715.24,2.0,15420.57,2025-06-17,Paid
1204,2025-05-16,22,9,14,1636.11,2.0,22447.43,2025-05-18,Overdue
1205,2025-06-05,21,34,8,376.49,2.0,2951.68,2025-06-06,Paid
1206,2025-05-16,23,21,12,950.93,0.0,11411.16,2025-05-19,Paid
1207,2025-06-20,7,4,22,1306.68,0.0,28746.96,2025-06-24,Paid
1208,2025-10-10,48,5,19,1898.46,0.0,36070.74,2025-10-11,Paid
1209,2025-12-25,20,16,10,1370.49,5.0,13019.65,2025-12-28,Paid
1210,2025-08-15,2,44,25,715.24,3.0,17344.57,2025-08-19,Paid
1211,2025-11-25,12,18,10,1285.87,0.0,12858.7,2025-11-27,Paid
1212,2026-02-11,44,44,20,715.24,0.0,14304.8,2026-02-15,Partial
1213,2026-02-28,29,13,26,410.08,2.0,10448.84,2026-03-03,Paid
1214,2025-07-30,64,13,17,410.08,5.0,6622.79,2025-07-31,Paid
1215,2025-06-27,34,43,17,520.68,0.0,8851.56,2025-06-30,Paid
1216,2026-02-28,9,27,23,1743.53,0.0,40101.19,2026-03-02,Paid
1217,2025-11-07,60,18,27,1285.87,0.0,34718.49,2025-11-10,Paid
1218,2026-07-25,65,16,22,1370.49,3.0,29246.26,2026-07-27,Paid
1219,2026-07-08,5,27,19,1743.53,5.0,31470.72,2026-07-09,Paid
1220,2025-07-30,62,16,5,1370.49,2.0,6715.4,2025-08-01,Partial
1221,2025-06-24,11,3,16,345.6,2.0,5419.01,2025-06-27,Paid
1222,2025-05-10,30,8,25,642.71,2.0,15746.4,2025-05-11,Paid
1223,2026-03-10,18,37,26,127.78,2.0,3255.83,2026-03-14,Partial
1224,2026-04-02,18,32,27,730.3,2.0,19323.74,2026-04-06,Paid
1225,2025-07-15,13,1,11,312.72,5.0,3267.92,2025-07-16,Paid
1226,2026-03-31,5,37,23,127.78,0.0,2938.94,2026-04-01,Paid
1227,2026-05-10,28,5,5,1898.46,5.0,9017.68,2026-05-11,Partial
1228,2025-08-02,21,4,20,1306.68,5.0,24826.92,2025-08-05,Paid
1229,2026-04-02,48,3,17,345.6,7.0,5463.94,2026-04-05,Partial
1230,2026-07-27,67,43,17,520.68,3.0,8586.01,2026-07-28,Partial
1231,2025-10-19,66,23,6,211.88,3.0,1233.14,2025-10-20,Partial
1232,2026-02-03,37,24,16,1980.55,0.0,31688.8,2026-02-07,Paid
1233,2025-12-20,47,41,11,664.81,3.0,7093.52,2025-12-24,Partial
1234,2025-12-19,3,28,21,864.2,3.0,17603.75,2025-12-20,Paid
1235,2025-07-22,70,18,26,1285.87,2.0,32763.97,2025-07-26,Paid
1236,2025-07-10,27,22,27,1032.12,3.0,27031.22,2025-07-14,Paid
1237,2025-12-10,3,14,7,1010.26,0.0,7071.82,2025-12-12,Paid
1238,2026-07-05,13,39,25,1675.12,0.0,41878.0,2026-07-08,Overdue
1239,2026-04-25,1,10,11,1180.68,0.0,12987.48,2026-04-27,Partial
1240,2025-09-29,10,25,22,1589.47,0.0,34968.34,2025-10-01,Paid
1241,2026-04-22,50,1,23,312.72,0.0,7192.56,2026-04-26,Paid
1242,2026-03-26,29,33,9,1777.66,0.0,15998.94,2026-03-30,Paid
1243,2026-01-17,26,6,8,512.21,0.0,4097.68,2026-01-19,Partial
1244,2025-07-19,18,31,9,297.43,3.0,2596.56,2025-07-21,Paid
1245,2026-02-22,63,16,18,1370.49,2.0,24175.44,2026-02-26,Paid
1246,2025-09-07,4,23,16,211.88,3.0,3288.38,2025-09-09,Overdue
1247,2025-05-17,1,9,25,1636.11,5.0,38857.61,2025-05-20,Paid
1248,2026-03-18,15,16,12,1370.49,3.0,15952.5,2026-03-22,Partial
1249,2026-03-09,34,9,23,1636.11,2.0,36877.92,2026-03-12,Paid
1250,2026-07-02,37,2,24,1691.19,7.0,37747.36,2026-07-03,Paid
1251,2026-07-30,27,23,21,211.88,0.0,4449.48,2026-07-31,Partial
1252,2025-07-23,30,26,5,965.84,7.0,4491.16,2025-07-27,Paid
1253,2025-09-09,24,21,8,950.93,2.0,7455.29,2025-09-11,Paid
1254,2025-06-12,68,12,18,1973.12,0.0,35516.16,2025-06-13,Paid
1255,2025-07-06,25,23,14,211.88,2.0,2906.99,2025-07-07,Paid
1256,2026-06-07,16,45,23,1546.51,2.0,34858.34,2026-06-08,Paid
1257,2025-07-18,56,41,5,664.81,3.0,3224.33,2025-07-19,Overdue
1258,2026-06-04,65,12,26,1973.12,0.0,51301.12,2026-06-06,Overdue
1259,2025-07-15,63,36,25,590.85,5.0,14032.69,2025-07-16,Paid
1260,2025-12-31,26,34,18,376.49,5.0,6437.98,2026-01-02,Paid
1261,2026-04-22,70,17,13,747.54,3.0,9426.48,2026-04-23,Overdue
1262,2026-02-20,13,35,22,683.13,3.0,14577.99,2026-02-22,Paid
1263,2025-12-06,25,17,5,747.54,3.0,3625.57,2025-12-08,Paid
1264,2026-07-06,69,3,20,345.6,2.0,6773.76,2026-07-09,Paid
1265,2025-06-30,48,10,22,1180.68,5.0,24676.21,2025-07-02,Partial
1266,2026-02-06,9,38,17,239.29,3.0,3945.89,2026-02-09,Paid
1267,2025-06-01,57,18,26,1285.87,3.0,32429.64,2025-06-04,Paid
1268,2026-07-30,38,28,6,864.2,0.0,5185.2,2026-08-02,Overdue
1269,2025-10-07,48,25,21,1589.47,3.0,32377.5,2025-10-10,Paid
1270,2025-10-03,16,30,5,1771.57,5.0,8414.96,2025-10-07,Overdue
1271,2026-07-18,23,14,19,1010.26,5.0,18235.19,2026-07-21,Paid
1272,2026-04-14,12,4,24,1306.68,0.0,31360.32,2026-04-15,Paid
1273,2026-02-08,34,22,19,1032.12,5.0,18629.77,2026-02-12,Paid
1274,2026-06-11,61,31,24,297.43,7.0,6638.64,2026-06-13,Partial
1275,2026-06-16,28,34,22,376.49,0.0,8282.78,2026-06-18,Partial
1276,2026-05-21,59,42,13,644.47,2.0,8210.55,2026-05-23,Paid
1277,2026-05-18,31,29,8,426.56,3.0,3310.11,2026-05-21,Partial
1278,2025-10-10,48,15,18,148.05,3.0,2584.95,2025-10-11,Paid
1279,2025-06-11,17,22,10,1032.12,0.0,10321.2,2025-06-12,Overdue
1280,2025-10-30,39,34,22,376.49,0.0,8282.78,2025-11-02,Paid
1281,2025-07-07,44,35,15,683.13,3.0,9939.54,2025-07-10,Paid
1282,2026-02-11,11,1,26,312.72,3.0,7886.8,2026-02-13,Paid
1283,2025-09-13,26,43,12,520.68,0.0,6248.16,2025-09-14,Paid
1284,2025-12-27,22,44,6,715.24,5.0,4076.87,2025-12-28,Partial
1285,2025-12-23,30,5,21,1898.46,0.0,39867.66,2025-12-26,Paid
1286,2026-02-26,59,11,7,1345.49,0.0,9418.43,2026-03-02,Paid
1287,2025-09-10,51,21,24,950.93,2.0,22365.87,2025-09-12,Paid
1288,2026-06-05,34,25,22,1589.47,0.0,34968.34,2026-06-08,Paid
1289,2025-09-18,45,11,24,1345.49,5.0,30677.17,2025-09-21,Paid
1290,2025-10-12,45,9,10,1636.11,2.0,16033.88,2025-10-16,Overdue
1291,2026-02-07,34,27,19,1743.53,7.0,30808.18,2026-02-11,Paid
1292,2026-01-26,24,35,26,683.13,3.0,17228.54,2026-01-30,Partial
1293,2026-02-12,52,17,13,747.54,7.0,9037.76,2026-02-15,Overdue
1294,2025-06-18,17,13,22,410.08,7.0,8390.24,2025-06-21,Paid
1295,2025-10-29,62,22,19,1032.12,0.0,19610.28,2025-10-31,Paid
1296,2025-07-20,46,26,27,965.84,0.0,26077.68,2025-07-23,Paid
1297,2026-01-11,18,28,25,864.2,5.0,20524.75,2026-01-15,Paid
1298,2026-04-28,56,4,17,1306.68,0.0,22213.56,2026-05-02,Partial
1299,2025-10-31,64,29,8,426.56,0.0,3412.48,2025-11-02,Paid
1300,2025-10-06,56,25,17,1589.47,2.0,26480.57,2025-10-07,Overdue
1301,2025-07-17,20,41,22,664.81,2.0,14333.3,2025-07-19,Overdue
1302,2026-01-26,39,22,20,1032.12,0.0,20642.4,2026-01-29,Partial
1303,2025-09-17,52,19,26,1770.9,5.0,43741.23,2025-09-20,Paid
1304,2025-07-03,66,40,6,289.63,0.0,1737.78,2025-07-05,Paid
1305,2026-07-11,51,25,11,1589.47,2.0,17134.49,2026-07-13,Paid
1306,2026-04-29,39,12,26,1973.12,3.0,49762.09,2026-05-02,Paid
1307,2025-09-23,13,1,5,312.72,0.0,1563.6,2025-09-26,Overdue
1308,2025-07-24,53,31,27,297.43,0.0,8030.61,2025-07-28,Paid
1309,2025-12-30,69,10,15,1180.68,3.0,17178.89,2025-12-31,Partial
1310,2025-07-11,47,41,17,664.81,7.0,10510.65,2025-07-12,Partial
1311,2025-08-14,23,33,17,1777.66,5.0,28709.21,2025-08-15,Paid
1312,2026-03-17,50,12,24,1973.12,2.0,46407.78,2026-03-20,Paid
1313,2026-07-18,6,27,23,1743.53,2.0,39299.17,2026-07-21,Paid
1314,2025-08-14,44,10,16,1180.68,2.0,18513.06,2025-08-18,Partial
1315,2025-10-02,37,45,6,1546.51,3.0,9000.69,2025-10-06,Paid
1316,2025-05-09,60,1,26,312.72,0.0,8130.72,2025-05-13,Paid
1317,2025-06-14,16,43,10,520.68,0.0,5206.8,2025-06-18,Overdue
1318,2026-04-04,42,45,9,1546.51,2.0,13640.22,2026-04-08,Paid
1319,2025-05-01,21,37,20,127.78,2.0,2504.49,2025-05-03,Paid
1320,2025-12-03,33,33,10,1777.66,0.0,17776.6,2025-12-06,Paid
1321,2025-09-11,31,40,16,289.63,2.0,4541.4,2025-09-15,Partial
1322,2026-01-26,7,42,7,644.47,2.0,4421.06,2026-01-27,Paid
1323,2026-07-02,51,1,17,312.72,2.0,5209.92,2026-07-03,Overdue
1324,2025-06-18,48,18,12,1285.87,2.0,15121.83,2025-06-19,Paid
1325,2025-05-23,33,20,25,768.72,0.0,19218.0,2025-05-25,Overdue
1326,2026-04-24,60,3,5,345.6,0.0,1728.0,2026-04-26,Paid
1327,2026-05-13,60,16,6,1370.49,0.0,8222.94,2026-05-15,Paid
1328,2025-07-15,6,16,10,1370.49,3.0,13293.75,2025-07-19,Overdue
1329,2025-08-06,64,40,18,289.63,5.0,4952.67,2025-08-10,Paid
1330,2026-05-14,55,35,7,683.13,3.0,4638.45,2026-05-18,Partial
1331,2025-08-28,30,3,7,345.6,5.0,2298.24,2025-08-30,Paid
1332,2025-08-08,28,28,25,864.2,2.0,21172.9,2025-08-11,Overdue
1333,2026-02-23,3,23,18,211.88,0.0,3813.84,2026-02-27,Paid
1334,2026-02-15,17,32,20,730.3,2.0,14313.88,2026-02-18,Paid
1335,2025-10-19,60,41,9,664.81,2.0,5863.62,2025-10-23,Partial
1336,2025-10-16,51,18,12,1285.87,2.0,15121.83,2025-10-18,Paid
1337,2025-12-27,59,44,22,715.24,0.0,15735.28,2025-12-31,Paid
1338,2025-10-22,41,26,17,965.84,0.0,16419.28,2025-10-26,Paid
1339,2025-05-28,2,4,19,1306.68,3.0,24082.11,2025-05-30,Paid
1340,2026-01-09,53,38,24,239.29,3.0,5570.67,2026-01-13,Partial
1341,2026-04-01,45,29,15,426.56,7.0,5950.51,2026-04-03,Partial
1342,2026-06-27,36,38,10,239.29,3.0,2321.11,2026-07-01,Paid
1343,2026-07-29,27,18,18,1285.87,2.0,22682.75,2026-07-30,Overdue
1344,2025-12-08,10,14,18,1010.26,0.0,18184.68,2025-12-09,Paid
1345,2026-06-25,63,24,13,1980.55,0.0,25747.15,2026-06-28,Paid
1346,2026-04-17,33,36,6,590.85,2.0,3474.2,2026-04-21,Paid
1347,2026-03-06,51,20,21,768.72,2.0,15820.26,2026-03-10,Paid
1348,2026-07-09,19,12,27,1973.12,0.0,53274.24,2026-07-13,Paid
1349,2025-10-17,8,37,17,127.78,2.0,2128.81,2025-10-18,Paid
1350,2026-01-09,3,14,6,1010.26,3.0,5879.71,2026-01-11,Paid
1351,2025-12-29,68,3,13,345.6,2.0,4402.94,2025-12-31,Partial
1352,2025-10-31,63,12,21,1973.12,2.0,40606.81,2025-11-01,Paid
1353,2026-07-14,69,26,10,965.84,3.0,9368.65,2026-07-17,Partial
1354,2025-11-19,68,6,22,512.21,5.0,10705.19,2025-11-20,Paid
1355,2026-04-06,38,26,12,965.84,7.0,10778.77,2026-04-08,Paid
1356,2025-09-23,17,26,9,965.84,5.0,8257.93,2025-09-24,Partial
1357,2026-01-14,58,30,25,1771.57,5.0,42074.79,2026-01-17,Paid
1358,2026-03-14,19,6,11,512.21,0.0,5634.31,2026-03-16,Paid
1359,2025-09-25,50,1,10,312.72,2.0,3064.66,2025-09-28,Overdue
1360,2026-01-27,22,12,18,1973.12,2.0,34805.84,2026-01-28,Paid
1361,2025-08-28,43,30,16,1771.57,0.0,28345.12,2025-09-01,Partial
1362,2026-06-05,2,31,9,297.43,2.0,2623.33,2026-06-08,Paid
1363,2025-07-07,6,29,7,426.56,3.0,2896.34,2025-07-10,Paid
1364,2025-12-30,30,31,8,297.43,3.0,2308.06,2026-01-01,Paid
1365,2025-06-01,50,10,18,1180.68,0.0,21252.24,2025-06-02,Paid
1366,2025-05-19,63,7,9,1787.03,3.0,15600.77,2025-05-23,Partial
1367,2025-11-12,35,1,12,312.72,3.0,3640.06,2025-11-14,Paid
1368,2025-05-12,64,24,18,1980.55,3.0,34580.4,2025-05-13,Paid
1369,2025-10-02,54,33,8,1777.66,0.0,14221.28,2025-10-06,Paid
1370,2026-05-13,16,10,22,1180.68,3.0,25195.71,2026-05-15,Paid
1371,2026-06-22,69,17,14,747.54,5.0,9942.28,2026-06-25,Paid
1372,2025-05-26,24,33,18,1777.66,2.0,31357.92,2025-05-28,Paid
1373,2026-07-31,27,30,14,1771.57,0.0,24801.98,2026-08-03,Partial
1374,2026-01-18,43,20,24,768.72,3.0,17895.8,2026-01-19,Overdue
1375,2026-01-19,62,4,22,1306.68,2.0,28172.02,2026-01-21,Overdue
1376,2026-04-12,66,9,11,1636.11,5.0,17097.35,2026-04-16,Paid
1377,2025-06-05,4,20,5,768.72,0.0,3843.6,2025-06-08,Paid
1378,2025-12-13,34,30,12,1771.57,3.0,20621.07,2025-12-15,Paid
1379,2026-04-10,50,44,18,715.24,2.0,12616.83,2026-04-12,Overdue
1380,2025-08-14,65,23,14,211.88,0.0,2966.32,2025-08-17,Overdue
1381,2025-11-09,40,8,8,642.71,3.0,4987.43,2025-11-13,Paid
1382,2026-05-05,43,17,23,747.54,2.0,16849.55,2026-05-06,Partial
1383,2026-04-05,62,3,12,345.6,0.0,4147.2,2026-04-09,Partial
1384,2026-01-04,21,12,14,1973.12,3.0,26794.97,2026-01-05,Paid
1385,2026-02-06,30,9,18,1636.11,2.0,28860.98,2026-02-10,Paid
1386,2026-04-26,53,32,17,730.3,0.0,12415.1,2026-04-27,Paid
1387,2025-10-01,70,11,20,1345.49,3.0,26102.51,2025-10-04,Paid
1388,2026-01-17,48,31,20,297.43,0.0,5948.6,2026-01-20,Paid
1389,2026-06-17,64,42,15,644.47,2.0,9473.71,2026-06-21,Partial
1390,2026-06-10,21,23,13,211.88,2.0,2699.35,2026-06-11,Partial
1391,2025-10-29,62,16,18,1370.49,3.0,23928.76,2025-10-31,Paid
1392,2025-10-14,10,30,16,1771.57,0.0,28345.12,2025-10-16,Paid
1393,2026-02-05,11,6,26,512.21,0.0,13317.46,2026-02-06,Overdue
1394,2025-05-18,4,19,24,1770.9,0.0,42501.6,2025-05-19,Partial
1395,2025-06-10,45,5,23,1898.46,0.0,43664.58,2025-06-11,Paid
1396,2025-05-16,46,44,19,715.24,3.0,13181.87,2025-05-20,Paid
1397,2026-04-17,1,40,23,289.63,3.0,6461.65,2026-04-20,Paid
1398,2025-12-28,50,43,18,520.68,3.0,9091.07,2025-12-29,Paid
1399,2025-11-08,5,13,9,410.08,3.0,3580.0,2025-11-11,Paid
1400,2026-03-08,34,16,21,1370.49,2.0,28204.68,2026-03-09,Partial
1401,2025-07-19,56,22,22,1032.12,3.0,22025.44,2025-07-21,Paid
1402,2026-04-06,69,12,17,1973.12,2.0,32872.18,2026-04-07,Paid
1403,2025-08-01,18,26,10,965.84,3.0,9368.65,2025-08-04,Paid
1404,2025-12-11,68,37,17,127.78,0.0,2172.26,2025-12-12,Partial
1405,2025-07-10,19,15,19,148.05,3.0,2728.56,2025-07-14,Partial
1406,2025-08-16,41,30,25,1771.57,5.0,42074.79,2025-08-17,Paid
1407,2026-07-30,60,14,22,1010.26,3.0,21558.95,2026-08-02,Paid
1408,2025-09-19,44,21,6,950.93,3.0,5534.41,2025-09-23,Paid
1409,2025-10-24,20,5,27,1898.46,2.0,50233.25,2025-10-28,Paid
1410,2025-11-11,55,10,11,1180.68,0.0,12987.48,2025-11-13,Paid
1411,2026-03-05,42,30,15,1771.57,7.0,24713.4,2026-03-08,Overdue
1412,2025-12-21,15,45,24,1546.51,0.0,37116.24,2025-12-23,Overdue
1413,2025-12-14,34,30,17,1771.57,2.0,29514.36,2025-12-16,Paid
1414,2025-11-02,32,42,10,644.47,3.0,6251.36,2025-11-03,Paid
1415,2026-06-24,43,34,18,376.49,5.0,6437.98,2026-06-26,Paid
1416,2026-02-01,9,40,12,289.63,5.0,3301.78,2026-02-02,Paid
1417,2026-03-22,69,30,12,1771.57,5.0,20195.9,2026-03-25,Paid
1418,2025-10-12,15,12,10,1973.12,3.0,19139.26,2025-10-15,Overdue
1419,2025-10-06,63,25,14,1589.47,3.0,21585.0,2025-10-10,Overdue
1420,2026-05-12,50,12,14,1973.12,5.0,26242.5,2026-05-13,Paid
1421,2025-06-19,23,3,8,345.6,5.0,2626.56,2025-06-20,Paid
1422,2025-11-09,68,21,5,950.93,5.0,4516.92,2025-11-12,Paid
1423,2025-10-19,26,4,17,1306.68,7.0,20658.61,2025-10-23,Paid
1424,2025-11-03,38,40,13,289.63,2.0,3689.89,2025-11-05,Partial
1425,2026-01-19,32,35,17,683.13,0.0,11613.21,2026-01-21,Partial
1426,2026-06-28,23,8,21,642.71,5.0,12822.06,2026-06-29,Paid
1427,2026-04-22,15,30,22,1771.57,0.0,38974.54,2026-04-24,Paid
1428,2026-02-01,32,42,23,644.47,7.0,13785.21,2026-02-05,Paid
1429,2026-04-04,36,13,17,410.08,5.0,6622.79,2026-04-06,Overdue
1430,2026-01-20,56,18,26,1285.87,2.0,32763.97,2026-01-24,Overdue
1431,2026-04-26,7,34,18,376.49,2.0,6641.28,2026-04-30,Paid
1432,2025-07-08,8,33,8,1777.66,0.0,14221.28,2025-07-10,Overdue
1433,2025-07-06,29,29,14,426.56,5.0,5673.25,2025-07-08,Paid
1434,2026-07-27,67,20,16,768.72,5.0,11684.54,2026-07-31,Overdue
1435,2026-05-02,21,17,25,747.54,3.0,18127.85,2026-05-04,Paid
1436,2025-07-15,65,21,10,950.93,2.0,9319.11,2025-07-17,Overdue
1437,2025-09-25,63,21,14,950.93,5.0,12647.37,2025-09-27,Paid
1438,2025-06-24,37,31,6,297.43,0.0,1784.58,2025-06-25,Paid
1439,2026-01-31,16,34,19,376.49,2.0,7010.24,2026-02-03,Partial
1440,2025-11-12,45,31,20,297.43,3.0,5770.14,2025-11-14,Overdue
1441,2025-08-10,40,25,21,1589.47,0.0,33378.87,2025-08-13,Paid
1442,2026-03-28,55,32,14,730.3,3.0,9917.47,2026-03-30,Paid
1443,2026-06-19,19,41,25,664.81,3.0,16121.64,2026-06-23,Paid
1444,2025-10-05,48,42,27,644.47,3.0,16878.67,2025-10-08,Paid
1445,2026-05-20,8,9,19,1636.11,5.0,29531.79,2026-05-24,Paid
1446,2026-04-05,18,28,9,864.2,3.0,7544.47,2026-04-07,Partial
1447,2026-04-14,56,2,20,1691.19,7.0,31456.13,2026-04-16,Paid
1448,2025-11-08,53,38,21,239.29,2.0,4924.59,2025-11-11,Partial
1449,2026-03-02,61,5,27,1898.46,5.0,48695.5,2026-03-03,Paid
1450,2025-09-28,29,20,14,768.72,0.0,10762.08,2025-10-01,Partial
1451,2025-11-30,11,21,7,950.93,0.0,6656.51,2025-12-04,Paid
1452,2025-06-12,38,44,18,715.24,5.0,12230.6,2025-06-13,Paid
1453,2026-03-23,39,41,25,664.81,0.0,16620.25,2026-03-27,Paid
1454,2025-08-23,30,37,23,127.78,3.0,2850.77,2025-08-27,Paid
1455,2025-10-02,44,15,9,148.05,7.0,1239.18,2025-10-03,Paid
1456,2025-10-19,16,30,27,1771.57,0.0,47832.39,2025-10-22,Paid
1457,2025-05-07,28,35,18,683.13,0.0,12296.34,2025-05-11,Partial
1458,2026-06-27,58,28,22,864.2,2.0,18632.15,2026-06-29,Partial
1459,2026-04-03,43,2,13,1691.19,5.0,20886.2,2026-04-04,Paid
1460,2026-03-30,4,9,6,1636.11,3.0,9522.16,2026-04-03,Paid
1461,2025-09-13,49,45,18,1546.51,0.0,27837.18,2025-09-17,Paid
1462,2025-08-12,27,38,7,239.29,3.0,1624.78,2025-08-15,Paid
1463,2026-05-04,66,27,9,1743.53,0.0,15691.77,2026-05-05,Partial
1464,2025-10-13,46,38,20,239.29,5.0,4546.51,2025-10-17,Partial
1465,2025-05-18,59,39,20,1675.12,2.0,32832.35,2025-05-22,Paid
1466,2025-09-06,51,6,16,512.21,0.0,8195.36,2025-09-07,Paid
1467,2026-03-01,42,44,19,715.24,3.0,13181.87,2026-03-04,Partial
1468,2026-01-02,58,17,8,747.54,5.0,5681.3,2026-01-05,Paid
1469,2025-10-08,38,26,5,965.84,2.0,4732.62,2025-10-10,Overdue
1470,2025-12-06,26,42,21,644.47,0.0,13533.87,2025-12-08,Overdue
1471,2026-01-28,59,18,26,1285.87,3.0,32429.64,2026-01-29,Paid
1472,2026-02-11,31,19,23,1770.9,3.0,39508.78,2026-02-12,Paid
1473,2025-05-23,22,12,19,1973.12,3.0,36364.6,2025-05-27,Paid
1474,2025-08-28,39,20,13,768.72,2.0,9793.49,2025-08-31,Partial
1475,2026-02-21,7,18,8,1285.87,0.0,10286.96,2026-02-25,Partial
1476,2026-03-25,7,17,16,747.54,2.0,11721.43,2026-03-27,Partial
1477,2026-04-18,40,27,8,1743.53,2.0,13669.28,2026-04-19,Paid
1478,2026-01-01,65,40,6,289.63,2.0,1703.02,2026-01-03,Overdue
1479,2025-06-03,5,44,21,715.24,2.0,14719.64,2025-06-07,Partial
1480,2026-02-09,50,13,27,410.08,0.0,11072.16,2026-02-11,Paid
1481,2025-12-12,44,26,5,965.84,0.0,4829.2,2025-12-16,Paid
1482,2026-01-05,28,42,25,644.47,0.0,16111.75,2026-01-07,Partial
1483,2026-03-31,41,25,14,1589.47,0.0,22252.58,2026-04-04,Paid
1484,2026-01-26,13,19,19,1770.9,3.0,32637.69,2026-01-29,Paid
1485,2026-05-29,52,26,24,965.84,2.0,22716.56,2026-05-31,Overdue
1486,2025-08-20,21,7,13,1787.03,2.0,22766.76,2025-08-22,Paid
1487,2026-03-16,22,32,21,730.3,5.0,14569.48,2026-03-20,Partial
1488,2025-06-23,46,8,13,642.71,2.0,8188.13,2025-06-25,Paid
1489,2026-01-02,38,18,24,1285.87,0.0,30860.88,2026-01-06,Paid
1490,2025-08-21,37,19,27,1770.9,0.0,47814.3,2025-08-23,Paid
1491,2025-12-18,62,12,19,1973.12,7.0,34865.03,2025-12-22,Paid
1492,2026-07-03,8,6,23,512.21,5.0,11191.79,2026-07-07,Overdue
1493,2025-12-02,24,16,8,1370.49,0.0,10963.92,2025-12-03,Paid
1494,2025-11-24,25,2,8,1691.19,2.0,13258.93,2025-11-27,Overdue
1495,2025-06-14,9,21,20,950.93,3.0,18448.04,2025-06-17,Paid
1496,2025-11-01,21,16,26,1370.49,0.0,35632.74,2025-11-04,Paid
1497,2026-01-26,55,40,18,289.63,0.0,5213.34,2026-01-29,Paid
1498,2026-06-18,3,7,22,1787.03,3.0,38135.22,2026-06-22,Paid
1499,2025-07-29,30,41,9,664.81,3.0,5803.79,2025-08-01,Partial
1500,2026-04-30,53,15,19,148.05,0.0,2812.95,2026-05-01,Overdue
1501,2026-03-22,15,30,20,1771.57,0.0,35431.4,2026-03-24,Paid
1502,2025-10-02,13,29,23,426.56,0.0,9810.88,2025-10-05,Paid
1503,2026-06-30,32,10,7,1180.68,0.0,8264.76,2026-07-03,Overdue
1504,2025-07-26,31,25,8,1589.47,5.0,12079.97,2025-07-27,Paid
1505,2026-04-18,32,16,20,1370.49,3.0,26587.51,2026-04-21,Paid
1506,2025-05-01,70,2,16,1691.19,3.0,26247.27,2025-05-05,Partial
1507,2025-10-31,40,40,18,289.63,0.0,5213.34,2025-11-02,Paid
1508,2026-03-26,57,18,17,1285.87,0.0,21859.79,2026-03-27,Paid
1509,2025-12-09,29,8,25,642.71,5.0,15264.36,2025-12-13,Paid
1510,2026-06-29,58,10,10,1180.68,3.0,11452.6,2026-06-30,Partial
1511,2025-11-01,1,41,22,664.81,2.0,14333.3,2025-11-02,Paid
1512,2025-07-28,40,4,6,1306.68,0.0,7840.08,2025-07-29,Paid
1513,2026-04-23,25,3,13,345.6,2.0,4402.94,2026-04-24,Partial
1514,2025-09-14,20,3,23,345.6,5.0,7551.36,2025-09-18,Overdue
1515,2025-08-21,35,45,14,1546.51,2.0,21218.12,2025-08-22,Paid
1516,2026-06-11,56,12,6,1973.12,5.0,11246.78,2026-06-13,Paid
1517,2025-11-21,57,19,27,1770.9,0.0,47814.3,2025-11-25,Paid
1518,2026-03-19,61,3,24,345.6,3.0,8045.57,2026-03-22,Paid
1519,2026-01-17,1,6,11,512.21,0.0,5634.31,2026-01-19,Paid
1520,2026-01-15,19,13,24,410.08,3.0,9546.66,2026-01-19,Partial
1521,2026-03-17,49,14,24,1010.26,5.0,23033.93,2026-03-20,Paid
1522,2026-06-20,48,33,16,1777.66,5.0,27020.43,2026-06-21,Partial
1523,2026-03-06,18,38,10,239.29,7.0,2225.4,2026-03-08,Paid
1524,2025-06-20,43,29,20,426.56,3.0,8275.26,2025-06-23,Partial
1525,2026-02-22,15,11,20,1345.49,0.0,26909.8,2026-02-26,Overdue
1526,2026-05-08,48,39,16,1675.12,0.0,26801.92,2026-05-12,Paid
1527,2025-08-16,24,40,20,289.63,2.0,5676.75,2025-08-17,Paid
1528,2026-01-30,14,9,7,1636.11,2.0,11223.71,2026-02-01,Partial
1529,2025-09-22,68,8,12,642.71,2.0,7558.27,2025-09-25,Overdue
1530,2026-06-23,29,5,27,1898.46,7.0,47670.33,2026-06-27,Paid
1531,2025-11-21,66,26,25,965.84,5.0,22938.7,2025-11-25,Paid
1532,2025-08-20,36,36,25,590.85,5.0,14032.69,2025-08-23,Paid
1533,2025-10-14,22,9,22,1636.11,2.0,35274.53,2025-10-17,Overdue
1534,2026-03-17,69,38,17,239.29,0.0,4067.93,2026-03-19,Paid
1535,2025-07-02,48,3,24,345.6,0.0,8294.4,2025-07-06,Overdue
1536,2026-02-25,32,35,19,683.13,5.0,12330.5,2026-03-01,Paid
1537,2026-03-14,70,35,5,683.13,0.0,3415.65,2026-03-18,Partial
1538,2025-12-02,4,1,6,312.72,3.0,1820.03,2025-12-04,Partial
1539,2025-12-22,23,7,5,1787.03,2.0,8756.45,2025-12-26,Paid
1540,2025-10-19,41,1,8,312.72,0.0,2501.76,2025-10-23,Partial
1541,2026-04-06,34,16,7,1370.49,0.0,9593.43,2026-04-07,Paid
1542,2026-07-26,3,41,11,664.81,0.0,7312.91,2026-07-27,Paid
1543,2025-12-20,44,32,23,730.3,7.0,15621.12,2025-12-22,Partial
1544,2025-07-14,21,10,20,1180.68,3.0,22905.19,2025-07-17,Paid
1545,2026-03-15,48,12,6,1973.12,3.0,11483.56,2026-03-17,Partial
1546,2026-06-30,13,21,18,950.93,0.0,17116.74,2026-07-02,Paid
1547,2026-06-12,32,8,20,642.71,5.0,12211.49,2026-06-15,Paid
1548,2026-03-28,26,6,5,512.21,0.0,2561.05,2026-04-01,Partial
1549,2026-07-02,14,7,26,1787.03,7.0,43210.39,2026-07-04,Paid
1550,2026-06-22,53,39,26,1675.12,3.0,42246.53,2026-06-24,Overdue
1551,2026-06-25,69,7,5,1787.03,0.0,8935.15,2026-06-29,Paid
1552,2025-06-22,49,34,21,376.49,3.0,7669.1,2025-06-25,Overdue
1553,2025-09-22,11,39,10,1675.12,0.0,16751.2,2025-09-23,Partial
1554,2026-02-07,20,5,25,1898.46,2.0,46512.27,2026-02-11,Overdue
1555,2026-05-30,5,8,6,642.71,0.0,3856.26,2026-06-03,Overdue
1556,2025-12-17,64,25,26,1589.47,2.0,40499.7,2025-12-18,Partial
1557,2025-10-15,67,42,19,644.47,5.0,11632.68,2025-10-16,Paid
1558,2026-06-10,1,37,22,127.78,5.0,2670.6,2026-06-14,Paid
1559,2025-09-07,45,4,12,1306.68,3.0,15209.76,2025-09-10,Partial
1560,2025-05-14,3,34,15,376.49,3.0,5477.93,2025-05-16,Paid
1561,2025-05-15,44,10,10,1180.68,2.0,11570.66,2025-05-17,Paid
1562,2025-09-12,66,29,25,426.56,2.0,10450.72,2025-09-15,Partial
1563,2026-01-04,3,11,19,1345.49,3.0,24797.38,2026-01-08,Paid
1564,2026-03-07,46,19,5,1770.9,0.0,8854.5,2026-03-09,Paid
1565,2026-06-23,69,27,13,1743.53,0.0,22665.89,2026-06-27,Paid
1566,2026-05-25,7,21,26,950.93,0.0,24724.18,2026-05-29,Overdue
1567,2025-12-28,62,20,17,768.72,5.0,12414.83,2025-12-29,Paid
1568,2025-05-24,50,4,23,1306.68,0.0,30053.64,2025-05-26,Paid
1569,2026-01-17,9,35,14,683.13,5.0,9085.63,2026-01-18,Paid
1570,2025-11-18,11,41,25,664.81,0.0,16620.25,2025-11-22,Paid
1571,2025-07-18,51,39,8,1675.12,5.0,12730.91,2025-07-19,Paid
1572,2025-08-08,47,13,11,410.08,5.0,4285.34,2025-08-12,Paid
1573,2026-06-02,10,38,24,239.29,2.0,5628.1,2026-06-05,Paid
1574,2026-04-28,62,45,25,1546.51,0.0,38662.75,2026-04-30,Partial
1575,2025-08-31,38,35,14,683.13,5.0,9085.63,2025-09-01,Paid
1576,2025-09-17,10,31,25,297.43,0.0,7435.75,2025-09-19,Paid
1577,2026-03-25,17,12,21,1973.12,2.0,40606.81,2026-03-27,Overdue
1578,2025-05-08,27,14,19,1010.26,2.0,18811.04,2025-05-10,Partial
1579,2026-05-26,33,25,16,1589.47,5.0,24159.94,2026-05-30,Paid
1580,2025-12-30,5,25,10,1589.47,0.0,15894.7,2026-01-03,Paid
1581,2025-07-16,59,20,27,768.72,2.0,20340.33,2025-07-17,Paid
1582,2026-03-10,53,20,7,768.72,3.0,5219.61,2026-03-13,Partial
1583,2025-09-11,57,43,21,520.68,7.0,10168.88,2025-09-12,Overdue
1584,2025-10-15,8,36,9,590.85,5.0,5051.77,2025-10-18,Paid
1585,2026-05-21,9,41,23,664.81,0.0,15290.63,2026-05-24,Paid
1586,2025-07-12,56,23,18,211.88,2.0,3737.56,2025-07-14,Partial
1587,2026-04-03,70,5,7,1898.46,2.0,13023.44,2026-04-07,Paid
1588,2025-06-10,62,28,23,864.2,0.0,19876.6,2025-06-14,Paid
1589,2026-02-18,46,24,6,1980.55,7.0,11051.47,2026-02-22,Paid
1590,2026-04-26,25,5,10,1898.46,0.0,18984.6,2026-04-30,Paid
1591,2025-11-11,57,36,11,590.85,2.0,6369.36,2025-11-15,Paid
1592,2026-05-01,54,44,27,715.24,5.0,18345.91,2026-05-03,Overdue
1593,2025-08-01,52,17,5,747.54,0.0,3737.7,2025-08-03,Partial
1594,2026-06-09,9,44,15,715.24,0.0,10728.6,2026-06-13,Overdue
1595,2026-05-21,51,45,8,1546.51,3.0,12000.92,2026-05-25,Overdue
1596,2025-11-01,6,16,18,1370.49,0.0,24668.82,2025-11-02,Paid
1597,2026-05-11,67,41,21,664.81,2.0,13681.79,2026-05-15,Paid
1598,2026-04-12,24,27,19,1743.53,0.0,33127.07,2026-04-14,Paid
1599,2025-06-10,64,20,9,768.72,3.0,6710.93,2025-06-13,Paid
1600,2025-05-30,46,17,20,747.54,0.0,14950.8,2025-05-31,Paid
1601,2026-01-19,25,44,6,715.24,0.0,4291.44,2026-01-23,Paid
1602,2025-09-05,19,32,25,730.3,0.0,18257.5,2025-09-07,Paid
1603,2026-04-18,44,16,5,1370.49,0.0,6852.45,2026-04-21,Paid
1604,2026-03-21,24,39,5,1675.12,3.0,8124.33,2026-03-22,Paid
1605,2025-05-12,41,9,27,1636.11,5.0,41966.22,2025-05-14,Paid
1606,2025-10-27,31,18,10,1285.87,5.0,12215.76,2025-10-29,Paid
1607,2026-06-08,20,3,12,345.6,2.0,4064.26,2026-06-09,Paid
1608,2025-12-05,63,3,7,345.6,2.0,2370.82,2025-12-06,Paid
1609,2026-05-07,62,33,5,1777.66,3.0,8621.65,2026-05-09,Paid
1610,2026-01-17,15,25,21,1589.47,0.0,33378.87,2026-01-18,Partial
1611,2026-07-01,51,6,14,512.21,5.0,6812.39,2026-07-02,Partial
1612,2026-02-14,14,25,21,1589.47,2.0,32711.29,2026-02-16,Paid
1613,2025-12-29,19,26,23,965.84,7.0,20659.32,2026-01-02,Overdue
1614,2026-03-28,63,7,23,1787.03,0.0,41101.69,2026-03-29,Overdue
1615,2025-05-24,5,21,10,950.93,5.0,9033.83,2025-05-27,Paid
1616,2026-02-04,11,45,22,1546.51,0.0,34023.22,2026-02-07,Paid
1617,2026-07-02,15,15,22,148.05,2.0,3191.96,2026-07-04,Paid
1618,2025-11-25,13,28,13,864.2,0.0,11234.6,2025-11-26,Paid
1619,2025-10-25,56,21,8,950.93,5.0,7227.07,2025-10-29,Paid
1620,2025-10-11,20,11,19,1345.49,3.0,24797.38,2025-10-14,Overdue
1621,2025-08-26,35,20,26,768.72,2.0,19586.99,2025-08-30,Paid
1622,2026-04-15,25,31,22,297.43,3.0,6347.16,2026-04-16,Paid
1623,2025-10-29,15,13,19,410.08,5.0,7401.94,2025-11-02,Paid
1624,2026-01-31,36,34,27,376.49,2.0,9961.93,2026-02-03,Partial
1625,2025-12-12,34,7,27,1787.03,5.0,45837.32,2025-12-13,Paid
1626,2025-08-19,60,38,15,239.29,2.0,3517.56,2025-08-22,Paid
1627,2025-05-16,54,45,19,1546.51,2.0,28796.02,2025-05-18,Paid
1628,2026-06-25,30,8,25,642.71,2.0,15746.4,2026-06-26,Overdue
1629,2025-05-04,55,41,19,664.81,2.0,12378.76,2025-05-05,Overdue
1630,2025-10-19,18,1,25,312.72,3.0,7583.46,2025-10-20,Paid
1631,2026-03-26,45,26,17,965.84,2.0,16090.89,2026-03-29,Paid
1632,2025-10-30,45,30,26,1771.57,7.0,42836.56,2025-10-31,Paid
1633,2025-05-25,69,22,24,1032.12,3.0,24027.75,2025-05-28,Paid
1634,2025-05-26,61,24,15,1980.55,3.0,28817.0,2025-05-28,Partial
1635,2025-07-26,61,31,7,297.43,5.0,1977.91,2025-07-27,Partial
1636,2025-11-22,38,30,21,1771.57,2.0,36458.91,2025-11-25,Paid
1637,2025-10-02,13,26,25,965.84,0.0,24146.0,2025-10-04,Paid
1638,2026-05-27,69,31,7,297.43,7.0,1936.27,2026-05-30,Partial
1639,2025-10-01,63,29,22,426.56,0.0,9384.32,2025-10-05,Partial
1640,2025-05-04,3,18,14,1285.87,2.0,17642.14,2025-05-05,Paid
1641,2026-07-10,22,7,7,1787.03,0.0,12509.21,2026-07-14,Paid
1642,2026-06-28,29,4,24,1306.68,3.0,30419.51,2026-06-29,Overdue
1643,2025-06-05,36,11,13,1345.49,2.0,17141.54,2025-06-07,Paid
1644,2025-07-23,13,25,16,1589.47,0.0,25431.52,2025-07-24,Paid
1645,2025-10-16,21,26,14,965.84,3.0,13116.11,2025-10-19,Partial
1646,2026-07-08,24,10,12,1180.68,3.0,13743.12,2026-07-12,Paid
1647,2026-03-04,33,14,7,1010.26,5.0,6718.23,2026-03-07,Overdue
1648,2025-06-03,52,12,18,1973.12,5.0,33740.35,2025-06-04,Paid
1649,2025-11-05,70,39,14,1675.12,2.0,22982.65,2025-11-09,Paid
1650,2026-07-15,38,3,6,345.6,5.0,1969.92,2026-07-19,Paid
1651,2025-10-10,61,34,11,376.49,5.0,3934.32,2025-10-14,Paid
1652,2025-08-31,32,8,18,642.71,0.0,11568.78,2025-09-02,Partial
1653,2025-06-03,9,6,19,512.21,0.0,9731.99,2025-06-04,Partial
1654,2026-06-21,8,33,22,1777.66,5.0,37153.09,2026-06-24,Partial
1655,2025-07-09,64,15,11,148.05,3.0,1579.69,2025-07-11,Paid
1656,2026-02-09,51,34,19,376.49,0.0,7153.31,2026-02-13,Partial
1657,2025-05-31,57,42,7,644.47,0.0,4511.29,2025-06-02,Paid
1658,2026-04-20,24,26,27,965.84,0.0,26077.68,2026-04-22,Paid
1659,2025-11-13,35,34,11,376.49,3.0,4017.15,2025-11-14,Paid
1660,2026-04-15,42,5,18,1898.46,2.0,33488.83,2026-04-18,Paid
1661,2025-10-10,52,3,9,345.6,5.0,2954.88,2025-10-14,Partial
1662,2026-02-09,1,33,9,1777.66,2.0,15678.96,2026-02-13,Paid
1663,2025-06-21,12,43,21,520.68,0.0,10934.28,2025-06-22,Partial
1664,2026-03-06,38,22,22,1032.12,0.0,22706.64,2026-03-10,Partial
1665,2026-06-09,47,7,8,1787.03,0.0,14296.24,2026-06-12,Paid
1666,2026-03-11,14,21,6,950.93,0.0,5705.58,2026-03-13,Paid
1667,2026-04-18,7,9,26,1636.11,5.0,40411.92,2026-04-22,Paid
1668,2026-04-10,58,20,21,768.72,3.0,15658.83,2026-04-12,Paid
1669,2025-08-10,29,5,10,1898.46,5.0,18035.37,2025-08-13,Paid
1670,2026-02-17,61,45,27,1546.51,5.0,39667.98,2026-02-20,Overdue
1671,2026-05-09,10,28,20,864.2,0.0,17284.0,2026-05-12,Paid
1672,2025-11-30,58,2,10,1691.19,3.0,16404.54,2025-12-01,Paid
1673,2026-07-10,44,30,7,1771.57,3.0,12028.96,2026-07-12,Overdue
1674,2026-01-26,49,41,8,664.81,0.0,5318.48,2026-01-27,Paid
1675,2026-03-05,7,22,16,1032.12,2.0,16183.64,2026-03-08,Paid
1676,2025-08-15,3,16,10,1370.49,5.0,13019.65,2025-08-16,Paid
1677,2026-06-10,18,42,25,644.47,5.0,15306.16,2026-06-14,Paid
1678,2025-05-21,43,27,27,1743.53,2.0,46133.8,2025-05-22,Paid
1679,2026-02-23,44,20,5,768.72,5.0,3651.42,2026-02-25,Paid
1680,2025-11-17,28,6,14,512.21,0.0,7170.94,2025-11-20,Partial
1681,2026-06-16,55,45,22,1546.51,2.0,33342.76,2026-06-20,Overdue
1682,2025-05-21,10,40,27,289.63,5.0,7429.01,2025-05-25,Paid
1683,2025-05-25,5,26,12,965.84,5.0,11010.58,2025-05-26,Paid
1684,2025-11-17,10,39,7,1675.12,5.0,11139.55,2025-11-19,Paid
1685,2025-12-07,15,40,26,289.63,3.0,7304.47,2025-12-11,Overdue
1686,2025-06-15,52,20,24,768.72,0.0,18449.28,2025-06-16,Paid
1687,2025-08-27,64,25,22,1589.47,0.0,34968.34,2025-08-30,Paid
1688,2026-07-02,54,8,10,642.71,0.0,6427.1,2026-07-06,Partial
1689,2026-03-05,51,32,17,730.3,5.0,11794.34,2026-03-07,Paid
1690,2025-08-16,21,14,11,1010.26,3.0,10779.47,2025-08-17,Overdue
1691,2025-08-12,53,3,9,345.6,0.0,3110.4,2025-08-15,Paid
1692,2025-05-03,63,44,11,715.24,0.0,7867.64,2025-05-04,Paid
1693,2025-12-10,45,32,5,730.3,3.0,3541.95,2025-12-12,Paid
1694,2025-11-27,34,24,26,1980.55,2.0,50464.41,2025-11-30,Overdue
1695,2025-11-10,52,1,19,312.72,2.0,5822.85,2025-11-13,Partial
1696,2026-01-12,52,43,14,520.68,5.0,6925.04,2026-01-15,Paid
1697,2025-08-24,67,37,26,127.78,7.0,3089.72,2025-08-28,Overdue
1698,2025-06-01,15,29,8,426.56,2.0,3344.23,2025-06-02,Paid
1699,2025-12-17,19,25,24,1589.47,7.0,35476.97,2025-12-19,Paid
1700,2025-11-26,20,11,16,1345.49,0.0,21527.84,2025-11-29,Overdue
1701,2026-01-11,1,19,21,1770.9,2.0,36445.12,2026-01-15,Paid
1702,2025-09-23,52,29,5,426.56,2.0,2090.14,2025-09-27,Paid
1703,2025-12-18,8,20,5,768.72,0.0,3843.6,2025-12-22,Paid
1704,2025-05-26,53,42,12,644.47,7.0,7192.29,2025-05-29,Paid
1705,2025-06-08,60,12,25,1973.12,0.0,49328.0,2025-06-12,Partial
1706,2025-09-23,21,35,10,683.13,3.0,6626.36,2025-09-24,Overdue
1707,2026-07-18,58,5,19,1898.46,5.0,34267.2,2026-07-22,Partial
1708,2026-04-11,19,22,19,1032.12,0.0,19610.28,2026-04-15,Partial
1709,2026-07-07,6,13,18,410.08,2.0,7233.81,2026-07-08,Paid
1710,2025-05-02,56,8,12,642.71,7.0,7172.64,2025-05-06,Paid
1711,2025-07-23,66,10,19,1180.68,2.0,21984.26,2025-07-26,Paid
1712,2026-03-03,35,44,17,715.24,0.0,12159.08,2026-03-06,Paid
1713,2025-07-04,24,27,17,1743.53,3.0,28750.81,2025-07-08,Paid
1714,2026-03-15,55,7,7,1787.03,0.0,12509.21,2026-03-17,Paid
1715,2025-09-23,52,40,27,289.63,5.0,7429.01,2025-09-25,Partial
1716,2025-07-08,2,30,26,1771.57,3.0,44679.0,2025-07-12,Paid
1717,2025-07-04,13,16,20,1370.49,0.0,27409.8,2025-07-08,Paid
1718,2025-12-27,48,42,7,644.47,0.0,4511.29,2025-12-29,Paid
1719,2026-01-03,6,12,19,1973.12,0.0,37489.28,2026-01-07,Paid
1720,2026-03-10,51,25,17,1589.47,2.0,26480.57,2026-03-12,Overdue
1721,2025-09-23,13,24,15,1980.55,5.0,28222.84,2025-09-27,Partial
1722,2025-10-10,5,19,17,1770.9,7.0,27997.93,2025-10-11,Paid
1723,2025-10-01,40,42,9,644.47,5.0,5510.22,2025-10-05,Paid
1724,2026-07-05,14,20,15,768.72,2.0,11300.18,2026-07-06,Paid
1725,2026-02-05,65,15,19,148.05,2.0,2756.69,2026-02-06,Paid
1726,2025-11-07,38,38,19,239.29,5.0,4319.18,2025-11-10,Paid
1727,2026-04-05,13,31,13,297.43,0.0,3866.59,2026-04-07,Overdue
1728,2026-02-21,52,30,6,1771.57,5.0,10097.95,2026-02-23,Partial
1729,2025-11-17,10,20,23,768.72,0.0,17680.56,2025-11-21,Paid
1730,2025-07-23,23,3,6,345.6,0.0,2073.6,2025-07-27,Partial
1731,2026-06-17,17,18,16,1285.87,7.0,19133.75,2026-06-19,Paid
1732,2025-07-05,17,33,11,1777.66,2.0,19163.17,2025-07-07,Paid
1733,2026-05-27,7,20,15,768.72,0.0,11530.8,2026-05-30,Paid
1734,2026-07-14,50,6,13,512.21,3.0,6458.97,2026-07-16,Paid
1735,2025-05-31,68,12,7,1973.12,0.0,13811.84,2025-06-02,Partial
1736,2026-07-31,32,7,7,1787.03,2.0,12259.03,2026-08-04,Paid
1737,2026-06-26,29,35,17,683.13,2.0,11380.95,2026-06-28,Paid
1738,2025-09-13,14,40,19,289.63,0.0,5502.97,2025-09-16,Paid
1739,2026-05-16,58,42,27,644.47,3.0,16878.67,2026-05-18,Paid
1740,2026-03-08,25,31,21,297.43,5.0,5933.73,2026-03-12,Paid
1741,2025-12-07,66,42,8,644.47,0.0,5155.76,2025-12-11,Partial
1742,2026-04-11,62,5,6,1898.46,0.0,11390.76,2026-04-15,Paid
1743,2026-02-21,42,31,8,297.43,2.0,2331.85,2026-02-22,Paid
1744,2026-04-25,50,44,19,715.24,3.0,13181.87,2026-04-26,Partial
1745,2025-08-20,56,14,14,1010.26,2.0,13860.77,2025-08-22,Paid
1746,2025-05-08,9,45,12,1546.51,2.0,18186.96,2025-05-12,Paid
1747,2025-07-05,30,12,25,1973.12,3.0,47848.16,2025-07-07,Paid
1748,2026-01-29,7,40,22,289.63,0.0,6371.86,2026-01-31,Paid
1749,2026-01-08,24,34,12,376.49,3.0,4382.34,2026-01-12,Paid
1750,2025-10-24,18,21,19,950.93,5.0,17164.29,2025-10-25,Paid
1751,2026-03-01,37,4,22,1306.68,3.0,27884.55,2026-03-05,Paid
1752,2025-09-18,59,28,20,864.2,3.0,16765.48,2025-09-21,Partial
1753,2025-10-08,64,43,16,520.68,0.0,8330.88,2025-10-12,Paid
1754,2026-05-29,41,19,19,1770.9,3.0,32637.69,2026-05-30,Partial
1755,2026-04-02,47,40,16,289.63,2.0,4541.4,2026-04-03,Overdue
1756,2026-01-17,53,4,25,1306.68,2.0,32013.66,2026-01-21,Partial
1757,2026-03-11,66,32,22,730.3,5.0,15263.27,2026-03-13,Paid
1758,2026-07-15,46,26,12,965.84,7.0,10778.77,2026-07-16,Paid
1759,2025-07-30,45,23,26,211.88,5.0,5233.44,2025-08-01,Paid
1760,2026-02-07,5,17,12,747.54,5.0,8521.96,2026-02-10,Paid
1761,2026-07-11,26,30,11,1771.57,3.0,18902.65,2026-07-14,Overdue
1762,2025-08-11,18,32,15,730.3,0.0,10954.5,2025-08-14,Overdue
1763,2026-03-21,35,3,19,345.6,5.0,6238.08,2026-03-25,Partial
1764,2025-07-31,34,24,15,1980.55,3.0,28817.0,2025-08-02,Paid
1765,2025-10-03,25,31,10,297.43,0.0,2974.3,2025-10-05,Partial
1766,2025-10-23,67,6,18,512.21,0.0,9219.78,2025-10-26,Paid
1767,2025-07-02,50,31,11,297.43,3.0,3173.58,2025-07-04,Paid
1768,2026-06-03,21,32,6,730.3,0.0,4381.8,2026-06-07,Paid
1769,2025-07-05,29,25,26,1589.47,2.0,40499.7,2025-07-08,Paid
1770,2025-11-28,45,33,6,1777.66,7.0,9919.34,2025-12-02,Overdue
1771,2025-05-10,48,31,11,297.43,5.0,3108.14,2025-05-14,Partial
1772,2025-05-25,13,19,14,1770.9,7.0,23057.12,2025-05-27,Paid
1773,2025-11-30,21,12,10,1973.12,5.0,18744.64,2025-12-01,Paid
1774,2026-04-28,58,33,20,1777.66,3.0,34486.6,2026-05-02,Overdue
1775,2025-07-31,17,37,19,127.78,5.0,2306.43,2025-08-04,Paid
1776,2025-10-03,28,24,24,1980.55,3.0,46107.2,2025-10-06,Partial
1777,2026-01-18,17,21,24,950.93,7.0,21224.76,2026-01-21,Paid
1778,2025-06-20,27,24,27,1980.55,3.0,51870.6,2025-06-23,Paid
1779,2025-10-27,48,7,19,1787.03,2.0,33274.5,2025-10-28,Partial
1780,2025-10-16,41,8,27,642.71,5.0,16485.51,2025-10-19,Partial
1781,2026-06-08,41,19,15,1770.9,3.0,25766.59,2026-06-11,Paid
1782,2025-09-06,38,9,10,1636.11,2.0,16033.88,2025-09-07,Paid
1783,2026-05-22,21,12,7,1973.12,2.0,13535.6,2026-05-25,Paid
1784,2026-01-23,50,23,16,211.88,5.0,3220.58,2026-01-27,Overdue
1785,2026-06-27,54,22,14,1032.12,5.0,13727.2,2026-06-30,Paid
1786,2025-06-09,24,41,19,664.81,2.0,12378.76,2025-06-10,Paid
1787,2026-07-05,48,30,24,1771.57,3.0,41242.15,2026-07-06,Partial
1788,2026-03-31,29,21,19,950.93,3.0,17525.64,2026-04-04,Paid
1789,2025-07-17,49,44,20,715.24,0.0,14304.8,2025-07-21,Paid
1790,2026-07-18,29,18,20,1285.87,2.0,25203.05,2026-07-20,Overdue
1791,2025-11-22,68,10,14,1180.68,5.0,15703.04,2025-11-23,Paid
1792,2025-06-22,8,8,11,642.71,5.0,6716.32,2025-06-24,Overdue
1793,2026-06-02,28,21,6,950.93,7.0,5306.19,2026-06-03,Partial
1794,2025-05-23,50,18,20,1285.87,0.0,25717.4,2025-05-24,Partial
1795,2025-12-24,47,26,6,965.84,0.0,5795.04,2025-12-27,Overdue
1796,2026-03-31,37,35,15,683.13,3.0,9939.54,2026-04-04,Partial
1797,2026-01-10,2,41,26,664.81,7.0,16075.11,2026-01-11,Partial
1798,2025-06-28,65,10,12,1180.68,0.0,14168.16,2025-06-29,Overdue
1799,2026-02-25,48,10,8,1180.68,2.0,9256.53,2026-03-01,Paid
1800,2025-08-29,46,16,18,1370.49,7.0,22942.0,2025-08-31,Partial
1801,2025-10-05,47,7,15,1787.03,0.0,26805.45,2025-10-06,Paid
1802,2026-06-30,7,17,16,747.54,3.0,11601.82,2026-07-02,Partial
1803,2025-06-12,1,9,22,1636.11,2.0,35274.53,2025-06-15,Partial
1804,2025-07-26,33,43,6,520.68,7.0,2905.39,2025-07-30,Partial
1805,2025-09-12,69,18,21,1285.87,5.0,25653.11,2025-09-15,Partial
1806,2025-11-16,17,26,23,965.84,0.0,22214.32,2025-11-20,Overdue
1807,2025-09-23,54,13,20,410.08,2.0,8037.57,2025-09-24,Partial
1808,2025-12-27,59,12,16,1973.12,7.0,29360.03,2025-12-30,Overdue
1809,2026-01-24,28,44,24,715.24,3.0,16650.79,2026-01-28,Overdue
1810,2025-09-03,12,18,18,1285.87,2.0,22682.75,2025-09-05,Paid
1811,2026-06-04,66,20,13,768.72,3.0,9693.56,2026-06-06,Paid
1812,2026-02-27,18,38,8,239.29,0.0,1914.32,2026-03-03,Overdue
1813,2026-05-15,66,7,7,1787.03,0.0,12509.21,2026-05-18,Paid
1814,2025-06-18,46,20,27,768.72,7.0,19302.56,2025-06-22,Partial
1815,2025-12-28,17,8,23,642.71,3.0,14338.86,2025-12-29,Partial
1816,2025-06-10,55,40,5,289.63,0.0,1448.15,2025-06-13,Paid
1817,2025-11-13,43,14,14,1010.26,5.0,13436.46,2025-11-15,Partial
1818,2025-09-05,59,21,26,950.93,3.0,23982.45,2025-09-07,Paid
1819,2025-06-21,53,24,15,1980.55,3.0,28817.0,2025-06-25,Overdue
1820,2025-10-03,6,30,12,1771.57,0.0,21258.84,2025-10-05,Overdue
1821,2025-10-01,14,12,20,1973.12,5.0,37489.28,2025-10-05,Partial
1822,2026-06-06,64,6,16,512.21,0.0,8195.36,2026-06-07,Paid
1823,2026-01-13,67,24,23,1980.55,5.0,43275.02,2026-01-15,Paid
1824,2025-12-13,49,24,10,1980.55,5.0,18815.22,2025-12-17,Partial
1825,2026-06-22,11,12,22,1973.12,3.0,42106.38,2026-06-26,Paid
1826,2025-08-16,37,38,10,239.29,0.0,2392.9,2025-08-18,Partial
1827,2025-12-21,40,28,8,864.2,2.0,6775.33,2025-12-24,Overdue
1828,2025-05-01,11,10,9,1180.68,3.0,10307.34,2025-05-05,Paid
1829,2026-03-03,31,4,5,1306.68,5.0,6206.73,2026-03-04,Overdue
1830,2025-08-28,42,13,5,410.08,5.0,1947.88,2025-08-30,Overdue
1831,2026-01-17,51,35,9,683.13,0.0,6148.17,2026-01-20,Overdue
1832,2025-09-23,68,36,14,590.85,3.0,8023.74,2025-09-25,Paid
1833,2025-11-16,48,13,6,410.08,3.0,2386.67,2025-11-18,Partial
1834,2026-07-11,3,27,23,1743.53,0.0,40101.19,2026-07-15,Paid
1835,2026-01-19,10,34,26,376.49,2.0,9592.97,2026-01-22,Paid
1836,2025-09-26,18,42,14,644.47,0.0,9022.58,2025-09-29,Partial
1837,2025-07-10,11,43,6,520.68,5.0,2967.88,2025-07-13,Paid
1838,2026-06-14,28,16,27,1370.49,0.0,37003.23,2026-06-16,Paid
1839,2026-05-12,69,4,20,1306.68,2.0,25610.93,2026-05-15,Paid
1840,2025-08-09,34,21,14,950.93,0.0,13313.02,2025-08-10,Paid
1841,2026-06-03,67,43,10,520.68,0.0,5206.8,2026-06-07,Overdue
1842,2026-01-03,37,31,5,297.43,0.0,1487.15,2026-01-06,Paid
1843,2026-03-08,17,45,26,1546.51,0.0,40209.26,2026-03-11,Overdue
1844,2025-10-20,40,40,15,289.63,2.0,4257.56,2025-10-21,Partial
1845,2025-09-26,2,1,21,312.72,3.0,6370.11,2025-09-30,Paid
1846,2025-07-23,18,20,5,768.72,5.0,3651.42,2025-07-25,Overdue
1847,2025-12-16,44,34,8,376.49,0.0,3011.92,2025-12-20,Paid
1848,2025-08-11,50,44,16,715.24,2.0,11214.96,2025-08-15,Paid
1849,2026-05-21,9,32,20,730.3,5.0,13875.7,2026-05-24,Paid
1850,2025-12-28,5,12,15,1973.12,0.0,29596.8,2026-01-01,Paid
1851,2026-02-04,36,25,21,1589.47,0.0,33378.87,2026-02-05,Partial
1852,2025-06-02,66,30,20,1771.57,2.0,34722.77,2025-06-05,Paid
1853,2026-06-25,15,23,26,211.88,0.0,5508.88,2026-06-26,Paid
1854,2026-06-12,38,26,10,965.84,3.0,9368.65,2026-06-15,Paid
1855,2025-11-24,38,30,25,1771.57,7.0,41189.0,2025-11-27,Paid
1856,2025-10-26,57,19,13,1770.9,5.0,21870.61,2025-10-29,Paid
1857,2025-05-19,63,32,24,730.3,0.0,17527.2,2025-05-21,Partial
1858,2025-06-12,65,1,9,312.72,0.0,2814.48,2025-06-16,Paid
1859,2025-06-07,55,37,16,127.78,0.0,2044.48,2025-06-09,Paid
1860,2026-01-18,56,12,24,1973.12,3.0,45934.23,2026-01-20,Overdue
1861,2025-10-11,7,21,11,950.93,5.0,9937.22,2025-10-14,Overdue
1862,2025-07-29,49,23,15,211.88,3.0,3082.85,2025-07-30,Paid
1863,2026-02-25,45,10,21,1180.68,3.0,24050.45,2026-02-27,Overdue
1864,2025-08-22,12,21,18,950.93,2.0,16774.41,2025-08-25,Partial
1865,2025-09-24,44,18,15,1285.87,0.0,19288.05,2025-09-25,Paid
1866,2025-06-30,56,45,21,1546.51,7.0,30203.34,2025-07-01,Paid
1867,2025-06-03,67,1,13,312.72,3.0,3943.4,2025-06-04,Paid
1868,2025-10-12,27,41,19,664.81,5.0,11999.82,2025-10-14,Paid
1869,2026-03-06,40,8,11,642.71,0.0,7069.81,2026-03-10,Overdue
1870,2026-03-10,68,31,11,297.43,2.0,3206.3,2026-03-13,Paid
1871,2026-05-11,25,43,19,520.68,5.0,9398.27,2026-05-13,Paid
1872,2025-11-15,25,6,20,512.21,2.0,10039.32,2025-11-18,Partial
1873,2025-12-05,7,17,21,747.54,2.0,15384.37,2025-12-06,Paid
1874,2026-03-23,12,32,24,730.3,0.0,17527.2,2026-03-27,Paid
1875,2026-07-26,41,43,11,520.68,3.0,5555.66,2026-07-29,Partial
1876,2025-07-10,13,32,7,730.3,0.0,5112.1,2025-07-12,Paid
1877,2025-12-10,14,35,14,683.13,2.0,9372.54,2025-12-13,Partial
1878,2026-04-07,57,20,6,768.72,2.0,4520.07,2026-04-09,Partial
1879,2025-11-20,31,37,13,127.78,3.0,1611.31,2025-11-23,Paid
1880,2026-04-05,62,43,24,520.68,5.0,11871.5,2026-04-07,Paid
1881,2025-10-11,29,38,21,239.29,2.0,4924.59,2025-10-14,Paid
1882,2026-07-25,1,44,27,715.24,2.0,18925.25,2026-07-27,Paid
1883,2025-06-24,20,7,23,1787.03,3.0,39868.64,2025-06-28,Partial
1884,2025-09-21,61,6,11,512.21,5.0,5352.59,2025-09-25,Paid
1885,2026-03-21,35,27,16,1743.53,5.0,26501.66,2026-03-22,Partial
1886,2025-06-16,54,21,7,950.93,5.0,6323.68,2025-06-20,Paid
1887,2026-06-18,38,16,17,1370.49,5.0,22133.41,2026-06-20,Partial
1888,2026-07-13,19,25,9,1589.47,0.0,14305.23,2026-07-14,Partial
1889,2026-02-21,30,34,12,376.49,0.0,4517.88,2026-02-25,Partial
1890,2025-08-16,35,42,17,644.47,7.0,10189.07,2025-08-17,Paid
1891,2026-01-13,62,36,15,590.85,0.0,8862.75,2026-01-16,Paid
1892,2026-07-22,63,33,13,1777.66,3.0,22416.29,2026-07-23,Paid
1893,2025-07-29,45,38,23,239.29,0.0,5503.67,2025-07-30,Overdue
1894,2025-07-29,46,18,16,1285.87,3.0,19956.7,2025-08-02,Paid
1895,2025-10-29,66,21,11,950.93,5.0,9937.22,2025-11-02,Overdue
1896,2025-12-21,31,30,8,1771.57,2.0,13889.11,2025-12-22,Paid
1897,2026-04-01,67,38,11,239.29,0.0,2632.19,2026-04-02,Paid
1898,2025-05-27,70,44,16,715.24,2.0,11214.96,2025-05-31,Paid
1899,2026-03-24,63,35,11,683.13,5.0,7138.71,2026-03-25,Overdue
1900,2026-07-15,22,31,14,297.43,2.0,4080.74,2026-07-17,Paid
1901,2025-05-02,50,44,19,715.24,2.0,13317.77,2025-05-05,Overdue
1902,2025-08-15,37,42,5,644.47,0.0,3222.35,2025-08-17,Paid
1903,2026-04-12,19,33,9,1777.66,3.0,15518.97,2026-04-16,Overdue
1904,2025-10-31,18,1,5,312.72,2.0,1532.33,2025-11-01,Paid
1905,2025-05-07,7,2,21,1691.19,3.0,34449.54,2025-05-09,Overdue
1906,2026-04-13,68,23,7,211.88,5.0,1409.0,2026-04-15,Overdue
1907,2026-01-07,37,40,26,289.63,2.0,7379.77,2026-01-08,Paid
1908,2025-07-31,13,38,15,239.29,3.0,3481.67,2025-08-04,Paid
1909,2026-07-22,63,35,17,683.13,3.0,11264.81,2026-07-24,Paid
1910,2026-02-27,45,27,18,1743.53,2.0,30755.87,2026-03-03,Partial
1911,2025-07-09,59,8,7,642.71,2.0,4408.99,2025-07-10,Paid
1912,2025-09-15,10,19,26,1770.9,3.0,44662.1,2025-09-16,Paid
1913,2026-04-26,58,16,6,1370.49,2.0,8058.48,2026-04-28,Partial
1914,2025-08-20,60,24,10,1980.55,2.0,19409.39,2025-08-23,Paid
1915,2026-06-15,13,10,17,1180.68,0.0,20071.56,2026-06-17,Paid
1916,2025-10-26,17,45,14,1546.51,5.0,20568.58,2025-10-30,Paid
1917,2025-08-07,11,30,24,1771.57,7.0,39541.44,2025-08-09,Overdue
1918,2025-11-24,57,1,21,312.72,5.0,6238.76,2025-11-27,Overdue
1919,2025-06-29,12,10,24,1180.68,5.0,26919.5,2025-06-30,Paid
1920,2025-10-10,29,16,17,1370.49,5.0,22133.41,2025-10-14,Paid
1921,2026-02-20,59,30,13,1771.57,5.0,21878.89,2026-02-21,Partial
1922,2025-06-08,13,39,18,1675.12,3.0,29247.6,2025-06-09,Paid
1923,2026-02-14,63,17,26,747.54,5.0,18464.24,2026-02-17,Paid
1924,2025-07-19,13,19,9,1770.9,0.0,15938.1,2025-07-23,Paid
1925,2026-02-20,44,33,18,1777.66,3.0,31037.94,2026-02-22,Partial
1926,2025-12-13,65,15,17,148.05,2.0,2466.51,2025-12-16,Paid
1927,2025-07-22,6,18,22,1285.87,5.0,26874.68,2025-07-25,Paid
1928,2026-03-10,45,25,24,1589.47,2.0,37384.33,2026-03-12,Overdue
1929,2025-07-14,1,5,18,1898.46,7.0,31780.22,2025-07-18,Paid
1930,2026-05-21,56,44,18,715.24,0.0,12874.32,2026-05-25,Partial
1931,2026-04-21,61,18,22,1285.87,5.0,26874.68,2026-04-23,Paid
1932,2025-07-12,14,26,9,965.84,3.0,8431.78,2025-07-13,Paid
1933,2026-02-24,26,3,15,345.6,0.0,5184.0,2026-02-26,Paid
1934,2025-08-06,32,36,9,590.85,3.0,5158.12,2025-08-08,Paid
1935,2025-10-27,29,27,14,1743.53,0.0,24409.42,2025-10-28,Paid
1936,2026-05-08,32,8,6,642.71,0.0,3856.26,2026-05-12,Paid
1937,2026-04-23,18,17,21,747.54,2.0,15384.37,2026-04-27,Partial
1938,2026-05-02,8,21,27,950.93,7.0,23877.85,2026-05-04,Partial
1939,2026-07-17,44,20,10,768.72,0.0,7687.2,2026-07-20,Partial
1940,2025-09-22,47,40,26,289.63,3.0,7304.47,2025-09-25,Paid
1941,2026-03-30,13,45,17,1546.51,2.0,25764.86,2026-04-01,Paid
1942,2025-11-15,63,31,18,297.43,5.0,5086.05,2025-11-16,Partial
1943,2026-05-06,3,29,13,426.56,3.0,5378.92,2026-05-10,Paid
1944,2026-04-02,10,4,9,1306.68,2.0,11524.92,2026-04-05,Paid
1945,2026-07-26,43,11,13,1345.49,0.0,17491.37,2026-07-29,Paid
1946,2025-09-11,69,28,20,864.2,3.0,16765.48,2025-09-13,Paid
1947,2026-07-03,37,16,24,1370.49,0.0,32891.76,2026-07-05,Paid
1948,2026-02-24,39,21,20,950.93,5.0,18067.67,2026-02-28,Paid
1949,2025-09-17,60,14,26,1010.26,5.0,24953.42,2025-09-21,Paid
1950,2026-05-11,22,14,21,1010.26,2.0,20791.15,2026-05-14,Paid
1951,2026-06-18,20,19,7,1770.9,0.0,12396.3,2026-06-21,Paid
1952,2026-01-18,52,27,6,1743.53,3.0,10147.34,2026-01-21,Overdue
1953,2026-02-27,59,4,23,1306.68,3.0,29152.03,2026-03-01,Paid
1954,2025-05-05,54,23,18,211.88,2.0,3737.56,2025-05-09,Overdue
1955,2025-12-23,22,6,14,512.21,3.0,6955.81,2025-12-24,Paid
1956,2025-05-19,30,35,27,683.13,0.0,18444.51,2025-05-23,Paid
1957,2026-06-21,39,9,24,1636.11,2.0,38481.31,2026-06-25,Paid
1958,2025-09-30,25,13,8,410.08,2.0,3215.03,2025-10-02,Paid
1959,2025-07-15,32,43,13,520.68,3.0,6565.77,2025-07-16,Paid
1960,2026-06-04,30,15,6,148.05,0.0,888.3,2026-06-08,Paid
1961,2025-06-12,1,30,6,1771.57,0.0,10629.42,2025-06-14,Paid
1962,2026-06-11,29,18,19,1285.87,0.0,24431.53,2026-06-15,Partial
1963,2026-05-26,37,25,18,1589.47,3.0,27752.15,2026-05-28,Paid
1964,2025-09-30,29,41,18,664.81,2.0,11727.25,2025-10-02,Paid
1965,2025-07-22,53,17,8,747.54,2.0,5860.71,2025-07-26,Paid
1966,2026-05-09,16,40,5,289.63,0.0,1448.15,2026-05-12,Paid
1967,2025-08-02,36,7,27,1787.03,3.0,46802.32,2025-08-06,Paid
1968,2026-04-16,53,38,16,239.29,2.0,3752.07,2026-04-20,Paid
1969,2025-10-16,40,8,10,642.71,2.0,6298.56,2025-10-18,Paid
1970,2025-12-17,65,23,12,211.88,0.0,2542.56,2025-12-19,Paid
1971,2026-06-26,13,7,27,1787.03,2.0,47284.81,2026-06-30,Paid
1972,2025-11-19,32,35,11,683.13,3.0,7289.0,2025-11-23,Paid
1973,2025-05-01,46,35,10,683.13,0.0,6831.3,2025-05-03,Paid
1974,2026-02-02,28,34,17,376.49,5.0,6080.31,2026-02-04,Paid
1975,2026-07-23,57,10,5,1180.68,3.0,5726.3,2026-07-26,Overdue
1976,2025-05-27,24,38,21,239.29,0.0,5025.09,2025-05-30,Partial
1977,2026-01-17,18,25,5,1589.47,2.0,7788.4,2026-01-18,Partial
1978,2026-07-19,69,31,8,297.43,3.0,2308.06,2026-07-20,Overdue
1979,2025-10-08,24,40,23,289.63,2.0,6528.26,2025-10-10,Paid
1980,2025-07-25,3,32,11,730.3,2.0,7872.63,2025-07-28,Partial
1981,2026-03-03,21,41,8,664.81,0.0,5318.48,2026-03-06,Paid
1982,2025-05-02,64,20,5,768.72,0.0,3843.6,2025-05-03,Paid
1983,2025-10-20,32,32,13,730.3,0.0,9493.9,2025-10-24,Overdue
1984,2025-09-15,55,24,8,1980.55,0.0,15844.4,2025-09-16,Overdue
1985,2025-09-03,25,40,24,289.63,0.0,6951.12,2025-09-07,Paid
1986,2026-06-06,67,26,22,965.84,0.0,21248.48,2026-06-08,Paid
1987,2025-07-27,61,23,16,211.88,3.0,3288.38,2025-07-30,Partial
1988,2025-06-04,45,26,17,965.84,0.0,16419.28,2025-06-08,Paid
1989,2025-09-16,6,35,6,683.13,2.0,4016.8,2025-09-18,Paid
1990,2025-06-23,60,31,14,297.43,0.0,4164.02,2025-06-24,Paid
1991,2025-06-27,68,28,21,864.2,3.0,17603.75,2025-06-28,Overdue
1992,2025-10-30,32,23,18,211.88,5.0,3623.15,2025-11-02,Paid
1993,2026-02-01,54,19,15,1770.9,0.0,26563.5,2026-02-04,Partial
1994,2025-07-30,48,31,21,297.43,3.0,6058.65,2025-07-31,Partial
1995,2026-03-31,41,30,23,1771.57,2.0,39931.19,2026-04-03,Partial
1996,2025-08-26,53,31,12,297.43,3.0,3462.09,2025-08-28,Paid
1997,2026-06-07,45,3,8,345.6,5.0,2626.56,2026-06-08,Paid
1998,2026-03-20,36,34,11,376.49,5.0,3934.32,2026-03-24,Paid
1999,2025-12-10,36,6,17,512.21,0.0,8707.57,2025-12-11,Paid
2000,2025-07-19,66,20,22,768.72,0.0,16911.84,2025-07-21,Paid
2001,2026-02-02,11,38,7,239.29,5.0,1591.28,2026-02-04,Overdue
2002,2025-10-29,64,24,11,1980.55,2.0,21350.33,2025-10-30,Paid
2003,2025-07-28,67,4,15,1306.68,2.0,19208.2,2025-07-29,Overdue
2004,2026-03-16,14,10,14,1180.68,0.0,16529.52,2026-03-20,Paid
2005,2025-07-01,44,19,13,1770.9,7.0,21410.18,2025-07-05,Paid
2006,2025-05-29,16,25,27,1589.47,0.0,42915.69,2025-06-02,Paid
2007,2025-08-30,8,44,17,715.24,3.0,11794.31,2025-08-31,Paid
2008,2026-01-17,51,22,19,1032.12,3.0,19021.97,2026-01-21,Paid
2009,2025-05-16,52,15,25,148.05,0.0,3701.25,2025-05-18,Partial
2010,2026-03-11,15,43,7,520.68,0.0,3644.76,2026-03-15,Paid
2011,2026-04-01,10,29,16,426.56,0.0,6824.96,2026-04-05,Paid
2012,2026-04-23,19,1,7,312.72,7.0,2035.81,2026-04-27,Overdue
2013,2026-01-28,70,19,8,1770.9,2.0,13883.86,2026-01-31,Overdue
2014,2026-02-13,11,25,5,1589.47,2.0,7788.4,2026-02-14,Paid
2015,2026-02-02,21,18,5,1285.87,3.0,6236.47,2026-02-06,Paid
2016,2025-10-21,52,44,19,715.24,2.0,13317.77,2025-10-22,Overdue
2017,2026-07-23,41,40,24,289.63,0.0,6951.12,2026-07-25,Paid
2018,2025-11-24,2,45,20,1546.51,0.0,30930.2,2025-11-25,Paid
2019,2026-07-09,68,2,18,1691.19,5.0,28919.35,2026-07-10,Paid
2020,2025-12-09,36,40,21,289.63,3.0,5899.76,2025-12-13,Paid
2021,2025-05-25,63,43,5,520.68,5.0,2473.23,2025-05-27,Paid
2022,2026-06-04,67,13,19,410.08,2.0,7635.69,2026-06-06,Paid
2023,2026-07-17,68,7,25,1787.03,5.0,42441.96,2026-07-19,Paid
2024,2025-07-05,19,21,14,950.93,2.0,13046.76,2025-07-09,Paid
2025,2025-06-07,70,27,27,1743.53,3.0,45663.05,2025-06-11,Paid
2026,2026-03-09,36,26,5,965.84,5.0,4587.74,2026-03-12,Paid
2027,2025-12-24,69,36,12,590.85,0.0,7090.2,2025-12-26,Paid
2028,2025-11-01,16,18,23,1285.87,3.0,28687.76,2025-11-02,Partial
2029,2025-11-19,9,41,21,664.81,0.0,13961.01,2025-11-23,Paid
2030,2025-06-02,21,24,25,1980.55,0.0,49513.75,2025-06-03,Paid
2031,2025-07-13,62,37,17,127.78,2.0,2128.81,2025-07-14,Paid
2032,2026-03-26,46,30,5,1771.57,2.0,8680.69,2026-03-28,Overdue
2033,2026-01-01,27,34,5,376.49,0.0,1882.45,2026-01-05,Paid
2034,2025-06-24,3,2,10,1691.19,2.0,16573.66,2025-06-26,Paid
2035,2025-05-30,50,32,24,730.3,3.0,17001.38,2025-06-03,Paid
2036,2026-06-02,48,28,7,864.2,5.0,5746.93,2026-06-03,Paid
2037,2025-09-21,16,25,23,1589.47,3.0,35461.08,2025-09-23,Paid
2038,2025-07-23,38,38,13,239.29,2.0,3048.55,2025-07-26,Overdue
2039,2025-09-22,40,26,5,965.84,0.0,4829.2,2025-09-26,Paid
2040,2025-05-04,42,32,12,730.3,5.0,8325.42,2025-05-05,Paid
2041,2025-09-21,13,44,22,715.24,3.0,15263.22,2025-09-23,Overdue
2042,2026-04-16,44,24,21,1980.55,0.0,41591.55,2026-04-17,Partial
2043,2026-07-08,57,28,26,864.2,3.0,21795.12,2026-07-11,Partial
2044,2026-05-28,13,17,24,747.54,2.0,17582.14,2026-05-31,Paid
2045,2026-03-05,45,20,21,768.72,0.0,16143.12,2026-03-07,Paid
2046,2026-05-04,10,38,22,239.29,0.0,5264.38,2026-05-05,Paid
2047,2025-07-27,56,36,19,590.85,3.0,10889.37,2025-07-31,Paid
2048,2026-02-16,47,14,15,1010.26,0.0,15153.9,2026-02-18,Overdue
2049,2025-12-14,17,11,22,1345.49,3.0,28712.76,2025-12-16,Paid
2050,2025-11-17,48,21,15,950.93,0.0,14263.95,2025-11-21,Overdue
2051,2026-07-28,7,45,14,1546.51,2.0,21218.12,2026-08-01,Paid
2052,2026-05-20,35,31,13,297.43,3.0,3750.59,2026-05-23,Partial
2053,2026-06-21,19,20,16,768.72,2.0,12053.53,2026-06-24,Paid
2054,2025-11-04,5,10,25,1180.68,0.0,29517.0,2025-11-07,Overdue
2055,2025-10-13,61,40,19,289.63,5.0,5227.82,2025-10-15,Paid
2056,2025-07-22,8,30,18,1771.57,2.0,31250.49,2025-07-24,Paid
2057,2025-12-01,54,13,25,410.08,2.0,10046.96,2025-12-04,Paid
2058,2025-12-13,2,18,19,1285.87,3.0,23698.58,2025-12-16,Paid
2059,2025-09-07,1,34,6,376.49,2.0,2213.76,2025-09-08,Partial
2060,2026-07-30,56,36,17,590.85,3.0,9743.12,2026-08-02,Paid
2061,2025-07-09,41,45,16,1546.51,2.0,24249.28,2025-07-13,Partial
2062,2025-12-13,50,21,24,950.93,3.0,22137.65,2025-12-17,Paid
2063,2026-02-25,56,20,26,768.72,7.0,18587.65,2026-03-01,Partial
2064,2025-05-01,42,34,20,376.49,3.0,7303.91,2025-05-04,Paid
2065,2025-12-03,39,37,23,127.78,0.0,2938.94,2025-12-04,Paid
2066,2026-02-19,8,11,22,1345.49,0.0,29600.78,2026-02-23,Paid
2067,2026-04-15,1,22,5,1032.12,0.0,5160.6,2026-04-16,Paid
2068,2025-07-19,30,2,14,1691.19,2.0,23203.13,2025-07-20,Overdue
2069,2026-07-20,54,37,13,127.78,2.0,1627.92,2026-07-22,Overdue
2070,2026-01-21,66,15,20,148.05,0.0,2961.0,2026-01-23,Paid
2071,2025-06-08,32,36,7,590.85,0.0,4135.95,2025-06-10,Paid
2072,2026-02-14,67,24,10,1980.55,0.0,19805.5,2026-02-18,Paid
2073,2025-06-23,27,28,13,864.2,2.0,11009.91,2025-06-26,Partial
2074,2025-05-19,6,5,15,1898.46,2.0,27907.36,2025-05-22,Paid
2075,2026-02-26,28,27,12,1743.53,0.0,20922.36,2026-02-28,Partial
2076,2025-08-02,10,4,18,1306.68,5.0,22344.23,2025-08-06,Paid
2077,2025-12-25,3,3,8,345.6,5.0,2626.56,2025-12-27,Partial
2078,2025-06-19,45,34,6,376.49,2.0,2213.76,2025-06-21,Paid
2079,2026-01-25,15,28,25,864.2,5.0,20524.75,2026-01-29,Paid
2080,2025-09-21,57,38,12,239.29,2.0,2814.05,2025-09-25,Overdue
2081,2025-09-03,51,1,26,312.72,2.0,7968.11,2025-09-05,Overdue
2082,2025-05-11,14,30,9,1771.57,3.0,15465.81,2025-05-13,Paid
2083,2025-05-24,30,16,7,1370.49,5.0,9113.76,2025-05-26,Paid
2084,2025-12-26,50,29,11,426.56,2.0,4598.32,2025-12-29,Paid
2085,2025-07-20,26,40,6,289.63,2.0,1703.02,2025-07-21,Paid
2086,2026-05-27,3,17,23,747.54,0.0,17193.42,2026-05-29,Paid
2087,2026-01-17,22,21,6,950.93,0.0,5705.58,2026-01-18,Partial
2088,2026-02-25,18,28,8,864.2,5.0,6567.92,2026-02-28,Partial
2089,2026-06-22,25,30,26,1771.57,0.0,46060.82,2026-06-26,Partial
2090,2026-07-28,39,4,17,1306.68,5.0,21102.88,2026-08-01,Paid
2091,2025-07-06,37,26,21,965.84,2.0,19876.99,2025-07-07,Overdue
2092,2026-02-24,63,17,27,747.54,0.0,20183.58,2026-02-26,Paid
2093,2026-05-15,49,20,18,768.72,2.0,13560.22,2026-05-19,Paid
2094,2025-11-27,68,6,13,512.21,2.0,6525.56,2025-11-28,Paid
2095,2026-02-22,51,20,12,768.72,0.0,9224.64,2026-02-26,Paid
2096,2026-01-16,39,40,10,289.63,5.0,2751.49,2026-01-18,Overdue
2097,2025-06-23,27,21,12,950.93,2.0,11182.94,2025-06-24,Partial
2098,2026-06-05,19,18,5,1285.87,0.0,6429.35,2026-06-07,Partial
2099,2025-12-24,63,8,9,642.71,0.0,5784.39,2025-12-27,Paid
2100,2025-09-02,5,34,6,376.49,3.0,2191.17,2025-09-03,Overdue
2101,2026-04-27,28,11,8,1345.49,3.0,10441.0,2026-05-01,Paid
2102,2026-02-13,65,44,27,715.24,5.0,18345.91,2026-02-17,Partial
2103,2025-10-20,6,20,8,768.72,5.0,5842.27,2025-10-22,Overdue
2104,2025-05-29,63,40,14,289.63,0.0,4054.82,2025-06-01,Overdue
2105,2025-05-04,12,40,7,289.63,0.0,2027.41,2025-05-05,Paid
2106,2025-08-13,57,32,20,730.3,3.0,14167.82,2025-08-15,Paid
2107,2025-08-22,32,25,22,1589.47,0.0,34968.34,2025-08-23,Overdue
2108,2026-03-05,12,13,7,410.08,5.0,2727.03,2026-03-09,Partial
2109,2026-05-21,47,26,25,965.84,2.0,23663.08,2026-05-24,Partial
2110,2026-06-08,16,18,10,1285.87,2.0,12601.53,2026-06-09,Partial
2111,2025-06-01,6,39,21,1675.12,5.0,33418.64,2025-06-04,Overdue
2112,2025-05-07,63,15,10,148.05,2.0,1450.89,2025-05-10,Paid
2113,2026-06-30,42,1,7,312.72,3.0,2123.37,2026-07-03,Overdue
2114,2025-05-31,4,33,9,1777.66,7.0,14879.01,2025-06-03,Paid
2115,2025-11-18,22,18,5,1285.87,3.0,6236.47,2025-11-22,Partial
2116,2025-08-13,61,36,17,590.85,0.0,10044.45,2025-08-15,Partial
2117,2025-10-25,67,32,10,730.3,0.0,7303.0,2025-10-27,Paid
2118,2025-08-20,39,19,20,1770.9,2.0,34709.64,2025-08-22,Paid
2119,2026-03-03,34,41,8,664.81,5.0,5052.56,2026-03-06,Paid
2120,2025-05-11,59,26,8,965.84,7.0,7185.85,2025-05-12,Partial
2121,2025-12-29,1,2,14,1691.19,2.0,23203.13,2025-12-31,Partial
2122,2026-07-08,42,3,6,345.6,0.0,2073.6,2026-07-12,Paid
2123,2025-11-23,28,26,22,965.84,3.0,20611.03,2025-11-27,Overdue
2124,2026-05-11,59,4,15,1306.68,5.0,18620.19,2026-05-13,Paid
2125,2025-06-02,5,45,9,1546.51,0.0,13918.59,2025-06-03,Paid
2126,2026-05-15,32,13,26,410.08,2.0,10448.84,2026-05-18,Overdue
2127,2026-05-22,20,39,16,1675.12,3.0,25997.86,2026-05-23,Paid
2128,2025-05-30,29,22,14,1032.12,0.0,14449.68,2025-06-01,Paid
2129,2026-02-16,35,30,8,1771.57,5.0,13463.93,2026-02-19,Overdue
2130,2025-11-04,64,37,10,127.78,5.0,1213.91,2025-11-08,Paid
2131,2026-01-12,54,41,6,664.81,0.0,3988.86,2026-01-13,Partial
2132,2026-05-29,43,14,14,1010.26,7.0,13153.59,2026-05-31,Paid
2133,2025-08-04,21,21,19,950.93,2.0,17706.32,2025-08-05,Paid
2134,2025-08-13,34,8,26,642.71,3.0,16209.15,2025-08-16,Paid
2135,2025-06-20,27,3,17,345.6,0.0,5875.2,2025-06-24,Paid
2136,2025-09-20,44,1,15,312.72,5.0,4456.26,2025-09-22,Paid
2137,2026-02-01,21,13,10,410.08,7.0,3813.74,2026-02-04,Overdue
2138,2025-05-17,58,8,26,642.71,2.0,16376.25,2025-05-19,Paid
2139,2025-06-06,52,13,6,410.08,5.0,2337.46,2025-06-07,Partial
2140,2026-04-12,14,29,8,426.56,5.0,3241.86,2026-04-13,Partial
2141,2025-09-02,59,40,6,289.63,0.0,1737.78,2025-09-03,Overdue
2142,2025-06-04,51,32,13,730.3,3.0,9209.08,2025-06-08,Paid
2143,2026-03-15,8,28,20,864.2,3.0,16765.48,2026-03-17,Overdue
2144,2026-04-07,24,16,18,1370.49,0.0,24668.82,2026-04-09,Overdue
2145,2025-09-27,2,2,21,1691.19,2.0,34804.69,2025-09-29,Partial
2146,2025-10-01,36,40,23,289.63,2.0,6528.26,2025-10-02,Paid
2147,2026-07-10,22,8,23,642.71,3.0,14338.86,2026-07-12,Paid
2148,2025-11-25,42,11,21,1345.49,3.0,27407.63,2025-11-29,Paid
2149,2026-07-31,51,29,24,426.56,3.0,9930.32,2026-08-02,Paid
2150,2025-11-08,30,27,12,1743.53,5.0,19876.24,2025-11-09,Partial
2151,2026-03-15,13,36,6,590.85,0.0,3545.1,2026-03-19,Paid
2152,2025-07-08,44,27,12,1743.53,3.0,20294.69,2025-07-09,Overdue
2153,2026-03-10,34,34,16,376.49,0.0,6023.84,2026-03-11,Paid
2154,2025-12-12,9,15,22,148.05,2.0,3191.96,2025-12-16,Paid
2155,2026-06-11,35,14,20,1010.26,3.0,19599.04,2026-06-14,Paid
2156,2025-07-03,28,2,21,1691.19,2.0,34804.69,2025-07-06,Partial
2157,2026-05-06,50,43,5,520.68,0.0,2603.4,2026-05-08,Paid
2158,2026-03-22,23,9,8,1636.11,5.0,12434.44,2026-03-23,Partial
2159,2026-07-21,41,44,20,715.24,5.0,13589.56,2026-07-24,Partial
2160,2025-12-02,64,34,22,376.49,2.0,8117.12,2025-12-06,Paid
2161,2025-09-07,65,30,7,1771.57,7.0,11532.92,2025-09-09,Paid
2162,2026-01-10,50,38,11,239.29,5.0,2500.58,2026-01-13,Paid
2163,2025-10-18,46,18,5,1285.87,5.0,6107.88,2025-10-22,Paid
2164,2025-05-26,51,43,9,520.68,0.0,4686.12,2025-05-27,Paid
2165,2026-06-01,66,20,16,768.72,2.0,12053.53,2026-06-05,Paid
2166,2025-05-12,68,12,15,1973.12,2.0,29004.86,2025-05-14,Paid
2167,2026-01-17,53,8,25,642.71,0.0,16067.75,2026-01-21,Overdue
2168,2025-11-02,55,18,18,1285.87,5.0,21988.38,2025-11-05,Paid
2169,2025-12-18,31,17,26,747.54,2.0,19047.32,2025-12-19,Overdue
2170,2026-07-08,58,36,5,590.85,2.0,2895.16,2026-07-12,Partial
2171,2025-05-31,15,43,21,520.68,2.0,10715.59,2025-06-01,Paid
2172,2026-04-18,67,27,15,1743.53,5.0,24845.3,2026-04-21,Paid
2173,2025-10-20,9,12,17,1973.12,3.0,32536.75,2025-10-23,Partial
2174,2026-05-07,37,4,14,1306.68,0.0,18293.52,2026-05-10,Partial
2175,2025-09-17,52,16,15,1370.49,5.0,19529.48,2025-09-21,Paid
2176,2026-02-23,15,45,6,1546.51,3.0,9000.69,2026-02-26,Paid
2177,2026-04-25,3,8,16,642.71,0.0,10283.36,2026-04-29,Paid
2178,2026-05-18,48,34,11,376.49,3.0,4017.15,2026-05-20,Paid
2179,2026-03-07,68,4,26,1306.68,5.0,32275.0,2026-03-09,Paid
2180,2026-05-30,38,14,24,1010.26,2.0,23761.32,2026-06-01,Paid
2181,2026-05-07,12,14,25,1010.26,3.0,24498.81,2026-05-08,Overdue
2182,2026-06-30,17,20,7,768.72,3.0,5219.61,2026-07-03,Paid
2183,2025-08-25,20,20,17,768.72,5.0,12414.83,2025-08-27,Paid
2184,2025-10-14,18,25,26,1589.47,2.0,40499.7,2025-10-17,Paid
2185,2025-11-14,47,42,26,644.47,2.0,16421.1,2025-11-15,Paid
2186,2026-05-23,43,25,16,1589.47,7.0,23651.31,2026-05-25,Paid
2187,2026-06-19,58,5,13,1898.46,2.0,24186.38,2026-06-22,Paid
2188,2026-02-24,30,44,22,715.24,3.0,15263.22,2026-02-26,Partial
2189,2026-05-15,54,30,14,1771.57,0.0,24801.98,2026-05-17,Paid
2190,2025-12-05,57,7,9,1787.03,5.0,15279.11,2025-12-08,Partial
2191,2026-04-19,22,1,15,312.72,0.0,4690.8,2026-04-21,Paid
2192,2025-12-28,46,24,12,1980.55,0.0,23766.6,2025-12-30,Paid
2193,2025-10-17,46,34,11,376.49,0.0,4141.39,2025-10-18,Paid
2194,2026-07-04,57,23,26,211.88,5.0,5233.44,2026-07-06,Paid
2195,2025-12-12,65,39,8,1675.12,2.0,13132.94,2025-12-16,Overdue
2196,2025-07-24,36,30,20,1771.57,3.0,34368.46,2025-07-27,Paid
2197,2025-08-30,57,3,27,345.6,3.0,9051.26,2025-09-01,Partial
2198,2025-05-17,25,10,15,1180.68,2.0,17356.0,2025-05-18,Overdue
2199,2026-02-24,57,3,10,345.6,2.0,3386.88,2026-02-28,Paid
2200,2025-10-27,11,12,25,1973.12,5.0,46861.6,2025-10-30,Paid
2201,2026-02-21,54,23,21,211.88,5.0,4227.01,2026-02-22,Paid
2202,2026-01-21,30,5,24,1898.46,2.0,44651.78,2026-01-22,Partial
2203,2025-12-20,22,28,26,864.2,7.0,20896.36,2025-12-21,Paid
2204,2025-11-05,55,1,17,312.72,2.0,5209.92,2025-11-07,Paid
2205,2026-07-15,10,1,13,312.72,2.0,3984.05,2026-07-17,Paid
2206,2025-12-24,51,34,6,376.49,3.0,2191.17,2025-12-28,Overdue
2207,2025-07-21,17,45,19,1546.51,2.0,28796.02,2025-07-23,Partial
2208,2026-03-20,33,29,24,426.56,3.0,9930.32,2026-03-23,Paid
2209,2025-11-08,46,30,22,1771.57,2.0,38195.05,2025-11-11,Partial
2210,2026-03-18,24,40,5,289.63,0.0,1448.15,2026-03-19,Paid
2211,2026-03-17,5,34,5,376.49,3.0,1825.98,2026-03-19,Paid
2212,2025-05-15,29,15,16,148.05,3.0,2297.74,2025-05-17,Paid
2213,2026-03-22,68,19,20,1770.9,5.0,33647.1,2026-03-25,Paid
2214,2025-12-09,60,9,26,1636.11,0.0,42538.86,2025-12-13,Paid
2215,2026-01-07,9,32,16,730.3,0.0,11684.8,2026-01-08,Paid
2216,2026-01-08,52,25,19,1589.47,5.0,28689.93,2026-01-11,Paid
2217,2025-06-16,68,4,15,1306.68,2.0,19208.2,2025-06-17,Paid
2218,2025-12-16,45,12,23,1973.12,0.0,45381.76,2025-12-17,Paid
2219,2025-09-21,34,7,23,1787.03,2.0,40279.66,2025-09-25,Paid
2220,2026-01-28,69,16,13,1370.49,0.0,17816.37,2026-01-30,Paid
2221,2025-05-19,50,39,8,1675.12,3.0,12998.93,2025-05-22,Paid
2222,2025-10-27,56,44,15,715.24,2.0,10514.03,2025-10-31,Partial
2223,2025-07-09,46,17,13,747.54,2.0,9523.66,2025-07-13,Overdue
2224,2025-06-17,52,44,14,715.24,0.0,10013.36,2025-06-19,Paid
2225,2025-05-28,55,14,26,1010.26,2.0,25741.42,2025-05-30,Partial
2226,2026-07-18,45,20,5,768.72,0.0,3843.6,2026-07-21,Paid
2227,2025-07-09,58,35,16,683.13,3.0,10602.18,2025-07-11,Paid
2228,2026-07-12,49,5,16,1898.46,0.0,30375.36,2026-07-16,Paid
2229,2026-05-27,48,6,14,512.21,0.0,7170.94,2026-05-31,Paid
2230,2025-06-10,4,6,27,512.21,0.0,13829.67,2025-06-12,Paid
2231,2025-07-08,48,4,19,1306.68,3.0,24082.11,2025-07-12,Partial
2232,2026-04-02,30,41,21,664.81,2.0,13681.79,2026-04-04,Partial
2233,2026-05-14,17,16,10,1370.49,2.0,13430.8,2026-05-16,Paid
2234,2025-06-25,49,37,27,127.78,0.0,3450.06,2025-06-28,Partial
2235,2026-07-09,66,28,19,864.2,0.0,16419.8,2026-07-12,Paid
2236,2026-04-05,43,26,21,965.84,2.0,19876.99,2026-04-08,Paid
2237,2026-03-23,26,11,9,1345.49,5.0,11503.94,2026-03-27,Overdue
2238,2026-04-19,8,17,10,747.54,5.0,7101.63,2026-04-22,Paid
2239,2026-01-29,45,45,21,1546.51,7.0,30203.34,2026-02-02,Paid
2240,2026-03-28,61,2,15,1691.19,0.0,25367.85,2026-03-31,Overdue
2241,2025-07-26,42,34,20,376.49,5.0,7153.31,2025-07-29,Paid
2242,2025-06-28,3,3,7,345.6,2.0,2370.82,2025-07-02,Paid
2243,2026-06-22,2,24,11,1980.55,7.0,20261.03,2026-06-26,Paid
2244,2026-05-06,65,28,19,864.2,7.0,15270.41,2026-05-09,Paid
2245,2026-05-31,50,45,21,1546.51,5.0,30852.87,2026-06-02,Paid
2246,2025-09-10,59,28,19,864.2,3.0,15927.21,2025-09-14,Partial
2247,2025-06-01,44,27,23,1743.53,0.0,40101.19,2025-06-02,Partial
2248,2026-03-03,14,15,20,148.05,5.0,2812.95,2026-03-05,Paid
2249,2025-10-03,53,15,10,148.05,0.0,1480.5,2025-10-06,Overdue
2250,2025-12-27,21,17,16,747.54,3.0,11601.82,2025-12-29,Overdue
2251,2026-03-07,15,25,10,1589.47,5.0,15099.97,2026-03-11,Paid
2252,2026-02-14,53,42,24,644.47,5.0,14693.92,2026-02-15,Paid
2253,2026-06-27,4,14,14,1010.26,3.0,13719.33,2026-07-01,Paid
2254,2026-01-28,27,35,24,683.13,2.0,16067.22,2026-01-29,Paid
2255,2025-11-13,5,9,12,1636.11,2.0,19240.65,2025-11-17,Paid
2256,2025-06-18,47,38,22,239.29,2.0,5159.09,2025-06-20,Partial
2257,2025-11-03,22,35,26,683.13,0.0,17761.38,2025-11-04,Paid
2258,2025-10-16,46,13,22,410.08,3.0,8751.11,2025-10-20,Paid
2259,2026-04-17,52,20,5,768.72,0.0,3843.6,2026-04-21,Overdue
2260,2025-08-29,62,2,14,1691.19,5.0,22492.83,2025-08-30,Paid
2261,2026-03-06,46,39,6,1675.12,0.0,10050.72,2026-03-09,Paid
2262,2026-03-28,5,17,24,747.54,2.0,17582.14,2026-03-30,Paid
2263,2026-07-20,48,31,8,297.43,0.0,2379.44,2026-07-21,Paid
2264,2026-07-06,37,20,23,768.72,2.0,17326.95,2026-07-07,Overdue
2265,2026-02-09,42,2,21,1691.19,0.0,35514.99,2026-02-13,Paid
2266,2026-04-15,60,33,23,1777.66,0.0,40886.18,2026-04-19,Paid
2267,2026-02-04,51,20,15,768.72,3.0,11184.88,2026-02-06,Paid
2268,2026-01-10,26,1,7,312.72,0.0,2189.04,2026-01-14,Paid
2269,2026-02-04,52,36,23,590.85,0.0,13589.55,2026-02-08,Paid
2270,2026-07-27,63,11,11,1345.49,0.0,14800.39,2026-07-28,Overdue
2271,2025-05-21,61,33,10,1777.66,7.0,16532.24,2025-05-25,Paid
2272,2025-10-24,3,2,10,1691.19,7.0,15728.07,2025-10-27,Paid
2273,2025-06-09,2,36,12,590.85,0.0,7090.2,2025-06-12,Paid
2274,2025-12-04,17,20,14,768.72,3.0,10439.22,2025-12-06,Overdue
2275,2026-03-03,35,35,11,683.13,2.0,7364.14,2026-03-06,Paid
2276,2026-03-29,6,30,6,1771.57,2.0,10416.83,2026-03-30,Paid
2277,2025-06-20,2,29,24,426.56,0.0,10237.44,2025-06-23,Paid
2278,2025-10-24,50,15,25,148.05,0.0,3701.25,2025-10-26,Paid
2279,2026-05-25,16,13,24,410.08,0.0,9841.92,2026-05-26,Partial
2280,2025-07-25,35,24,9,1980.55,2.0,17468.45,2025-07-27,Partial
2281,2025-06-20,7,11,22,1345.49,0.0,29600.78,2025-06-24,Overdue
2282,2025-05-30,38,27,18,1743.53,3.0,30442.03,2025-06-02,Paid
2283,2026-04-28,66,27,17,1743.53,3.0,28750.81,2026-05-01,Partial
2284,2026-02-16,23,35,22,683.13,2.0,14728.28,2026-02-18,Paid
2285,2025-08-07,10,28,23,864.2,3.0,19280.3,2025-08-09,Paid
2286,2025-05-14,38,16,26,1370.49,3.0,34563.76,2025-05-16,Partial
2287,2026-03-17,63,38,8,239.29,5.0,1818.6,2026-03-18,Paid
2288,2025-08-11,3,25,24,1589.47,7.0,35476.97,2025-08-14,Paid
2289,2026-02-22,33,17,18,747.54,2.0,13186.61,2026-02-23,Paid
2290,2026-01-20,42,18,16,1285.87,0.0,20573.92,2026-01-22,Paid
2291,2026-04-05,27,11,12,1345.49,7.0,15015.67,2026-04-07,Paid
2292,2025-05-18,18,40,9,289.63,3.0,2528.47,2025-05-22,Paid
2293,2025-11-21,62,17,17,747.54,2.0,12454.02,2025-11-25,Paid
2294,2025-08-02,45,3,26,345.6,5.0,8536.32,2025-08-04,Paid
2295,2025-06-13,7,30,6,1771.57,2.0,10416.83,2025-06-16,Partial
2296,2025-07-06,54,7,15,1787.03,0.0,26805.45,2025-07-07,Partial
2297,2025-08-16,10,28,20,864.2,3.0,16765.48,2025-08-18,Paid
2298,2026-03-03,1,9,18,1636.11,3.0,28566.48,2026-03-04,Partial
2299,2025-06-21,44,32,5,730.3,2.0,3578.47,2025-06-25,Paid
2300,2025-06-21,37,7,21,1787.03,2.0,36777.08,2025-06-24,Overdue
2301,2025-05-06,5,34,5,376.49,5.0,1788.33,2025-05-09,Paid
2302,2026-04-14,66,45,6,1546.51,3.0,9000.69,2026-04-15,Paid
2303,2025-08-11,4,38,22,239.29,5.0,5001.16,2025-08-12,Paid
2304,2025-05-16,50,7,27,1787.03,5.0,45837.32,2025-05-18,Paid
2305,2026-01-31,35,36,11,590.85,5.0,6174.38,2026-02-03,Paid
2306,2025-07-24,2,23,23,211.88,2.0,4775.78,2025-07-27,Overdue
2307,2025-12-16,20,27,27,1743.53,2.0,46133.8,2025-12-19,Partial
2308,2025-11-06,61,23,16,211.88,2.0,3322.28,2025-11-09,Paid
2309,2025-08-16,41,42,20,644.47,2.0,12631.61,2025-08-20,Overdue
2310,2026-06-06,36,9,22,1636.11,5.0,34194.7,2026-06-08,Partial
2311,2026-01-08,9,45,6,1546.51,5.0,8815.11,2026-01-11,Paid
2312,2025-12-05,46,4,24,1306.68,5.0,29792.3,2025-12-09,Partial
2313,2025-09-17,18,7,20,1787.03,0.0,35740.6,2025-09-20,Paid
2314,2025-06-02,39,4,27,1306.68,0.0,35280.36,2025-06-04,Paid
2315,2026-04-06,1,9,25,1636.11,0.0,40902.75,2026-04-07,Paid
2316,2025-11-28,48,33,11,1777.66,2.0,19163.17,2025-11-30,Paid
2317,2026-07-19,70,5,18,1898.46,5.0,32463.67,2026-07-23,Paid
2318,2026-07-11,66,27,25,1743.53,3.0,42280.6,2026-07-15,Paid
2319,2025-06-19,34,40,7,289.63,2.0,1986.86,2025-06-20,Paid
2320,2026-03-04,40,4,12,1306.68,5.0,14896.15,2026-03-07,Paid
2321,2025-12-21,23,24,17,1980.55,0.0,33669.35,2025-12-25,Paid
2322,2026-05-26,57,27,19,1743.53,3.0,32133.26,2026-05-28,Paid
2323,2026-01-27,29,12,24,1973.12,3.0,45934.23,2026-01-28,Overdue
2324,2026-01-25,50,26,22,965.84,2.0,20823.51,2026-01-28,Partial
2325,2026-04-19,11,43,22,520.68,5.0,10882.21,2026-04-20,Partial
2326,2025-12-18,25,7,5,1787.03,7.0,8309.69,2025-12-22,Paid
2327,2026-07-01,22,4,10,1306.68,3.0,12674.8,2026-07-04,Partial
2328,2026-01-29,48,24,6,1980.55,3.0,11526.8,2026-01-31,Overdue
2329,2025-11-10,21,38,26,239.29,7.0,5786.03,2025-11-12,Paid
2330,2026-02-04,14,25,24,1589.47,3.0,37002.86,2026-02-06,Partial
2331,2025-09-09,24,3,5,345.6,0.0,1728.0,2025-09-11,Paid
2332,2025-11-18,10,33,5,1777.66,3.0,8621.65,2025-11-20,Paid
2333,2025-11-29,16,33,9,1777.66,0.0,15998.94,2025-11-30,Partial
2334,2026-01-28,13,36,17,590.85,2.0,9843.56,2026-02-01,Paid
2335,2025-05-16,68,37,8,127.78,5.0,971.13,2025-05-20,Paid
2336,2025-05-18,61,36,16,590.85,3.0,9169.99,2025-05-21,Paid
2337,2026-02-07,35,17,7,747.54,5.0,4971.14,2026-02-10,Paid
2338,2025-08-10,22,26,14,965.84,3.0,13116.11,2025-08-12,Partial
2339,2025-06-08,6,12,16,1973.12,7.0,29360.03,2025-06-11,Partial
2340,2025-08-01,70,21,9,950.93,2.0,8387.2,2025-08-05,Paid
2341,2025-09-15,58,22,22,1032.12,0.0,22706.64,2025-09-17,Paid
2342,2025-09-07,34,39,23,1675.12,5.0,36601.37,2025-09-10,Paid
2343,2026-02-13,18,9,18,1636.11,0.0,29449.98,2026-02-15,Paid
2344,2025-12-03,23,45,19,1546.51,5.0,27914.51,2025-12-04,Paid
2345,2026-05-19,20,1,17,312.72,5.0,5050.43,2026-05-23,Paid
2346,2025-08-31,30,4,10,1306.68,2.0,12805.46,2025-09-01,Overdue
2347,2026-06-20,69,40,19,289.63,7.0,5117.76,2026-06-21,Paid
2348,2025-12-06,40,6,20,512.21,0.0,10244.2,2025-12-10,Overdue
2349,2025-12-17,26,43,21,520.68,3.0,10606.25,2025-12-19,Overdue
2350,2025-12-31,7,19,12,1770.9,0.0,21250.8,2026-01-01,Paid
2351,2026-07-08,54,7,19,1787.03,5.0,32255.89,2026-07-12,Paid
2352,2026-02-05,5,40,12,289.63,3.0,3371.29,2026-02-07,Overdue
2353,2025-10-14,50,6,11,512.21,2.0,5521.62,2025-10-18,Overdue
2354,2025-10-22,53,4,19,1306.68,2.0,24330.38,2025-10-26,Paid
2355,2025-11-28,36,14,10,1010.26,5.0,9597.47,2025-11-29,Partial
2356,2026-03-23,54,33,21,1777.66,0.0,37330.86,2026-03-27,Paid
2357,2026-07-28,69,14,25,1010.26,2.0,24751.37,2026-07-31,Partial
2358,2026-04-04,13,16,14,1370.49,3.0,18611.25,2026-04-06,Partial
2359,2026-02-07,46,12,9,1973.12,5.0,16870.18,2026-02-11,Paid
2360,2026-03-07,17,37,10,127.78,0.0,1277.8,2026-03-08,Paid
2361,2026-03-01,1,20,23,768.72,0.0,17680.56,2026-03-05,Paid
2362,2026-06-08,43,11,20,1345.49,5.0,25564.31,2026-06-12,Paid
2363,2025-09-24,54,2,8,1691.19,3.0,13123.63,2025-09-26,Overdue
2364,2026-04-12,47,43,10,520.68,0.0,5206.8,2026-04-16,Paid
2365,2025-07-01,33,37,21,127.78,0.0,2683.38,2025-07-04,Paid
2366,2025-06-29,49,30,13,1771.57,5.0,21878.89,2025-07-03,Paid
2367,2025-08-26,51,41,11,664.81,2.0,7166.65,2025-08-30,Partial
2368,2025-09-19,26,20,10,768.72,0.0,7687.2,2025-09-22,Paid
2369,2025-11-26,29,26,26,965.84,2.0,24609.6,2025-11-30,Overdue
2370,2026-01-15,32,29,21,426.56,5.0,8509.87,2026-01-18,Partial
2371,2025-05-24,36,45,18,1546.51,0.0,27837.18,2025-05-28,Paid
2372,2026-02-03,47,8,23,642.71,7.0,13747.57,2026-02-07,Paid
2373,2025-06-30,29,29,14,426.56,2.0,5852.4,2025-07-02,Paid
2374,2026-04-23,10,1,7,312.72,0.0,2189.04,2026-04-24,Paid
2375,2025-12-18,37,14,26,1010.26,2.0,25741.42,2025-12-22,Partial
2376,2025-12-06,32,35,27,683.13,5.0,17522.28,2025-12-10,Paid
2377,2026-02-27,33,31,26,297.43,2.0,7578.52,2026-03-01,Paid
2378,2026-04-15,45,40,26,289.63,2.0,7379.77,2026-04-17,Overdue
2379,2026-01-12,21,21,25,950.93,7.0,22109.12,2026-01-15,Paid
2380,2025-09-25,6,10,13,1180.68,2.0,15041.86,2025-09-29,Paid
2381,2025-11-25,35,35,7,683.13,2.0,4686.27,2025-11-28,Partial
2382,2026-05-16,1,7,12,1787.03,2.0,21015.47,2026-05-18,Paid
2383,2025-10-23,1,30,19,1771.57,3.0,32650.04,2025-10-24,Partial
2384,2025-05-11,69,26,11,965.84,5.0,10093.03,2025-05-14,Partial
2385,2025-11-26,2,35,5,683.13,5.0,3244.87,2025-11-27,Partial
2386,2025-12-30,23,43,6,520.68,2.0,3061.6,2026-01-02,Paid
2387,2025-10-11,64,22,27,1032.12,5.0,26473.88,2025-10-13,Paid
2388,2025-08-23,51,7,21,1787.03,3.0,36401.8,2025-08-26,Paid
2389,2025-06-04,33,20,22,768.72,0.0,16911.84,2025-06-07,Paid
2390,2025-12-30,25,34,10,376.49,0.0,3764.9,2026-01-03,Paid
2391,2026-04-28,19,14,20,1010.26,2.0,19801.1,2026-05-01,Partial
2392,2026-04-14,25,33,19,1777.66,3.0,32762.27,2026-04-15,Paid
2393,2026-07-09,29,33,27,1777.66,2.0,47036.88,2026-07-10,Overdue
2394,2026-01-25,63,23,15,211.88,7.0,2955.73,2026-01-26,Partial
2395,2025-11-25,7,14,15,1010.26,0.0,15153.9,2025-11-28,Paid
2396,2026-04-14,58,45,27,1546.51,5.0,39667.98,2026-04-16,Paid
2397,2025-09-19,11,23,12,211.88,3.0,2466.28,2025-09-21,Paid
2398,2026-07-14,4,34,5,376.49,5.0,1788.33,2026-07-18,Paid
2399,2026-01-05,62,31,26,297.43,2.0,7578.52,2026-01-06,Overdue
2400,2026-02-04,30,5,12,1898.46,0.0,22781.52,2026-02-08,Partial
2401,2026-07-27,10,4,21,1306.68,0.0,27440.28,2026-07-31,Paid
2402,2025-07-17,16,36,8,590.85,5.0,4490.46,2025-07-20,Partial
2403,2025-06-09,19,39,5,1675.12,5.0,7956.82,2025-06-10,Overdue
2404,2026-05-08,50,22,13,1032.12,5.0,12746.68,2026-05-09,Partial
2405,2026-06-09,13,5,20,1898.46,7.0,35311.36,2026-06-10,Paid
2406,2026-06-25,33,22,23,1032.12,0.0,23738.76,2026-06-27,Paid
2407,2025-08-17,36,18,24,1285.87,2.0,30243.66,2025-08-20,Paid
2408,2026-02-09,26,39,6,1675.12,0.0,10050.72,2026-02-11,Paid
2409,2026-07-28,6,39,13,1675.12,0.0,21776.56,2026-07-29,Paid
2410,2025-10-11,23,31,22,297.43,3.0,6347.16,2025-10-14,Partial
2411,2025-07-02,65,17,11,747.54,0.0,8222.94,2025-07-06,Paid
2412,2025-06-04,38,16,12,1370.49,0.0,16445.88,2025-06-05,Partial
2413,2025-05-16,56,15,23,148.05,0.0,3405.15,2025-05-19,Paid
2414,2026-03-05,31,20,21,768.72,0.0,16143.12,2026-03-07,Paid
2415,2025-06-14,29,37,9,127.78,3.0,1115.52,2025-06-18,Paid
2416,2026-02-15,68,14,12,1010.26,0.0,12123.12,2026-02-19,Paid
2417,2025-12-20,70,13,20,410.08,3.0,7955.55,2025-12-22,Paid
2418,2025-05-01,47,45,20,1546.51,2.0,30311.6,2025-05-05,Paid
2419,2026-03-12,37,31,5,297.43,3.0,1442.54,2026-03-13,Overdue
2420,2025-06-20,13,31,23,297.43,0.0,6840.89,2025-06-22,Paid
2421,2026-02-15,41,37,16,127.78,0.0,2044.48,2026-02-16,Paid
2422,2026-04-21,50,3,12,345.6,3.0,4022.78,2026-04-23,Paid
2423,2025-05-28,51,18,16,1285.87,5.0,19545.22,2025-05-29,Paid
2424,2026-06-27,29,7,9,1787.03,0.0,16083.27,2026-06-30,Partial
2425,2026-05-22,4,33,8,1777.66,0.0,14221.28,2026-05-26,Paid
2426,2025-07-10,31,35,6,683.13,0.0,4098.78,2025-07-13,Partial
2427,2025-06-28,30,8,8,642.71,3.0,4987.43,2025-06-29,Partial
2428,2025-10-07,12,35,9,683.13,3.0,5963.72,2025-10-10,Overdue
2429,2026-02-18,69,11,12,1345.49,2.0,15822.96,2026-02-20,Paid
2430,2026-01-16,70,35,7,683.13,3.0,4638.45,2026-01-19,Partial
2431,2025-05-10,39,43,5,520.68,2.0,2551.33,2025-05-12,Paid
2432,2025-08-08,67,3,19,345.6,3.0,6369.41,2025-08-09,Paid
2433,2026-01-11,57,16,12,1370.49,5.0,15623.59,2026-01-14,Partial
2434,2026-06-22,41,9,23,1636.11,2.0,36877.92,2026-06-24,Paid
2435,2026-05-24,26,22,27,1032.12,0.0,27867.24,2026-05-25,Paid
2436,2025-09-01,8,35,5,683.13,0.0,3415.65,2025-09-03,Overdue
2437,2026-04-30,44,11,21,1345.49,3.0,27407.63,2026-05-02,Overdue
2438,2025-07-23,36,31,25,297.43,2.0,7287.03,2025-07-27,Paid
2439,2025-05-17,27,44,27,715.24,0.0,19311.48,2025-05-18,Paid
2440,2025-10-24,31,35,13,683.13,0.0,8880.69,2025-10-28,Paid
2441,2026-02-07,33,12,23,1973.12,5.0,43112.67,2026-02-09,Overdue
2442,2025-11-11,28,43,17,520.68,0.0,8851.56,2025-11-12,Paid
2443,2025-09-14,17,28,17,864.2,0.0,14691.4,2025-09-15,Partial
2444,2026-06-30,42,7,16,1787.03,0.0,28592.48,2026-07-03,Overdue
2445,2025-05-12,7,24,10,1980.55,7.0,18419.11,2025-05-14,Paid
2446,2026-04-21,32,1,9,312.72,2.0,2758.19,2026-04-22,Paid
2447,2026-05-03,28,21,26,950.93,3.0,23982.45,2026-05-07,Paid
2448,2025-07-31,70,26,20,965.84,0.0,19316.8,2025-08-01,Overdue
2449,2025-08-31,20,28,24,864.2,3.0,20118.58,2025-09-04,Paid
2450,2025-06-02,1,10,26,1180.68,0.0,30697.68,2025-06-03,Paid
2451,2025-12-10,40,31,19,297.43,5.0,5368.61,2025-12-14,Overdue
2452,2026-03-25,17,16,6,1370.49,0.0,8222.94,2026-03-27,Paid
2453,2025-06-26,63,28,22,864.2,5.0,18061.78,2025-06-27,Paid
2454,2025-10-23,44,33,15,1777.66,5.0,25331.65,2025-10-24,Paid
2455,2025-10-13,34,2,8,1691.19,3.0,13123.63,2025-10-14,Paid
2456,2025-11-16,23,30,15,1771.57,2.0,26042.08,2025-11-17,Partial
2457,2025-08-31,53,42,13,644.47,0.0,8378.11,2025-09-01,Paid
2458,2026-05-28,13,20,6,768.72,0.0,4612.32,2026-05-31,Overdue
2459,2025-07-20,52,22,11,1032.12,7.0,10558.59,2025-07-22,Overdue
2460,2025-06-06,18,14,18,1010.26,3.0,17639.14,2025-06-08,Overdue
2461,2025-07-08,55,45,18,1546.51,3.0,27002.06,2025-07-11,Overdue
2462,2026-06-17,67,33,11,1777.66,5.0,18576.55,2026-06-20,Paid
2463,2025-08-01,46,31,8,297.43,2.0,2331.85,2025-08-04,Paid
2464,2026-07-03,28,16,5,1370.49,5.0,6509.83,2026-07-07,Paid
2465,2025-05-19,25,11,14,1345.49,3.0,18271.75,2025-05-20,Paid
2466,2026-04-16,65,19,25,1770.9,3.0,42944.32,2026-04-19,Paid
2467,2026-06-06,14,36,5,590.85,2.0,2895.16,2026-06-10,Paid
2468,2025-11-15,53,30,26,1771.57,5.0,43757.78,2025-11-18,Paid
2469,2025-05-03,10,5,26,1898.46,2.0,48372.76,2025-05-05,Overdue
2470,2026-04-16,57,11,16,1345.49,5.0,20451.45,2026-04-20,Paid
2471,2026-02-28,41,40,17,289.63,2.0,4825.24,2026-03-03,Paid
2472,2025-09-03,46,33,26,1777.66,0.0,46219.16,2025-09-04,Paid
2473,2026-04-26,13,30,15,1771.57,3.0,25776.34,2026-04-30,Paid
2474,2026-05-05,59,13,12,410.08,3.0,4773.33,2026-05-08,Partial
2475,2025-11-15,16,25,16,1589.47,0.0,25431.52,2025-11-18,Paid
2476,2025-11-10,55,5,8,1898.46,2.0,14883.93,2025-11-11,Paid
2477,2025-12-25,23,27,15,1743.53,5.0,24845.3,2025-12-26,Paid
2478,2026-01-11,29,21,25,950.93,2.0,23297.78,2026-01-15,Overdue
2479,2025-12-25,66,32,20,730.3,2.0,14313.88,2025-12-29,Paid
2480,2025-05-08,32,7,19,1787.03,0.0,33953.57,2025-05-10,Partial
2481,2025-06-05,67,22,18,1032.12,3.0,18020.82,2025-06-06,Paid
2482,2025-09-23,42,38,16,239.29,0.0,3828.64,2025-09-26,Paid
2483,2025-08-03,65,16,26,1370.49,3.0,34563.76,2025-08-05,Partial
2484,2026-01-15,28,35,19,683.13,0.0,12979.47,2026-01-17,Paid
2485,2025-05-25,2,6,20,512.21,2.0,10039.32,2025-05-27,Paid
2486,2025-06-03,53,14,15,1010.26,5.0,14396.2,2025-06-06,Paid
2487,2025-09-12,64,36,25,590.85,2.0,14475.82,2025-09-14,Overdue
2488,2025-12-13,29,5,24,1898.46,0.0,45563.04,2025-12-16,Paid
2489,2025-12-23,63,39,11,1675.12,2.0,18057.79,2025-12-27,Overdue
2490,2025-05-17,2,17,18,747.54,3.0,13052.05,2025-05-20,Overdue
2491,2025-07-14,63,16,13,1370.49,0.0,17816.37,2025-07-17,Partial
2492,2026-02-17,56,4,23,1306.68,0.0,30053.64,2026-02-19,Paid
2493,2026-04-25,63,36,11,590.85,3.0,6304.37,2026-04-26,Paid
2494,2026-06-29,29,5,13,1898.46,0.0,24679.98,2026-07-02,Paid
2495,2025-06-18,52,23,26,211.88,0.0,5508.88,2025-06-20,Overdue
2496,2026-06-08,36,34,25,376.49,3.0,9129.88,2026-06-10,Overdue
2497,2026-01-14,70,35,16,683.13,3.0,10602.18,2026-01-18,Paid
2498,2026-07-02,38,11,19,1345.49,0.0,25564.31,2026-07-03,Overdue
2499,2026-04-20,22,40,9,289.63,0.0,2606.67,2026-04-23,Partial
2500,2025-06-23,39,36,9,590.85,7.0,4945.41,2025-06-26,Overdue
2501,2025-07-11,27,39,24,1675.12,5.0,38192.74,2025-07-12,Paid
2502,2026-05-01,42,30,12,1771.57,7.0,19770.72,2026-05-03,Overdue
2503,2025-09-22,56,25,14,1589.47,2.0,21807.53,2025-09-24,Paid
2504,2026-03-28,2,45,12,1546.51,3.0,18001.38,2026-03-31,Paid
2505,2025-08-27,56,37,11,127.78,3.0,1363.41,2025-08-28,Paid
2506,2026-05-31,2,44,11,715.24,5.0,7474.26,2026-06-04,Overdue
2507,2026-04-14,62,11,16,1345.49,7.0,20020.89,2026-04-17,Paid
2508,2025-05-09,14,17,21,747.54,5.0,14913.42,2025-05-13,Paid
2509,2025-12-07,3,40,16,289.63,3.0,4495.06,2025-12-09,Paid
2510,2026-06-03,10,12,15,1973.12,7.0,27525.02,2026-06-05,Overdue
2511,2025-09-17,13,41,24,664.81,3.0,15476.78,2025-09-18,Overdue
2512,2025-09-20,42,27,15,1743.53,0.0,26152.95,2025-09-24,Partial
2513,2025-09-17,53,19,6,1770.9,0.0,10625.4,2025-09-21,Partial
2514,2025-11-27,17,25,27,1589.47,2.0,42057.38,2025-11-28,Partial
2515,2026-06-22,35,45,22,1546.51,3.0,33002.52,2026-06-25,Paid
2516,2025-11-05,46,15,14,148.05,5.0,1969.07,2025-11-07,Paid
2517,2025-05-22,58,14,19,1010.26,5.0,18235.19,2025-05-23,Paid
2518,2025-08-03,36,30,7,1771.57,5.0,11780.94,2025-08-04,Partial
2519,2026-07-23,61,1,7,312.72,7.0,2035.81,2026-07-25,Paid
2520,2025-10-14,45,21,26,950.93,0.0,24724.18,2025-10-17,Partial
2521,2026-01-18,58,23,23,211.88,2.0,4775.78,2026-01-20,Overdue
2522,2026-01-18,13,27,5,1743.53,2.0,8543.3,2026-01-19,Paid
2523,2025-11-24,56,18,22,1285.87,0.0,28289.14,2025-11-27,Partial
2524,2026-01-14,66,31,8,297.43,2.0,2331.85,2026-01-17,Overdue
2525,2026-02-16,41,29,15,426.56,3.0,6206.45,2026-02-18,Paid
2526,2026-04-13,63,12,24,1973.12,0.0,47354.88,2026-04-15,Paid
2527,2025-06-28,37,39,12,1675.12,3.0,19498.4,2025-07-01,Paid
2528,2026-02-25,37,2,24,1691.19,2.0,39776.79,2026-03-01,Paid
2529,2026-05-02,44,30,7,1771.57,2.0,12152.97,2026-05-04,Overdue
2530,2025-07-31,18,39,16,1675.12,2.0,26265.88,2025-08-04,Paid
2531,2026-04-30,45,10,27,1180.68,2.0,31240.79,2026-05-04,Paid
2532,2025-10-12,47,24,9,1980.55,0.0,17824.95,2025-10-13,Paid
2533,2026-06-23,2,4,7,1306.68,0.0,9146.76,2026-06-24,Overdue
2534,2026-07-06,39,40,21,289.63,2.0,5960.59,2026-07-08,Paid
2535,2025-05-18,24,28,15,864.2,0.0,12963.0,2025-05-19,Paid
2536,2025-10-07,42,31,8,297.43,3.0,2308.06,2025-10-09,Paid
2537,2025-11-19,47,21,8,950.93,2.0,7455.29,2025-11-23,Paid
2538,2026-02-24,42,11,14,1345.49,5.0,17895.02,2026-02-28,Overdue
2539,2026-04-01,55,7,18,1787.03,7.0,29914.88,2026-04-02,Overdue
2540,2025-07-21,59,45,24,1546.51,3.0,36002.75,2025-07-24,Partial
2541,2026-07-11,15,21,10,950.93,7.0,8843.65,2026-07-15,Partial
2542,2025-07-19,39,21,19,950.93,0.0,18067.67,2025-07-22,Overdue
2543,2025-07-18,12,30,23,1771.57,0.0,40746.11,2025-07-22,Partial
2544,2026-07-26,46,11,5,1345.49,0.0,6727.45,2026-07-30,Partial
2545,2026-07-10,13,14,12,1010.26,3.0,11759.43,2026-07-14,Paid
2546,2026-01-23,54,27,24,1743.53,2.0,41007.83,2026-01-24,Paid
2547,2026-05-31,38,8,11,642.71,2.0,6928.41,2026-06-03,Paid
2548,2025-05-31,42,23,26,211.88,0.0,5508.88,2025-06-01,Partial
2549,2025-11-07,50,27,5,1743.53,0.0,8717.65,2025-11-09,Paid
2550,2025-09-05,3,42,22,644.47,3.0,13752.99,2025-09-09,Paid
2551,2026-02-05,58,18,20,1285.87,7.0,23917.18,2026-02-09,Partial
2552,2026-06-21,55,23,19,211.88,2.0,3945.21,2026-06-23,Paid
2553,2026-07-21,15,13,15,410.08,5.0,5843.64,2026-07-24,Paid
2554,2026-02-11,40,4,15,1306.68,3.0,19012.19,2026-02-15,Paid
2555,2025-09-09,57,37,13,127.78,7.0,1544.86,2025-09-11,Paid
2556,2025-09-17,7,33,20,1777.66,2.0,34842.14,2025-09-20,Partial
2557,2025-06-27,43,18,18,1285.87,7.0,21525.46,2025-06-30,Overdue
2558,2026-07-30,17,24,27,1980.55,7.0,49731.61,2026-08-02,Paid
2559,2026-06-27,37,17,15,747.54,2.0,10988.84,2026-06-30,Paid
2560,2025-10-30,68,4,19,1306.68,5.0,23585.57,2025-11-02,Partial
2561,2025-09-20,44,33,10,1777.66,3.0,17243.3,2025-09-22,Paid
2562,2026-05-24,28,40,20,289.63,5.0,5502.97,2026-05-27,Paid
2563,2026-01-21,29,39,16,1675.12,0.0,26801.92,2026-01-25,Paid
2564,2026-04-01,31,17,6,747.54,7.0,4171.27,2026-04-04,Paid
2565,2026-05-07,47,7,18,1787.03,3.0,31201.54,2026-05-09,Partial
2566,2026-04-15,7,45,24,1546.51,5.0,35260.43,2026-04-16,Paid
2567,2026-03-12,65,21,10,950.93,2.0,9319.11,2026-03-13,Overdue
2568,2025-09-08,9,6,24,512.21,3.0,11924.25,2025-09-12,Partial
2569,2025-07-20,20,2,23,1691.19,3.0,37730.45,2025-07-22,Partial
2570,2025-10-28,19,38,20,239.29,2.0,4690.08,2025-10-31,Overdue
2571,2026-02-07,6,27,12,1743.53,3.0,20294.69,2026-02-10,Partial
2572,2025-06-16,22,34,20,376.49,2.0,7379.2,2025-06-19,Paid
2573,2026-07-13,13,29,14,426.56,0.0,5971.84,2026-07-16,Partial
2574,2026-02-21,7,17,27,747.54,2.0,19779.91,2026-02-22,Paid
2575,2026-03-05,40,20,21,768.72,0.0,16143.12,2026-03-08,Paid
2576,2025-08-10,42,45,15,1546.51,0.0,23197.65,2025-08-13,Overdue
2577,2026-02-14,29,29,17,426.56,0.0,7251.52,2026-02-17,Paid
2578,2025-12-26,40,34,11,376.49,2.0,4058.56,2025-12-30,Partial
2579,2025-10-10,31,30,20,1771.57,3.0,34368.46,2025-10-14,Overdue
2580,2026-07-18,56,13,14,410.08,7.0,5339.24,2026-07-21,Paid
2581,2026-04-18,23,11,19,1345.49,3.0,24797.38,2026-04-21,Overdue
2582,2026-07-22,34,39,25,1675.12,5.0,39784.1,2026-07-26,Paid
2583,2025-10-07,33,3,17,345.6,5.0,5581.44,2025-10-11,Paid
2584,2025-06-18,36,33,15,1777.66,2.0,26131.6,2025-06-19,Paid
2585,2026-04-07,38,1,27,312.72,0.0,8443.44,2026-04-09,Partial
2586,2026-03-02,60,15,8,148.05,5.0,1125.18,2026-03-06,Partial
2587,2025-05-12,31,35,6,683.13,2.0,4016.8,2025-05-14,Paid
2588,2025-08-08,53,21,7,950.93,0.0,6656.51,2025-08-11,Paid
2589,2025-11-30,34,12,18,1973.12,2.0,34805.84,2025-12-02,Paid
2590,2025-05-09,5,9,21,1636.11,5.0,32640.39,2025-05-13,Paid
2591,2025-11-22,52,39,23,1675.12,0.0,38527.76,2025-11-26,Paid
2592,2026-04-09,35,45,5,1546.51,2.0,7577.9,2026-04-13,Paid
2593,2025-11-15,57,40,9,289.63,3.0,2528.47,2025-11-16,Overdue
2594,2026-02-08,40,11,19,1345.49,5.0,24286.09,2026-02-12,Paid
2595,2026-01-20,66,37,5,127.78,0.0,638.9,2026-01-23,Paid
2596,2025-06-22,9,39,23,1675.12,0.0,38527.76,2025-06-24,Paid
2597,2025-10-30,39,23,14,211.88,0.0,2966.32,2025-11-01,Overdue
2598,2026-05-28,45,28,5,864.2,7.0,4018.53,2026-05-31,Paid
2599,2025-12-15,69,37,6,127.78,0.0,766.68,2025-12-18,Paid
2600,2025-09-08,25,31,24,297.43,7.0,6638.64,2025-09-09,Paid
2601,2026-06-15,8,37,22,127.78,7.0,2614.38,2026-06-17,Partial
2602,2026-06-18,29,30,8,1771.57,3.0,13747.38,2026-06-21,Paid
2603,2025-07-04,24,22,11,1032.12,2.0,11126.25,2025-07-07,Paid
2604,2026-02-11,52,10,20,1180.68,3.0,22905.19,2026-02-12,Paid
2605,2026-06-23,52,17,24,747.54,3.0,17402.73,2026-06-26,Paid
2606,2026-01-03,53,44,16,715.24,0.0,11443.84,2026-01-06,Paid
2607,2026-03-14,9,8,9,642.71,0.0,5784.39,2026-03-17,Overdue
2608,2025-12-04,8,9,27,1636.11,0.0,44174.97,2025-12-06,Paid
2609,2026-05-22,10,1,8,312.72,2.0,2451.72,2026-05-25,Overdue
2610,2025-06-20,54,34,19,376.49,2.0,7010.24,2025-06-22,Paid
2611,2025-06-20,48,41,8,664.81,2.0,5212.11,2025-06-21,Partial
2612,2026-01-15,61,39,24,1675.12,3.0,38996.79,2026-01-17,Partial
2613,2025-11-18,12,33,25,1777.66,0.0,44441.5,2025-11-21,Paid
2614,2026-04-09,31,33,10,1777.66,3.0,17243.3,2026-04-12,Partial
2615,2026-05-11,69,25,13,1589.47,2.0,20249.85,2026-05-13,Overdue
2616,2026-07-06,7,22,27,1032.12,0.0,27867.24,2026-07-10,Paid
2617,2026-01-12,31,41,8,664.81,3.0,5158.93,2026-01-15,Paid
2618,2026-01-17,2,17,12,747.54,0.0,8970.48,2026-01-18,Paid
2619,2025-10-16,60,8,5,642.71,2.0,3149.28,2025-10-19,Paid
2620,2026-05-02,28,21,9,950.93,3.0,8301.62,2026-05-04,Partial
2621,2025-12-13,39,21,16,950.93,2.0,14910.58,2025-12-15,Paid
2622,2025-07-30,33,11,6,1345.49,2.0,7911.48,2025-08-02,Paid
2623,2025-05-30,19,43,20,520.68,2.0,10205.33,2025-06-01,Partial
2624,2026-01-05,35,11,16,1345.49,2.0,21097.28,2026-01-08,Paid
2625,2026-05-27,61,22,16,1032.12,2.0,16183.64,2026-05-28,Paid
2626,2026-01-19,6,11,26,1345.49,0.0,34982.74,2026-01-21,Paid
2627,2025-06-07,37,14,12,1010.26,2.0,11880.66,2025-06-11,Partial
2628,2026-05-15,30,7,5,1787.03,3.0,8667.1,2026-05-17,Overdue
2629,2025-08-07,22,38,8,239.29,0.0,1914.32,2025-08-08,Paid
2630,2026-07-05,30,45,17,1546.51,3.0,25501.95,2026-07-07,Paid
2631,2025-11-15,26,28,9,864.2,2.0,7622.24,2025-11-18,Paid
2632,2025-11-13,14,15,15,148.05,2.0,2176.34,2025-11-17,Paid
2633,2025-09-02,36,38,27,239.29,3.0,6267.01,2025-09-06,Paid
2634,2026-03-05,47,32,13,730.3,0.0,9493.9,2026-03-09,Paid
2635,2025-05-25,17,23,26,211.88,3.0,5343.61,2025-05-28,Paid
2636,2026-05-20,28,33,27,1777.66,0.0,47996.82,2026-05-23,Paid
2637,2026-05-06,25,29,8,426.56,2.0,3344.23,2026-05-10,Paid
2638,2026-03-28,17,14,7,1010.26,2.0,6930.38,2026-03-29,Paid
2639,2026-06-03,21,14,22,1010.26,2.0,21781.21,2026-06-07,Paid
2640,2025-07-05,53,17,11,747.54,5.0,7811.79,2025-07-09,Paid
2641,2025-05-02,66,18,19,1285.87,3.0,23698.58,2025-05-04,Overdue
2642,2026-03-30,62,32,26,730.3,3.0,18418.17,2026-04-03,Paid
2643,2026-02-11,39,6,16,512.21,2.0,8031.45,2026-02-14,Paid
2644,2026-06-23,69,29,9,426.56,2.0,3762.26,2026-06-25,Overdue
2645,2025-10-18,17,11,25,1345.49,5.0,31955.39,2025-10-21,Paid
2646,2025-09-29,69,45,22,1546.51,2.0,33342.76,2025-10-02,Paid
2647,2025-07-02,35,42,10,644.47,2.0,6315.81,2025-07-05,Paid
2648,2025-06-22,33,22,24,1032.12,3.0,24027.75,2025-06-26,Overdue
2649,2026-03-19,7,13,24,410.08,5.0,9349.82,2026-03-23,Overdue
2650,2025-06-28,7,18,11,1285.87,5.0,13437.34,2025-07-02,Overdue
2651,2026-03-11,29,8,18,642.71,7.0,10758.97,2026-03-13,Paid
2652,2025-10-02,55,24,23,1980.55,0.0,45552.65,2025-10-04,Paid
2653,2026-01-23,56,33,24,1777.66,3.0,41383.92,2026-01-24,Paid
2654,2025-06-20,61,33,22,1777.66,0.0,39108.52,2025-06-24,Paid
2655,2025-08-11,15,4,20,1306.68,2.0,25610.93,2025-08-15,Paid
2656,2026-04-04,36,22,25,1032.12,0.0,25803.0,2026-04-05,Overdue
2657,2025-12-09,17,13,22,410.08,5.0,8570.67,2025-12-12,Paid
2658,2025-05-14,5,6,11,512.21,0.0,5634.31,2025-05-15,Paid
2659,2025-09-08,65,7,11,1787.03,0.0,19657.33,2025-09-10,Paid
2660,2025-07-22,12,9,26,1636.11,2.0,41688.08,2025-07-23,Paid
2661,2026-03-16,51,13,17,410.08,2.0,6831.93,2026-03-18,Paid
2662,2025-09-16,26,34,23,376.49,2.0,8486.08,2025-09-17,Paid
2663,2026-05-17,37,42,9,644.47,5.0,5510.22,2026-05-20,Paid
2664,2026-05-14,6,41,21,664.81,0.0,13961.01,2026-05-16,Paid
2665,2026-07-28,20,45,16,1546.51,0.0,24744.16,2026-08-01,Paid
2666,2025-09-09,68,22,16,1032.12,0.0,16513.92,2025-09-10,Paid
2667,2025-12-05,17,45,16,1546.51,2.0,24249.28,2025-12-06,Partial
2668,2026-03-15,26,32,10,730.3,0.0,7303.0,2026-03-19,Overdue
2669,2025-09-03,44,15,22,148.05,5.0,3094.25,2025-09-06,Paid
2670,2026-02-06,36,11,16,1345.49,0.0,21527.84,2026-02-10,Paid
2671,2025-09-14,29,33,8,1777.66,5.0,13510.22,2025-09-15,Paid
2672,2026-01-28,20,5,27,1898.46,0.0,51258.42,2026-01-31,Paid
2673,2026-06-03,12,8,26,642.71,3.0,16209.15,2026-06-04,Partial
2674,2025-09-22,55,29,23,426.56,3.0,9516.55,2025-09-24,Paid
2675,2026-03-19,14,15,13,148.05,5.0,1828.42,2026-03-21,Paid
2676,2025-07-26,64,44,21,715.24,3.0,14569.44,2025-07-30,Paid
2677,2026-06-30,8,10,12,1180.68,5.0,13459.75,2026-07-01,Paid
2678,2025-08-13,19,37,23,127.78,3.0,2850.77,2025-08-17,Paid
2679,2026-03-06,45,32,18,730.3,2.0,12882.49,2026-03-09,Partial
2680,2025-07-07,41,30,11,1771.57,5.0,18512.91,2025-07-08,Paid
2681,2025-05-31,26,41,9,664.81,5.0,5684.13,2025-06-02,Partial
2682,2026-06-16,56,42,20,644.47,0.0,12889.4,2026-06-20,Paid
2683,2025-09-03,11,30,26,1771.57,3.0,44679.0,2025-09-05,Partial
2684,2025-05-25,59,32,5,730.3,7.0,3395.89,2025-05-29,Partial
2685,2025-05-29,14,4,27,1306.68,2.0,34574.75,2025-05-31,Paid
2686,2025-07-23,4,19,10,1770.9,0.0,17709.0,2025-07-24,Paid
2687,2025-11-09,57,9,22,1636.11,5.0,34194.7,2025-11-11,Paid
2688,2026-03-18,38,40,8,289.63,3.0,2247.53,2026-03-21,Paid
2689,2025-05-11,8,33,24,1777.66,3.0,41383.92,2025-05-14,Paid
2690,2026-04-05,42,19,24,1770.9,0.0,42501.6,2026-04-08,Overdue
2691,2026-03-07,49,43,23,520.68,0.0,11975.64,2026-03-08,Partial
2692,2026-07-14,54,44,9,715.24,5.0,6115.3,2026-07-18,Paid
2693,2025-08-26,1,30,7,1771.57,3.0,12028.96,2025-08-29,Paid
2694,2026-04-30,33,4,12,1306.68,2.0,15366.56,2026-05-04,Overdue
2695,2026-04-06,22,32,14,730.3,5.0,9712.99,2026-04-07,Overdue
2696,2025-11-29,33,13,6,410.08,2.0,2411.27,2025-12-02,Paid
2697,2025-11-30,23,4,5,1306.68,7.0,6076.06,2025-12-03,Paid
2698,2025-09-07,3,2,12,1691.19,0.0,20294.28,2025-09-11,Overdue
2699,2025-06-01,2,11,13,1345.49,2.0,17141.54,2025-06-02,Paid
2700,2026-05-19,17,22,9,1032.12,2.0,9103.3,2026-05-20,Partial
2701,2025-06-28,27,24,23,1980.55,2.0,44641.6,2025-07-01,Paid
2702,2026-04-04,15,40,23,289.63,0.0,6661.49,2026-04-06,Paid
2703,2026-04-27,7,38,27,239.29,0.0,6460.83,2026-04-29,Paid
2704,2025-09-13,60,39,6,1675.12,0.0,10050.72,2025-09-17,Overdue
2705,2025-05-22,12,38,13,239.29,7.0,2893.02,2025-05-24,Partial
2706,2025-09-24,30,14,15,1010.26,5.0,14396.2,2025-09-27,Paid
2707,2026-01-21,58,43,6,520.68,3.0,3030.36,2026-01-22,Paid
2708,2026-06-09,38,18,26,1285.87,5.0,31760.99,2026-06-13,Paid
2709,2025-09-02,37,39,16,1675.12,3.0,25997.86,2025-09-04,Paid
2710,2025-09-16,9,42,18,644.47,5.0,11020.44,2025-09-17,Paid
2711,2026-06-11,69,19,17,1770.9,7.0,27997.93,2026-06-14,Partial
2712,2025-11-23,35,22,9,1032.12,2.0,9103.3,2025-11-27,Partial
2713,2025-09-26,41,19,25,1770.9,5.0,42058.88,2025-09-30,Partial
2714,2026-04-07,37,32,19,730.3,5.0,13181.91,2026-04-09,Paid
2715,2026-02-10,44,28,19,864.2,2.0,16091.4,2026-02-11,Paid
2716,2025-12-25,18,13,7,410.08,2.0,2813.15,2025-12-26,Paid
2717,2026-06-19,63,17,10,747.54,3.0,7251.14,2026-06-21,Paid
2718,2026-05-14,13,6,13,512.21,0.0,6658.73,2026-05-17,Paid
2719,2026-05-21,63,17,15,747.54,0.0,11213.1,2026-05-24,Paid
2720,2025-09-14,33,10,24,1180.68,2.0,27769.59,2025-09-17,Paid
2721,2026-04-10,50,9,18,1636.11,7.0,27388.48,2026-04-14,Paid
2722,2025-05-17,6,28,12,864.2,0.0,10370.4,2025-05-21,Overdue
2723,2025-11-14,6,12,26,1973.12,2.0,50275.1,2025-11-17,Overdue
2724,2025-11-22,58,13,8,410.08,0.0,3280.64,2025-11-23,Paid
2725,2026-01-29,58,21,27,950.93,3.0,24904.86,2026-02-01,Paid
2726,2025-06-13,34,14,8,1010.26,0.0,8082.08,2025-06-16,Paid
2727,2025-09-17,39,39,15,1675.12,0.0,25126.8,2025-09-21,Paid
2728,2025-05-16,14,38,19,239.29,2.0,4455.58,2025-05-17,Partial
2729,2025-08-19,17,32,12,730.3,0.0,8763.6,2025-08-20,Paid
2730,2026-06-11,3,11,18,1345.49,3.0,23492.26,2026-06-14,Paid
2731,2026-02-26,40,17,18,747.54,5.0,12782.93,2026-02-28,Paid
2732,2025-08-16,61,25,12,1589.47,3.0,18501.43,2025-08-17,Paid
2733,2025-05-12,50,39,9,1675.12,2.0,14774.56,2025-05-15,Paid
2734,2025-06-27,64,18,17,1285.87,0.0,21859.79,2025-06-30,Paid
2735,2025-06-05,18,10,5,1180.68,0.0,5903.4,2025-06-07,Paid
2736,2025-08-06,24,44,19,715.24,0.0,13589.56,2025-08-09,Overdue
2737,2025-12-20,14,20,12,768.72,0.0,9224.64,2025-12-21,Paid
2738,2026-04-11,49,22,21,1032.12,0.0,21674.52,2026-04-13,Partial
2739,2026-05-19,49,38,11,239.29,0.0,2632.19,2026-05-22,Paid
2740,2026-01-27,32,38,20,239.29,0.0,4785.8,2026-01-29,Partial
2741,2025-12-07,23,36,13,590.85,7.0,7143.38,2025-12-08,Paid
2742,2025-07-23,44,20,16,768.72,0.0,12299.52,2025-07-27,Paid
2743,2025-05-26,23,40,16,289.63,0.0,4634.08,2025-05-30,Paid
2744,2026-03-12,2,32,23,730.3,2.0,16460.96,2026-03-14,Paid
2745,2026-05-26,63,37,27,127.78,7.0,3208.56,2026-05-27,Overdue
2746,2026-05-08,27,16,8,1370.49,0.0,10963.92,2026-05-11,Paid
2747,2026-05-17,50,34,15,376.49,0.0,5647.35,2026-05-18,Paid
2748,2026-01-05,26,36,23,590.85,0.0,13589.55,2026-01-07,Partial
2749,2025-05-12,18,26,25,965.84,5.0,22938.7,2025-05-13,Paid
2750,2025-05-30,23,17,24,747.54,3.0,17402.73,2025-06-02,Paid
2751,2026-07-02,59,16,24,1370.49,3.0,31905.01,2026-07-04,Paid
2752,2026-04-14,12,43,13,520.68,5.0,6430.4,2026-04-16,Partial
2753,2026-07-08,35,19,26,1770.9,2.0,45122.53,2026-07-09,Overdue
2754,2025-12-11,45,22,13,1032.12,2.0,13149.21,2025-12-13,Overdue
2755,2026-05-03,5,9,9,1636.11,2.0,14430.49,2026-05-07,Paid
2756,2025-11-24,21,42,6,644.47,2.0,3789.48,2025-11-26,Partial
2757,2026-01-17,37,23,22,211.88,5.0,4428.29,2026-01-18,Overdue
2758,2026-04-22,13,12,27,1973.12,5.0,50610.53,2026-04-23,Paid
2759,2025-12-23,26,2,12,1691.19,2.0,19888.39,2025-12-26,Overdue
2760,2026-06-25,45,31,15,297.43,2.0,4372.22,2026-06-26,Partial
2761,2025-12-04,27,16,26,1370.49,0.0,35632.74,2025-12-07,Paid
2762,2026-06-03,39,15,23,148.05,2.0,3337.05,2026-06-07,Paid
2763,2026-07-28,35,1,19,312.72,3.0,5763.43,2026-08-01,Partial
2764,2026-02-20,38,9,26,1636.11,5.0,40411.92,2026-02-24,Overdue
2765,2025-06-27,68,4,18,1306.68,3.0,22814.63,2025-07-01,Paid
2766,2026-02-13,26,6,14,512.21,0.0,7170.94,2026-02-15,Paid
2767,2026-01-23,4,25,15,1589.47,3.0,23126.79,2026-01-24,Paid
2768,2026-03-02,65,25,12,1589.47,3.0,18501.43,2026-03-06,Partial
2769,2025-05-04,46,26,17,965.84,0.0,16419.28,2025-05-05,Paid
2770,2026-07-27,2,41,18,664.81,7.0,11128.92,2026-07-29,Partial
2771,2025-09-03,35,26,17,965.84,2.0,16090.89,2025-09-07,Paid
2772,2026-04-04,7,19,27,1770.9,0.0,47814.3,2026-04-08,Paid
2773,2025-09-10,39,2,26,1691.19,5.0,41772.39,2025-09-12,Paid
2774,2025-11-03,68,21,24,950.93,3.0,22137.65,2025-11-06,Paid
2775,2026-03-30,50,1,9,312.72,3.0,2730.05,2026-04-01,Partial
2776,2025-12-09,25,31,27,297.43,2.0,7870.0,2025-12-12,Paid
2777,2025-07-04,41,34,12,376.49,2.0,4427.52,2025-07-07,Paid
2778,2025-08-28,9,4,24,1306.68,2.0,30733.11,2025-08-30,Paid
2779,2026-06-19,56,37,15,127.78,2.0,1878.37,2026-06-21,Paid
2780,2025-07-29,12,38,12,239.29,2.0,2814.05,2025-07-30,Paid
2781,2025-07-11,36,41,27,664.81,0.0,17949.87,2025-07-15,Partial
2782,2026-03-07,66,40,9,289.63,0.0,2606.67,2026-03-10,Paid
2783,2026-03-09,16,36,22,590.85,0.0,12998.7,2026-03-12,Overdue
2784,2025-09-20,59,13,17,410.08,0.0,6971.36,2025-09-21,Paid
2785,2026-04-18,48,37,10,127.78,0.0,1277.8,2026-04-22,Paid
2786,2026-05-23,66,22,25,1032.12,3.0,25028.91,2026-05-27,Paid
2787,2025-12-05,22,37,14,127.78,2.0,1753.14,2025-12-06,Overdue
2788,2026-01-28,51,2,12,1691.19,7.0,18873.68,2026-01-31,Partial
2789,2025-06-03,21,27,22,1743.53,0.0,38357.66,2025-06-04,Overdue
2790,2026-06-29,12,10,20,1180.68,5.0,22432.92,2026-07-02,Overdue
2791,2025-06-14,50,45,24,1546.51,2.0,36373.92,2025-06-18,Paid
2792,2025-08-22,44,35,16,683.13,2.0,10711.48,2025-08-23,Overdue
2793,2025-07-22,17,40,21,289.63,3.0,5899.76,2025-07-26,Paid
2794,2025-06-06,19,42,9,644.47,0.0,5800.23,2025-06-08,Partial
2795,2026-01-09,63,4,27,1306.68,0.0,35280.36,2026-01-12,Overdue
2796,2026-01-23,46,1,8,312.72,0.0,2501.76,2026-01-27,Paid
2797,2025-07-30,26,40,20,289.63,5.0,5502.97,2025-08-02,Paid
2798,2026-02-10,62,18,16,1285.87,0.0,20573.92,2026-02-14,Partial
2799,2026-01-19,32,15,15,148.05,7.0,2065.3,2026-01-23,Paid
2800,2026-01-15,29,1,24,312.72,5.0,7130.02,2026-01-19,Paid
2801,2026-04-14,40,42,18,644.47,3.0,11252.45,2026-04-17,Partial
2802,2025-06-24,23,29,7,426.56,3.0,2896.34,2025-06-26,Overdue
2803,2026-07-14,38,10,21,1180.68,5.0,23554.57,2026-07-15,Partial
2804,2025-12-28,56,44,5,715.24,0.0,3576.2,2026-01-01,Paid
2805,2025-09-26,36,7,19,1787.03,2.0,33274.5,2025-09-28,Overdue
2806,2025-06-24,7,36,26,590.85,2.0,15054.86,2025-06-26,Overdue
2807,2026-02-08,70,7,12,1787.03,5.0,20372.14,2026-02-09,Paid
2808,2025-06-30,41,15,13,148.05,5.0,1828.42,2025-07-02,Overdue
2809,2025-08-12,52,29,9,426.56,2.0,3762.26,2025-08-16,Partial
2810,2025-09-01,17,15,9,148.05,5.0,1265.83,2025-09-04,Paid
2811,2026-04-22,69,4,23,1306.68,7.0,27949.89,2026-04-23,Paid
2812,2025-07-21,27,18,6,1285.87,3.0,7483.76,2025-07-24,Paid
2813,2025-06-07,45,36,10,590.85,7.0,5494.9,2025-06-10,Paid
2814,2025-07-03,57,5,10,1898.46,3.0,18415.06,2025-07-04,Paid
2815,2026-03-10,21,45,11,1546.51,0.0,17011.61,2026-03-14,Paid
2816,2025-07-10,5,35,12,683.13,5.0,7787.68,2025-07-14,Paid
2817,2026-02-22,38,7,11,1787.03,5.0,18674.46,2026-02-25,Paid
2818,2026-02-18,47,26,19,965.84,3.0,17800.43,2026-02-22,Overdue
2819,2025-05-23,45,12,21,1973.12,2.0,40606.81,2025-05-25,Paid
2820,2025-06-17,52,16,12,1370.49,3.0,15952.5,2025-06-21,Paid
2821,2026-01-05,68,29,13,426.56,3.0,5378.92,2026-01-07,Paid
2822,2026-03-25,24,12,15,1973.12,0.0,29596.8,2026-03-26,Overdue
2823,2025-08-22,50,7,18,1787.03,2.0,31523.21,2025-08-25,Overdue
2824,2026-07-18,67,34,22,376.49,3.0,8034.3,2026-07-20,Paid
2825,2025-10-03,42,7,15,1787.03,3.0,26001.29,2025-10-06,Paid
2826,2025-08-18,15,1,24,312.72,0.0,7505.28,2025-08-22,Overdue
2827,2025-06-29,21,7,11,1787.03,2.0,19264.18,2025-07-02,Paid
2828,2026-01-21,28,13,6,410.08,5.0,2337.46,2026-01-22,Paid
2829,2025-08-07,70,20,7,768.72,2.0,5273.42,2025-08-10,Paid
2830,2026-01-22,4,1,23,312.72,0.0,7192.56,2026-01-23,Paid
2831,2026-06-18,34,31,13,297.43,3.0,3750.59,2026-06-21,Paid
2832,2026-07-06,53,31,25,297.43,2.0,7287.03,2026-07-10,Partial
2833,2026-01-12,54,3,27,345.6,0.0,9331.2,2026-01-15,Paid
2834,2026-07-04,66,23,13,211.88,5.0,2616.72,2026-07-08,Paid
2835,2026-07-27,34,16,20,1370.49,2.0,26861.6,2026-07-31,Overdue
2836,2026-02-21,52,32,23,730.3,0.0,16796.9,2026-02-22,Overdue
2837,2026-01-11,47,17,13,747.54,3.0,9426.48,2026-01-14,Paid
2838,2026-07-01,52,33,23,1777.66,3.0,39659.59,2026-07-03,Paid
2839,2026-06-01,34,10,13,1180.68,0.0,15348.84,2026-06-05,Paid
2840,2025-11-16,32,19,18,1770.9,0.0,31876.2,2025-11-18,Paid
2841,2025-06-10,27,10,8,1180.68,5.0,8973.17,2025-06-14,Paid
2842,2026-01-19,41,43,13,520.68,0.0,6768.84,2026-01-20,Paid
2843,2025-08-23,48,3,11,345.6,5.0,3611.52,2025-08-26,Partial
2844,2025-12-17,68,38,18,239.29,2.0,4221.08,2025-12-20,Paid
2845,2025-11-26,22,21,20,950.93,0.0,19018.6,2025-11-27,Partial
2846,2025-06-24,42,45,6,1546.51,5.0,8815.11,2025-06-25,Partial
2847,2025-08-30,61,29,11,426.56,0.0,4692.16,2025-09-01,Partial
2848,2026-01-09,2,25,23,1589.47,3.0,35461.08,2026-01-11,Partial
2849,2026-03-30,37,39,9,1675.12,5.0,14322.28,2026-04-02,Partial
2850,2025-11-11,15,14,13,1010.26,0.0,13133.38,2025-11-12,Partial
2851,2025-11-26,21,13,20,410.08,5.0,7791.52,2025-11-30,Partial
2852,2026-07-19,68,2,9,1691.19,5.0,14459.67,2026-07-21,Paid
2853,2026-05-29,66,28,12,864.2,5.0,9851.88,2026-05-31,Partial
2854,2026-06-02,14,17,9,747.54,2.0,6593.3,2026-06-05,Partial
2855,2025-09-28,61,29,8,426.56,0.0,3412.48,2025-10-01,Partial
2856,2026-06-29,61,13,19,410.08,2.0,7635.69,2026-07-01,Paid
2857,2025-05-30,68,21,5,950.93,3.0,4612.01,2025-06-01,Partial
2858,2025-05-10,42,15,10,148.05,7.0,1376.87,2025-05-14,Paid
2859,2026-01-16,48,19,11,1770.9,5.0,18505.9,2026-01-18,Paid
2860,2026-06-08,42,16,10,1370.49,7.0,12745.56,2026-06-12,Paid
2861,2025-10-16,41,38,15,239.29,5.0,3409.88,2025-10-17,Paid
2862,2026-04-09,15,30,8,1771.57,5.0,13463.93,2026-04-12,Paid
2863,2025-10-04,3,18,17,1285.87,0.0,21859.79,2025-10-07,Paid
2864,2025-12-24,10,38,7,239.29,2.0,1641.53,2025-12-26,Overdue
2865,2025-07-26,30,33,12,1777.66,0.0,21331.92,2025-07-27,Overdue
2866,2025-10-19,34,41,17,664.81,2.0,11075.73,2025-10-20,Overdue
2867,2026-07-26,6,33,13,1777.66,0.0,23109.58,2026-07-27,Paid
2868,2026-01-11,31,20,25,768.72,3.0,18641.46,2026-01-15,Paid
2869,2026-07-04,61,39,27,1675.12,2.0,44323.68,2026-07-06,Overdue
2870,2025-10-23,31,27,15,1743.53,5.0,24845.3,2025-10-27,Paid
2871,2025-10-05,69,36,26,590.85,2.0,15054.86,2025-10-08,Overdue
2872,2025-08-02,25,40,23,289.63,0.0,6661.49,2025-08-06,Paid
2873,2026-03-01,67,23,22,211.88,5.0,4428.29,2026-03-03,Paid
2874,2025-10-04,17,12,8,1973.12,0.0,15784.96,2025-10-06,Partial
2875,2026-03-29,51,25,18,1589.47,7.0,26607.73,2026-04-02,Overdue
2876,2025-11-24,52,45,25,1546.51,3.0,37502.87,2025-11-26,Partial
2877,2025-07-12,56,43,16,520.68,3.0,8080.95,2025-07-13,Partial
2878,2025-10-15,36,12,25,1973.12,2.0,48341.44,2025-10-19,Paid
2879,2026-01-28,61,1,5,312.72,5.0,1485.42,2026-01-29,Partial
2880,2026-05-22,42,8,24,642.71,0.0,15425.04,2026-05-26,Overdue
2881,2026-04-06,53,2,21,1691.19,0.0,35514.99,2026-04-08,Partial
2882,2026-05-06,70,28,14,864.2,2.0,11856.82,2026-05-07,Paid
2883,2025-10-03,24,33,5,1777.66,2.0,8710.53,2025-10-04,Paid
2884,2025-06-19,28,22,13,1032.12,0.0,13417.56,2025-06-21,Overdue
2885,2025-12-27,39,17,20,747.54,3.0,14502.28,2025-12-29,Paid
2886,2026-05-15,27,18,14,1285.87,0.0,18002.18,2026-05-18,Paid
2887,2026-07-31,27,28,11,864.2,3.0,9221.01,2026-08-02,Paid
2888,2026-03-30,22,21,21,950.93,7.0,18571.66,2026-04-02,Paid
2889,2025-06-29,29,35,20,683.13,7.0,12706.22,2025-07-01,Paid
2890,2025-12-21,44,1,22,312.72,3.0,6673.44,2025-12-24,Paid
2891,2026-03-01,22,27,8,1743.53,5.0,13250.83,2026-03-05,Overdue
2892,2026-05-10,2,40,11,289.63,2.0,3122.21,2026-05-12,Paid
2893,2025-09-07,28,37,27,127.78,2.0,3381.06,2025-09-08,Overdue
2894,2026-06-03,49,15,27,148.05,5.0,3797.48,2026-06-06,Overdue
2895,2025-07-28,43,35,13,683.13,3.0,8614.27,2025-07-29,Paid
2896,2026-07-19,35,24,14,1980.55,3.0,26895.87,2026-07-23,Paid
2897,2026-03-01,46,4,7,1306.68,3.0,8872.36,2026-03-03,Paid
2898,2026-01-10,15,8,9,642.71,2.0,5668.7,2026-01-13,Paid
2899,2026-04-22,36,33,6,1777.66,2.0,10452.64,2026-04-23,Paid
2900,2026-03-31,7,31,12,297.43,0.0,3569.16,2026-04-02,Overdue
2901,2025-07-13,43,45,21,1546.51,7.0,30203.34,2025-07-14,Partial
2902,2025-08-22,60,10,20,1180.68,5.0,22432.92,2025-08-26,Paid
2903,2026-03-14,13,35,12,683.13,5.0,7787.68,2026-03-15,Paid
2904,2026-02-04,26,8,24,642.71,0.0,15425.04,2026-02-06,Partial
2905,2026-06-27,15,44,8,715.24,2.0,5607.48,2026-07-01,Partial
2906,2025-06-11,11,17,8,747.54,5.0,5681.3,2025-06-12,Overdue
2907,2026-04-06,8,33,22,1777.66,2.0,38326.35,2026-04-09,Partial
2908,2025-12-09,37,43,24,520.68,2.0,12246.39,2025-12-13,Paid
2909,2025-06-08,25,45,13,1546.51,3.0,19501.49,2025-06-10,Overdue
2910,2025-06-02,68,44,15,715.24,0.0,10728.6,2025-06-06,Partial
2911,2025-07-25,62,25,10,1589.47,2.0,15576.81,2025-07-27,Paid
2912,2025-05-07,3,12,13,1973.12,3.0,24881.04,2025-05-10,Partial
2913,2025-11-25,25,42,9,644.47,0.0,5800.23,2025-11-28,Paid
2914,2025-07-04,57,16,11,1370.49,2.0,14773.88,2025-07-08,Paid
2915,2026-01-23,68,17,5,747.54,3.0,3625.57,2026-01-24,Paid
2916,2025-08-13,13,24,5,1980.55,0.0,9902.75,2025-08-15,Paid
2917,2025-11-19,35,12,24,1973.12,3.0,45934.23,2025-11-21,Paid
2918,2025-09-06,62,6,23,512.21,2.0,11545.21,2025-09-07,Paid
2919,2026-07-24,50,27,25,1743.53,2.0,42716.49,2026-07-25,Paid
2920,2025-10-09,21,40,7,289.63,0.0,2027.41,2025-10-13,Paid
2921,2025-11-05,27,30,24,1771.57,3.0,41242.15,2025-11-09,Paid
2922,2026-03-16,62,16,14,1370.49,2.0,18803.12,2026-03-19,Paid
2923,2026-01-07,33,34,8,376.49,3.0,2921.56,2026-01-09,Overdue
2924,2026-06-23,7,4,22,1306.68,2.0,28172.02,2026-06-27,Paid
2925,2025-08-10,60,14,9,1010.26,5.0,8637.72,2025-08-14,Paid
2926,2025-07-03,53,22,9,1032.12,0.0,9289.08,2025-07-07,Paid
2927,2026-02-24,46,7,24,1787.03,0.0,42888.72,2026-02-27,Paid
2928,2026-06-17,41,7,18,1787.03,2.0,31523.21,2026-06-18,Paid
2929,2026-05-06,12,27,9,1743.53,5.0,14907.18,2026-05-08,Partial
2930,2025-08-21,17,20,11,768.72,0.0,8455.92,2025-08-24,Paid
2931,2026-02-23,44,7,12,1787.03,2.0,21015.47,2026-02-24,Overdue
2932,2025-08-25,35,3,27,345.6,3.0,9051.26,2025-08-26,Paid
2933,2026-07-18,18,5,13,1898.46,5.0,23445.98,2026-07-20,Paid
2934,2026-01-03,11,10,16,1180.68,0.0,18890.88,2026-01-04,Paid
2935,2025-08-17,31,20,27,768.72,3.0,20132.78,2025-08-18,Paid
2936,2026-03-23,20,20,20,768.72,7.0,14298.19,2026-03-27,Overdue
2937,2025-11-25,49,14,14,1010.26,0.0,14143.64,2025-11-26,Paid
2938,2026-06-03,49,17,15,747.54,2.0,10988.84,2026-06-04,Overdue
2939,2025-11-06,29,39,26,1675.12,5.0,41375.46,2025-11-10,Partial
2940,2025-11-22,20,25,26,1589.47,5.0,39259.91,2025-11-23,Paid
2941,2026-03-01,70,41,10,664.81,0.0,6648.1,2026-03-05,Partial
2942,2025-11-22,49,4,8,1306.68,7.0,9721.7,2025-11-25,Paid
2943,2026-01-31,28,29,22,426.56,3.0,9102.79,2026-02-01,Paid
2944,2025-08-14,19,29,18,426.56,2.0,7524.52,2025-08-18,Paid
2945,2025-10-07,39,27,16,1743.53,0.0,27896.48,2025-10-08,Paid
2946,2026-04-16,35,40,23,289.63,2.0,6528.26,2026-04-20,Paid
2947,2026-07-12,58,34,16,376.49,2.0,5903.36,2026-07-13,Paid
2948,2025-07-05,20,43,23,520.68,5.0,11376.86,2025-07-09,Paid
2949,2025-09-08,57,26,19,965.84,2.0,17983.94,2025-09-12,Paid
2950,2026-02-03,1,24,19,1980.55,0.0,37630.45,2026-02-06,Partial
2951,2025-07-12,62,25,24,1589.47,5.0,36239.92,2025-07-14,Overdue
2952,2026-01-16,48,22,21,1032.12,7.0,20157.3,2026-01-17,Partial
2953,2026-05-19,48,33,23,1777.66,3.0,39659.59,2026-05-23,Paid
2954,2025-12-22,40,8,6,642.71,2.0,3779.13,2025-12-23,Paid
2955,2026-07-29,59,27,14,1743.53,5.0,23188.95,2026-07-31,Paid
2956,2025-07-18,17,11,25,1345.49,3.0,32628.13,2025-07-21,Paid
2957,2026-01-06,52,29,23,426.56,2.0,9614.66,2026-01-07,Overdue
2958,2025-05-21,3,21,23,950.93,3.0,21215.25,2025-05-24,Overdue
2959,2026-01-09,17,16,5,1370.49,2.0,6715.4,2026-01-10,Overdue
2960,2025-12-11,48,43,10,520.68,5.0,4946.46,2025-12-15,Paid
2961,2026-03-10,61,15,24,148.05,3.0,3446.6,2026-03-13,Paid
2962,2025-11-01,30,39,7,1675.12,2.0,11491.32,2025-11-02,Partial
2963,2025-08-04,35,42,6,644.47,2.0,3789.48,2025-08-06,Overdue
2964,2025-09-06,9,36,13,590.85,3.0,7450.62,2025-09-09,Paid
2965,2026-05-13,23,4,13,1306.68,0.0,16986.84,2026-05-17,Paid
2966,2025-10-02,66,29,19,426.56,2.0,7942.55,2025-10-05,Paid
2967,2025-05-19,39,27,6,1743.53,3.0,10147.34,2025-05-20,Partial
2968,2025-12-11,57,25,7,1589.47,0.0,11126.29,2025-12-14,Paid
2969,2026-05-10,35,18,11,1285.87,0.0,14144.57,2026-05-11,Paid
2970,2025-05-13,27,22,19,1032.12,2.0,19218.07,2025-05-14,Paid
2971,2025-08-14,13,29,14,426.56,0.0,5971.84,2025-08-18,Overdue
2972,2025-05-26,61,22,5,1032.12,3.0,5005.78,2025-05-30,Overdue
2973,2026-01-27,32,3,22,345.6,2.0,7451.14,2026-01-28,Paid
2974,2025-06-11,10,11,7,1345.49,2.0,9230.06,2025-06-13,Paid
2975,2026-07-18,37,6,10,512.21,5.0,4865.99,2026-07-22,Paid
2976,2025-09-05,45,24,9,1980.55,2.0,17468.45,2025-09-07,Partial
2977,2026-03-01,33,3,27,345.6,3.0,9051.26,2026-03-02,Overdue
2978,2025-10-03,32,29,19,426.56,5.0,7699.41,2025-10-05,Paid
2979,2026-04-09,50,23,12,211.88,2.0,2491.71,2026-04-10,Paid
2980,2025-09-20,21,8,5,642.71,5.0,3052.87,2025-09-22,Partial
2981,2025-12-27,18,25,13,1589.47,5.0,19629.95,2025-12-31,Paid
2982,2026-04-28,46,28,21,864.2,7.0,16877.83,2026-05-02,Paid
2983,2026-03-08,45,5,27,1898.46,5.0,48695.5,2026-03-09,Paid
2984,2025-07-02,69,44,10,715.24,0.0,7152.4,2025-07-05,Paid
2985,2026-03-16,57,37,24,127.78,3.0,2974.72,2026-03-17,Paid
2986,2025-08-16,45,42,13,644.47,0.0,8378.11,2025-08-18,Overdue
2987,2026-04-23,35,40,26,289.63,5.0,7153.86,2026-04-27,Partial
2988,2025-07-16,42,18,8,1285.87,0.0,10286.96,2025-07-19,Overdue
2989,2025-05-18,56,9,20,1636.11,0.0,32722.2,2025-05-22,Partial
2990,2026-07-17,39,2,20,1691.19,2.0,33147.32,2026-07-18,Paid
2991,2025-12-11,21,45,24,1546.51,3.0,36002.75,2025-12-14,Paid
2992,2025-10-05,63,45,16,1546.51,3.0,24001.84,2025-10-07,Paid
2993,2025-11-21,55,38,10,239.29,5.0,2273.26,2025-11-23,Paid
2994,2026-02-18,13,13,24,410.08,2.0,9645.08,2026-02-22,Partial
2995,2026-04-07,37,27,26,1743.53,0.0,45331.78,2026-04-09,Overdue
2996,2026-05-12,49,13,14,410.08,0.0,5741.12,2026-05-13,Paid
2997,2026-03-26,14,27,22,1743.53,7.0,35672.62,2026-03-27,Paid
2998,2026-02-04,16,28,27,864.2,2.0,22866.73,2026-02-05,Paid
2999,2025-12-31,48,23,18,211.88,5.0,3623.15,2026-01-01,Partial
3000,2026-04-04,53,21,19,950.93,0.0,18067.67,2026-04-08,Overdue
3001,2025-09-23,42,11,7,1345.49,3.0,9135.88,2025-09-26,Paid
3002,2026-04-29,48,39,7,1675.12,2.0,11491.32,2026-05-02,Overdue
3003,2026-02-23,70,7,20,1787.03,5.0,33953.57,2026-02-26,Overdue
3004,2025-12-31,37,31,6,297.43,2.0,1748.89,2026-01-02,Partial
3005,2025-05-18,44,21,23,950.93,3.0,21215.25,2025-05-22,Paid
3006,2026-06-22,51,20,12,768.72,0.0,9224.64,2026-06-23,Paid
3007,2026-02-18,64,43,7,520.68,2.0,3571.86,2026-02-19,Paid
3008,2026-07-21,44,41,13,664.81,0.0,8642.53,2026-07-23,Overdue
3009,2025-06-02,42,21,5,950.93,5.0,4516.92,2025-06-05,Paid
3010,2026-06-22,61,34,24,376.49,0.0,9035.76,2026-06-25,Overdue
3011,2025-09-04,40,30,13,1771.57,3.0,22339.5,2025-09-07,Paid
3012,2025-10-15,5,42,25,644.47,7.0,14983.93,2025-10-18,Paid
3013,2025-09-25,53,44,13,715.24,7.0,8647.25,2025-09-27,Partial
3014,2026-02-09,9,31,11,297.43,0.0,3271.73,2026-02-13,Partial
3015,2026-07-13,67,14,18,1010.26,0.0,18184.68,2026-07-17,Partial
3016,2025-08-15,29,43,16,520.68,2.0,8164.26,2025-08-17,Paid
3017,2026-03-16,16,12,13,1973.12,0.0,25650.56,2026-03-18,Overdue
3018,2026-05-16,58,9,15,1636.11,5.0,23314.57,2026-05-19,Paid
3019,2026-03-18,39,33,22,1777.66,0.0,39108.52,2026-03-19,Paid
3020,2026-06-08,22,5,24,1898.46,3.0,44196.15,2026-06-10,Partial
3021,2026-04-26,4,45,26,1546.51,0.0,40209.26,2026-04-29,Overdue
3022,2026-02-11,41,38,13,239.29,3.0,3017.45,2026-02-15,Paid
3023,2025-12-01,19,20,12,768.72,2.0,9040.15,2025-12-03,Partial
3024,2026-01-09,61,20,10,768.72,2.0,7533.46,2026-01-10,Overdue
3025,2025-09-26,54,39,10,1675.12,0.0,16751.2,2025-09-27,Paid
3026,2026-04-22,31,13,7,410.08,2.0,2813.15,2026-04-26,Partial
3027,2025-11-28,34,15,11,148.05,0.0,1628.55,2025-11-30,Paid
3028,2026-03-05,30,23,19,211.88,3.0,3904.95,2026-03-08,Paid
3029,2026-07-16,18,11,12,1345.49,3.0,15661.5,2026-07-17,Overdue
3030,2025-07-16,36,38,6,239.29,0.0,1435.74,2025-07-19,Paid
3031,2026-04-28,37,23,7,211.88,5.0,1409.0,2026-05-01,Paid
3032,2025-09-11,40,5,7,1898.46,3.0,12890.54,2025-09-12,Paid
3033,2025-08-14,11,37,5,127.78,2.0,626.12,2025-08-17,Partial
3034,2025-08-14,13,6,21,512.21,3.0,10433.72,2025-08-15,Paid
3035,2025-10-22,51,1,17,312.72,3.0,5156.75,2025-10-24,Paid
3036,2025-11-16,54,16,23,1370.49,0.0,31521.27,2025-11-17,Paid
3037,2026-05-15,3,4,25,1306.68,5.0,31033.65,2026-05-17,Paid
3038,2025-10-28,67,16,6,1370.49,3.0,7976.25,2025-11-01,Partial
3039,2025-11-13,5,31,21,297.43,5.0,5933.73,2025-11-14,Overdue
3040,2025-08-27,5,34,11,376.49,5.0,3934.32,2025-08-28,Paid
3041,2025-11-21,50,25,5,1589.47,5.0,7549.98,2025-11-22,Paid
3042,2026-07-21,27,15,5,148.05,3.0,718.04,2026-07-24,Partial
3043,2026-04-15,48,24,27,1980.55,0.0,53474.85,2026-04-19,Paid
3044,2026-07-17,54,42,11,644.47,5.0,6734.71,2026-07-21,Paid
3045,2026-04-21,17,3,26,345.6,7.0,8356.61,2026-04-23,Paid
3046,2025-06-07,18,15,17,148.05,0.0,2516.85,2025-06-10,Partial
3047,2026-03-29,68,27,12,1743.53,0.0,20922.36,2026-03-30,Paid
3048,2026-04-23,17,30,16,1771.57,2.0,27778.22,2026-04-24,Paid
3049,2025-08-01,22,44,27,715.24,5.0,18345.91,2025-08-04,Partial
3050,2025-09-22,40,45,13,1546.51,3.0,19501.49,2025-09-23,Partial
3051,2025-11-06,69,31,26,297.43,0.0,7733.18,2025-11-10,Paid
3052,2025-05-27,37,17,10,747.54,5.0,7101.63,2025-05-29,Paid
3053,2025-05-10,21,22,8,1032.12,2.0,8091.82,2025-05-14,Paid
3054,2026-07-19,49,42,23,644.47,0.0,14822.81,2026-07-22,Partial
3055,2025-06-18,3,28,15,864.2,5.0,12314.85,2025-06-19,Paid
3056,2026-06-28,61,8,7,642.71,2.0,4408.99,2026-07-01,Partial
3057,2025-11-21,37,41,12,664.81,2.0,7818.17,2025-11-24,Paid
3058,2026-02-08,50,1,5,312.72,7.0,1454.15,2026-02-11,Paid
3059,2025-12-03,9,36,18,590.85,0.0,10635.3,2025-12-05,Paid
3060,2025-08-27,63,22,8,1032.12,3.0,8009.25,2025-08-31,Paid
3061,2026-05-29,18,37,26,127.78,2.0,3255.83,2026-06-02,Paid
3062,2025-08-26,47,16,24,1370.49,0.0,32891.76,2025-08-30,Paid
3063,2025-11-27,65,5,17,1898.46,3.0,31305.61,2025-11-30,Paid
3064,2025-06-22,70,15,13,148.05,0.0,1924.65,2025-06-26,Partial
3065,2026-04-20,54,6,21,512.21,5.0,10218.59,2026-04-24,Paid
3066,2025-10-17,61,5,5,1898.46,2.0,9302.45,2025-10-18,Paid
3067,2026-07-25,38,7,17,1787.03,7.0,28252.94,2026-07-26,Partial
3068,2025-08-27,66,40,18,289.63,0.0,5213.34,2025-08-29,Partial
3069,2026-04-04,32,14,26,1010.26,2.0,25741.42,2026-04-05,Overdue
3070,2025-09-22,28,37,24,127.78,2.0,3005.39,2025-09-24,Paid
3071,2026-03-05,66,16,8,1370.49,3.0,10635.0,2026-03-06,Overdue
3072,2025-12-08,20,12,8,1973.12,3.0,15311.41,2025-12-10,Partial
3073,2025-12-25,31,20,19,768.72,0.0,14605.68,2025-12-29,Partial
3074,2025-10-28,22,19,11,1770.9,3.0,18895.5,2025-11-01,Overdue
3075,2025-12-23,15,38,14,239.29,2.0,3283.06,2025-12-27,Paid
3076,2025-06-10,34,11,5,1345.49,2.0,6592.9,2025-06-11,Paid
3077,2026-01-20,47,12,11,1973.12,0.0,21704.32,2026-01-23,Paid
3078,2025-06-07,16,4,23,1306.68,7.0,27949.89,2025-06-09,Paid
3079,2026-07-03,6,29,16,426.56,2.0,6688.46,2026-07-04,Paid
3080,2026-05-15,63,33,8,1777.66,5.0,13510.22,2026-05-19,Paid
3081,2026-07-16,4,37,10,127.78,0.0,1277.8,2026-07-18,Paid
3082,2026-01-21,11,19,17,1770.9,2.0,29503.19,2026-01-25,Overdue
3083,2025-05-12,32,13,25,410.08,5.0,9739.4,2025-05-15,Overdue
3084,2025-08-26,50,13,18,410.08,7.0,6864.74,2025-08-30,Paid
3085,2026-04-14,2,43,17,520.68,0.0,8851.56,2026-04-17,Paid
3086,2025-10-20,27,12,23,1973.12,0.0,45381.76,2025-10-22,Partial
3087,2025-09-24,38,13,15,410.08,2.0,6028.18,2025-09-25,Paid
3088,2025-09-20,40,1,8,312.72,3.0,2426.71,2025-09-22,Partial
3089,2025-08-01,60,16,8,1370.49,3.0,10635.0,2025-08-05,Paid
3090,2025-11-09,63,32,27,730.3,0.0,19718.1,2025-11-12,Partial
3091,2025-06-23,65,34,22,376.49,0.0,8282.78,2025-06-26,Paid
3092,2026-01-27,10,43,16,520.68,0.0,8330.88,2026-01-30,Paid
3093,2026-04-25,9,40,17,289.63,0.0,4923.71,2026-04-27,Paid
3094,2025-10-21,44,6,13,512.21,3.0,6458.97,2025-10-23,Overdue
3095,2026-06-25,31,14,9,1010.26,0.0,9092.34,2026-06-27,Paid
3096,2025-12-04,2,42,16,644.47,2.0,10105.29,2025-12-05,Partial
3097,2025-09-09,36,5,22,1898.46,2.0,40930.8,2025-09-12,Paid
3098,2026-05-03,49,25,7,1589.47,2.0,10903.76,2026-05-04,Partial
3099,2026-02-21,12,10,23,1180.68,3.0,26340.97,2026-02-25,Paid
3100,2025-09-09,22,32,7,730.3,2.0,5009.86,2025-09-10,Paid
3101,2026-05-27,15,16,24,1370.49,2.0,32233.92,2026-05-30,Paid
3102,2025-12-23,57,9,23,1636.11,2.0,36877.92,2025-12-27,Paid
3103,2025-08-14,39,4,18,1306.68,5.0,22344.23,2025-08-17,Overdue
3104,2025-11-05,31,12,25,1973.12,2.0,48341.44,2025-11-06,Partial
3105,2026-05-24,44,22,14,1032.12,7.0,13438.2,2026-05-25,Paid
3106,2026-04-30,2,16,15,1370.49,3.0,19940.63,2026-05-04,Overdue
3107,2026-03-24,55,34,9,376.49,7.0,3151.22,2026-03-28,Partial
3108,2026-07-11,11,9,14,1636.11,2.0,22447.43,2026-07-12,Partial
3109,2025-07-13,18,34,11,376.49,5.0,3934.32,2025-07-14,Overdue
3110,2025-06-09,10,24,14,1980.55,3.0,26895.87,2025-06-10,Paid
3111,2025-09-24,53,5,26,1898.46,3.0,47879.16,2025-09-28,Partial
3112,2025-12-29,46,4,15,1306.68,0.0,19600.2,2026-01-02,Paid
3113,2025-12-31,56,36,21,590.85,3.0,12035.61,2026-01-02,Paid
3114,2026-04-04,20,11,5,1345.49,0.0,6727.45,2026-04-08,Partial
3115,2026-01-29,18,27,21,1743.53,0.0,36614.13,2026-02-01,Overdue
3116,2025-08-12,25,3,14,345.6,2.0,4741.63,2025-08-15,Paid
3117,2025-05-14,9,9,25,1636.11,5.0,38857.61,2025-05-17,Paid
3118,2025-07-08,58,12,25,1973.12,0.0,49328.0,2025-07-10,Partial
3119,2025-11-19,51,40,23,289.63,0.0,6661.49,2025-11-21,Paid
3120,2026-04-30,52,3,20,345.6,0.0,6912.0,2026-05-04,Paid
3121,2026-04-18,15,7,14,1787.03,2.0,24518.05,2026-04-21,Paid
3122,2025-12-29,3,27,22,1743.53,3.0,37206.93,2026-01-01,Partial
3123,2025-12-04,19,35,23,683.13,3.0,15240.63,2025-12-08,Paid
3124,2025-08-18,24,28,6,864.2,2.0,5081.5,2025-08-21,Overdue
3125,2026-01-14,38,30,5,1771.57,2.0,8680.69,2026-01-15,Partial
3126,2025-11-16,1,4,12,1306.68,0.0,15680.16,2025-11-18,Paid
3127,2026-04-29,59,6,10,512.21,3.0,4968.44,2026-04-30,Partial
3128,2025-12-12,36,6,25,512.21,2.0,12549.15,2025-12-14,Overdue
3129,2026-02-01,26,24,23,1980.55,3.0,44186.07,2026-02-04,Partial
3130,2025-10-30,38,44,14,715.24,3.0,9712.96,2025-11-02,Paid
3131,2025-08-10,48,22,17,1032.12,0.0,17546.04,2025-08-11,Partial
3132,2026-04-13,51,39,9,1675.12,3.0,14623.8,2026-04-16,Paid
3133,2026-03-06,34,4,23,1306.68,7.0,27949.89,2026-03-07,Paid
3134,2026-04-12,42,1,7,312.72,0.0,2189.04,2026-04-16,Partial
3135,2026-01-21,67,38,26,239.29,7.0,5786.03,2026-01-25,Paid
3136,2026-06-11,40,33,14,1777.66,5.0,23642.88,2026-06-14,Partial
3137,2026-07-24,34,7,13,1787.03,2.0,22766.76,2026-07-28,Partial
3138,2026-06-24,1,15,22,148.05,0.0,3257.1,2026-06-28,Paid
3139,2025-10-25,32,37,7,127.78,5.0,849.74,2025-10-28,Overdue
3140,2025-07-13,59,34,26,376.49,5.0,9299.3,2025-07-17,Partial
3141,2026-06-01,69,10,12,1180.68,3.0,13743.12,2026-06-04,Overdue
3142,2025-08-18,56,34,20,376.49,7.0,7002.71,2025-08-21,Partial
3143,2025-08-22,39,37,27,127.78,2.0,3381.06,2025-08-23,Partial
3144,2025-10-03,59,11,13,1345.49,2.0,17141.54,2025-10-04,Partial
3145,2025-12-20,62,25,8,1589.47,0.0,12715.76,2025-12-21,Paid
3146,2025-08-13,56,18,16,1285.87,0.0,20573.92,2025-08-16,Overdue
3147,2026-07-27,23,17,18,747.54,7.0,12513.82,2026-07-31,Paid
3148,2025-10-30,22,14,23,1010.26,5.0,22074.18,2025-11-02,Paid
3149,2026-06-03,60,33,27,1777.66,5.0,45596.98,2026-06-05,Partial
3150,2025-08-19,20,33,21,1777.66,0.0,37330.86,2025-08-22,Partial
3151,2026-03-01,60,10,20,1180.68,2.0,23141.33,2026-03-04,Partial
3152,2026-01-12,25,15,12,148.05,0.0,1776.6,2026-01-16,Paid
3153,2025-05-18,63,33,7,1777.66,3.0,12070.31,2025-05-21,Paid
3154,2026-02-22,16,27,24,1743.53,7.0,38915.59,2026-02-26,Partial
3155,2025-06-07,38,4,24,1306.68,3.0,30419.51,2025-06-08,Paid
3156,2026-06-10,50,45,26,1546.51,2.0,39405.07,2026-06-13,Overdue
3157,2026-04-21,34,19,27,1770.9,3.0,46379.87,2026-04-22,Overdue
3158,2026-04-01,19,10,5,1180.68,0.0,5903.4,2026-04-03,Paid
3159,2026-07-24,43,15,26,148.05,3.0,3733.82,2026-07-27,Paid
3160,2025-08-30,12,30,7,1771.57,0.0,12400.99,2025-09-03,Paid
3161,2026-03-24,57,5,22,1898.46,5.0,39677.81,2026-03-28,Paid
3162,2026-05-01,13,23,5,211.88,7.0,985.24,2026-05-02,Paid
3163,2025-10-29,3,12,10,1973.12,2.0,19336.58,2025-10-31,Paid
3164,2026-03-10,36,39,7,1675.12,0.0,11725.84,2026-03-14,Overdue
3165,2025-05-30,59,32,8,730.3,3.0,5667.13,2025-06-03,Paid
3166,2025-07-02,51,5,27,1898.46,3.0,49720.67,2025-07-03,Paid
3167,2025-08-02,63,37,21,127.78,5.0,2549.21,2025-08-05,Paid
3168,2026-01-23,35,27,18,1743.53,2.0,30755.87,2026-01-26,Paid
3169,2025-10-20,11,43,27,520.68,0.0,14058.36,2025-10-21,Partial
3170,2025-09-18,15,38,5,239.29,2.0,1172.52,2025-09-20,Overdue
3171,2026-03-29,2,37,12,127.78,5.0,1456.69,2026-03-30,Partial
3172,2026-01-02,53,36,5,590.85,0.0,2954.25,2026-01-03,Overdue
3173,2025-06-13,49,28,17,864.2,3.0,14250.66,2025-06-16,Overdue
3174,2026-06-14,3,17,19,747.54,7.0,13209.03,2026-06-18,Paid
3175,2026-03-24,4,29,18,426.56,7.0,7140.61,2026-03-25,Overdue
3176,2025-10-16,13,3,17,345.6,2.0,5757.7,2025-10-17,Partial
3177,2026-05-18,33,23,14,211.88,3.0,2877.33,2026-05-22,Overdue
3178,2026-06-23,58,22,10,1032.12,0.0,10321.2,2026-06-26,Overdue
3179,2026-06-03,45,28,9,864.2,2.0,7622.24,2026-06-06,Paid
3180,2025-06-11,55,9,10,1636.11,0.0,16361.1,2025-06-14,Paid
3181,2025-09-30,59,16,25,1370.49,2.0,33577.0,2025-10-03,Paid
3182,2025-10-31,7,27,18,1743.53,5.0,29814.36,2025-11-01,Partial
3183,2026-07-07,68,37,20,127.78,2.0,2504.49,2026-07-10,Paid
3184,2026-04-20,56,42,16,644.47,5.0,9795.94,2026-04-23,Overdue
3185,2025-05-23,7,23,12,211.88,3.0,2466.28,2025-05-27,Paid
3186,2026-07-24,51,26,19,965.84,0.0,18350.96,2026-07-26,Overdue
3187,2025-12-01,70,43,18,520.68,2.0,9184.8,2025-12-04,Overdue
3188,2026-06-01,30,3,9,345.6,3.0,3017.09,2026-06-05,Paid
3189,2026-06-07,61,26,20,965.84,5.0,18350.96,2026-06-10,Paid
3190,2026-06-01,51,36,20,590.85,2.0,11580.66,2026-06-04,Paid
3191,2025-06-19,61,23,24,211.88,2.0,4983.42,2025-06-22,Paid
3192,2025-11-16,40,14,6,1010.26,2.0,5940.33,2025-11-17,Paid
3193,2026-07-16,69,14,19,1010.26,2.0,18811.04,2026-07-18,Paid
3194,2026-02-21,12,34,16,376.49,2.0,5903.36,2026-02-25,Paid
3195,2026-02-01,9,7,11,1787.03,5.0,18674.46,2026-02-03,Paid
3196,2025-07-07,35,15,19,148.05,2.0,2756.69,2025-07-10,Paid
3197,2026-02-18,44,27,24,1743.53,0.0,41844.72,2026-02-20,Partial
3198,2025-05-31,60,8,24,642.71,0.0,15425.04,2025-06-01,Partial
3199,2025-12-03,62,18,14,1285.87,0.0,18002.18,2025-12-05,Paid
3200,2025-06-10,38,10,27,1180.68,5.0,30284.44,2025-06-12,Partial
3201,2025-12-17,60,7,8,1787.03,5.0,13581.43,2025-12-21,Paid
3202,2026-07-30,44,9,27,1636.11,3.0,42849.72,2026-08-02,Partial
3203,2025-11-05,60,17,9,747.54,2.0,6593.3,2025-11-06,Paid
3204,2026-01-21,48,26,14,965.84,3.0,13116.11,2026-01-22,Paid
3205,2025-05-04,49,41,26,664.81,7.0,16075.11,2025-05-08,Partial
3206,2026-04-16,40,15,18,148.05,2.0,2611.6,2026-04-17,Paid
3207,2025-10-22,45,44,26,715.24,0.0,18596.24,2025-10-26,Paid
3208,2025-11-30,1,33,17,1777.66,0.0,30220.22,2025-12-03,Paid
3209,2025-09-07,50,16,6,1370.49,0.0,8222.94,2025-09-10,Paid
3210,2026-07-07,21,39,26,1675.12,0.0,43553.12,2026-07-08,Paid
3211,2025-10-20,38,13,21,410.08,0.0,8611.68,2025-10-24,Paid
3212,2026-05-09,3,30,18,1771.57,5.0,30293.85,2026-05-11,Partial
3213,2025-12-18,59,14,21,1010.26,2.0,20791.15,2025-12-21,Paid
3214,2025-07-28,65,30,13,1771.57,0.0,23030.41,2025-07-30,Paid
3215,2026-03-10,36,24,22,1980.55,2.0,42700.66,2026-03-12,Paid
3216,2026-03-25,15,37,10,127.78,2.0,1252.24,2026-03-29,Paid
3217,2025-09-16,52,21,18,950.93,3.0,16603.24,2025-09-20,Paid
3218,2026-05-25,11,41,16,664.81,0.0,10636.96,2026-05-27,Paid
3219,2025-07-22,14,5,22,1898.46,3.0,40513.14,2025-07-26,Overdue
3220,2026-05-07,2,22,6,1032.12,7.0,5759.23,2026-05-10,Paid
3221,2025-08-05,21,20,16,768.72,2.0,12053.53,2025-08-09,Partial
3222,2026-03-20,3,9,16,1636.11,0.0,26177.76,2026-03-21,Paid
3223,2026-07-11,16,32,23,730.3,2.0,16460.96,2026-07-15,Overdue
3224,2025-06-09,9,44,5,715.24,2.0,3504.68,2025-06-12,Partial
3225,2026-06-20,9,32,10,730.3,7.0,6791.79,2026-06-21,Paid
3226,2025-06-04,3,13,10,410.08,2.0,4018.78,2025-06-08,Paid
3227,2026-02-25,66,20,26,768.72,2.0,19586.99,2026-03-01,Paid
3228,2025-11-03,34,14,15,1010.26,0.0,15153.9,2025-11-04,Partial
3229,2026-05-08,7,33,15,1777.66,0.0,26664.9,2026-05-11,Paid
3230,2025-09-21,11,4,24,1306.68,5.0,29792.3,2025-09-24,Paid
3231,2026-01-13,7,12,16,1973.12,3.0,30622.82,2026-01-16,Paid
3232,2026-04-08,52,18,5,1285.87,5.0,6107.88,2026-04-11,Paid
3233,2025-12-31,54,10,20,1180.68,0.0,23613.6,2026-01-03,Paid
3234,2026-02-05,64,28,16,864.2,0.0,13827.2,2026-02-07,Paid
3235,2025-10-23,67,28,5,864.2,3.0,4191.37,2025-10-25,Partial
3236,2025-05-09,10,14,24,1010.26,0.0,24246.24,2025-05-13,Paid
3237,2025-05-05,68,43,22,520.68,0.0,11454.96,2025-05-07,Paid
3238,2025-07-11,69,29,15,426.56,2.0,6270.43,2025-07-13,Overdue
3239,2026-01-27,42,44,27,715.24,0.0,19311.48,2026-01-30,Paid
3240,2025-12-25,52,33,18,1777.66,3.0,31037.94,2025-12-28,Overdue
3241,2025-09-16,11,18,23,1285.87,0.0,29575.01,2025-09-20,Paid
3242,2025-09-26,70,27,5,1743.53,2.0,8543.3,2025-09-28,Paid
3243,2025-08-03,10,45,9,1546.51,0.0,13918.59,2025-08-07,Overdue
3244,2026-04-05,65,44,21,715.24,3.0,14569.44,2026-04-06,Paid
3245,2025-07-01,14,12,20,1973.12,3.0,38278.53,2025-07-05,Overdue
3246,2025-11-08,25,21,13,950.93,0.0,12362.09,2025-11-09,Paid
3247,2025-09-09,68,37,14,127.78,3.0,1735.25,2025-09-11,Partial
3248,2026-05-05,69,8,6,642.71,2.0,3779.13,2026-05-08,Paid
3249,2025-07-14,31,45,20,1546.51,7.0,28765.09,2025-07-17,Partial
3250,2025-06-25,63,25,7,1589.47,3.0,10792.5,2025-06-29,Paid
3251,2025-09-20,31,28,7,864.2,2.0,5928.41,2025-09-24,Paid
3252,2025-11-11,32,14,27,1010.26,2.0,26731.48,2025-11-12,Paid
3253,2026-03-20,22,2,22,1691.19,2.0,36462.06,2026-03-24,Paid
3254,2026-07-27,63,9,26,1636.11,7.0,39561.14,2026-07-30,Paid
3255,2025-10-30,51,18,26,1285.87,2.0,32763.97,2025-11-02,Partial
3256,2026-07-26,26,18,24,1285.87,0.0,30860.88,2026-07-27,Paid
3257,2025-06-04,44,43,5,520.68,3.0,2525.3,2025-06-07,Paid
3258,2025-05-30,66,36,5,590.85,0.0,2954.25,2025-06-03,Paid
3259,2025-05-05,22,20,15,768.72,5.0,10954.26,2025-05-09,Paid
3260,2025-07-03,25,27,12,1743.53,0.0,20922.36,2025-07-04,Paid
3261,2026-04-02,2,26,23,965.84,2.0,21770.03,2026-04-05,Partial
3262,2025-05-16,69,29,17,426.56,2.0,7106.49,2025-05-19,Partial
3263,2026-03-29,29,1,14,312.72,0.0,4378.08,2026-04-02,Paid
3264,2026-03-16,70,13,24,410.08,0.0,9841.92,2026-03-18,Partial
3265,2025-08-22,44,20,15,768.72,3.0,11184.88,2025-08-26,Paid
3266,2026-06-04,18,6,8,512.21,0.0,4097.68,2026-06-05,Paid
3267,2026-04-20,4,28,12,864.2,0.0,10370.4,2026-04-21,Overdue
3268,2025-10-02,21,36,25,590.85,0.0,14771.25,2025-10-06,Paid
3269,2026-06-26,15,34,20,376.49,3.0,7303.91,2026-06-30,Paid
3270,2026-07-15,19,8,12,642.71,0.0,7712.52,2026-07-18,Paid
3271,2025-12-07,62,39,16,1675.12,5.0,25461.82,2025-12-09,Partial
3272,2026-03-11,70,9,23,1636.11,3.0,36501.61,2026-03-12,Partial
3273,2026-04-09,53,38,21,239.29,0.0,5025.09,2026-04-11,Paid
3274,2025-07-06,9,21,19,950.93,0.0,18067.67,2025-07-09,Paid
3275,2026-01-01,17,43,11,520.68,3.0,5555.66,2026-01-04,Overdue
3276,2026-01-12,9,20,27,768.72,5.0,19717.67,2026-01-15,Overdue
3277,2025-09-29,43,37,15,127.78,3.0,1859.2,2025-10-03,Partial
3278,2025-12-02,14,14,7,1010.26,0.0,7071.82,2025-12-03,Partial
3279,2025-08-19,55,43,12,520.68,7.0,5810.79,2025-08-22,Paid
3280,2025-05-07,25,9,22,1636.11,3.0,34914.59,2025-05-11,Paid
3281,2025-08-28,7,24,5,1980.55,7.0,9209.56,2025-08-29,Partial
3282,2026-04-23,62,2,24,1691.19,5.0,38559.13,2026-04-25,Overdue
3283,2025-10-15,14,14,14,1010.26,5.0,13436.46,2025-10-16,Partial
3284,2025-05-04,68,27,20,1743.53,5.0,33127.07,2025-05-06,Paid
3285,2026-06-30,7,24,19,1980.55,3.0,36501.54,2026-07-04,Paid
3286,2026-04-06,53,26,8,965.84,3.0,7494.92,2026-04-07,Paid
3287,2026-03-06,10,33,25,1777.66,3.0,43108.25,2026-03-08,Paid
3288,2025-08-23,15,45,22,1546.51,5.0,32322.06,2025-08-25,Overdue
3289,2025-11-17,22,27,26,1743.53,3.0,43971.83,2025-11-21,Paid
3290,2026-03-01,28,37,11,127.78,0.0,1405.58,2026-03-04,Partial
3291,2025-10-01,11,6,22,512.21,3.0,10930.56,2025-10-05,Paid
3292,2025-06-29,22,16,12,1370.49,2.0,16116.96,2025-07-02,Paid
3293,2026-04-05,32,29,12,426.56,2.0,5016.35,2026-04-07,Partial
3294,2025-09-29,59,32,5,730.3,7.0,3395.89,2025-10-01,Paid
3295,2025-05-24,28,12,8,1973.12,3.0,15311.41,2025-05-26,Paid
3296,2026-05-28,21,5,5,1898.46,0.0,9492.3,2026-05-29,Partial
3297,2025-06-04,36,35,19,683.13,0.0,12979.47,2025-06-05,Paid
3298,2026-04-06,70,42,26,644.47,2.0,16421.1,2026-04-10,Paid
3299,2026-04-29,37,10,9,1180.68,7.0,9882.29,2026-04-30,Overdue
3300,2025-08-23,11,7,23,1787.03,2.0,40279.66,2025-08-24,Paid
3301,2025-09-26,21,2,22,1691.19,0.0,37206.18,2025-09-28,Paid
3302,2025-09-17,19,32,25,730.3,5.0,17344.62,2025-09-20,Paid
3303,2026-04-13,48,34,19,376.49,2.0,7010.24,2026-04-14,Paid
3304,2025-07-16,25,15,12,148.05,5.0,1687.77,2025-07-17,Overdue
3305,2025-07-25,31,43,8,520.68,0.0,4165.44,2025-07-28,Paid
3306,2025-08-17,27,2,14,1691.19,2.0,23203.13,2025-08-18,Paid
3307,2025-07-28,32,7,23,1787.03,3.0,39868.64,2025-07-30,Partial
3308,2026-06-15,45,14,7,1010.26,0.0,7071.82,2026-06-16,Paid
3309,2026-01-08,30,38,20,239.29,2.0,4690.08,2026-01-12,Overdue
3310,2025-09-19,14,38,10,239.29,5.0,2273.26,2025-09-23,Paid
3311,2025-05-25,67,14,26,1010.26,3.0,25478.76,2025-05-26,Paid
3312,2026-01-18,40,31,6,297.43,3.0,1731.04,2026-01-19,Overdue
3313,2026-05-15,37,34,26,376.49,5.0,9299.3,2026-05-18,Paid
3314,2025-05-26,63,38,14,239.29,2.0,3283.06,2025-05-28,Partial
3315,2025-07-28,15,17,13,747.54,2.0,9523.66,2025-07-30,Paid
3316,2026-05-02,16,13,17,410.08,7.0,6483.36,2026-05-05,Paid
3317,2026-05-27,66,26,9,965.84,5.0,8257.93,2026-05-30,Paid
3318,2025-12-26,46,40,12,289.63,3.0,3371.29,2025-12-30,Paid
3319,2026-01-14,56,34,21,376.49,2.0,7748.16,2026-01-15,Paid
3320,2026-05-03,1,18,5,1285.87,5.0,6107.88,2026-05-07,Paid
3321,2026-02-01,62,22,7,1032.12,3.0,7008.09,2026-02-03,Paid
3322,2025-08-15,4,44,19,715.24,3.0,13181.87,2025-08-17,Paid
3323,2026-04-09,54,24,19,1980.55,2.0,36877.84,2026-04-10,Paid
3324,2026-07-27,12,36,16,590.85,3.0,9169.99,2026-07-28,Paid
3325,2025-09-25,69,11,16,1345.49,3.0,20882.0,2025-09-29,Paid
3326,2026-04-21,31,4,9,1306.68,0.0,11760.12,2026-04-24,Paid
3327,2025-12-14,1,25,20,1589.47,0.0,31789.4,2025-12-16,Paid
3328,2025-05-12,64,31,25,297.43,3.0,7212.68,2025-05-15,Partial
3329,2025-09-28,59,40,24,289.63,3.0,6742.59,2025-09-29,Paid
3330,2025-10-29,37,27,18,1743.53,3.0,30442.03,2025-10-31,Paid
3331,2025-11-11,63,11,15,1345.49,0.0,20182.35,2025-11-15,Paid
3332,2025-07-13,69,13,23,410.08,0.0,9431.84,2025-07-15,Paid
3333,2025-06-27,42,43,14,520.68,3.0,7070.83,2025-06-30,Paid
3334,2025-08-18,11,12,5,1973.12,0.0,9865.6,2025-08-20,Paid
3335,2025-06-12,15,40,21,289.63,0.0,6082.23,2025-06-15,Paid
3336,2026-01-06,7,42,6,644.47,3.0,3750.82,2026-01-10,Paid
3337,2025-09-05,5,23,9,211.88,5.0,1811.57,2025-09-06,Paid
3338,2025-08-20,50,30,21,1771.57,0.0,37202.97,2025-08-23,Paid
3339,2026-05-12,52,13,18,410.08,2.0,7233.81,2026-05-16,Overdue
3340,2025-05-14,31,38,8,239.29,3.0,1856.89,2025-05-15,Paid
3341,2026-06-19,24,18,6,1285.87,0.0,7715.22,2026-06-22,Paid
3342,2025-07-19,23,14,10,1010.26,2.0,9900.55,2025-07-22,Paid
3343,2026-04-06,40,24,15,1980.55,2.0,29114.08,2026-04-09,Paid
3344,2026-07-05,15,7,15,1787.03,2.0,26269.34,2026-07-06,Paid
3345,2026-04-11,44,29,16,426.56,3.0,6620.21,2026-04-14,Partial
3346,2025-10-15,16,11,10,1345.49,3.0,13051.25,2025-10-19,Paid
3347,2025-06-27,17,4,16,1306.68,2.0,20488.74,2025-06-28,Paid
3348,2025-10-05,6,11,11,1345.49,3.0,14356.38,2025-10-09,Overdue
3349,2025-07-26,19,23,10,211.88,3.0,2055.24,2025-07-30,Paid
3350,2026-03-12,48,40,19,289.63,0.0,5502.97,2026-03-16,Paid
3351,2025-10-23,39,32,25,730.3,3.0,17709.77,2025-10-25,Partial
3352,2025-12-04,30,21,11,950.93,0.0,10460.23,2025-12-05,Paid
3353,2025-08-03,15,17,14,747.54,0.0,10465.56,2025-08-07,Overdue
3354,2026-07-06,11,42,8,644.47,5.0,4897.97,2026-07-08,Paid
3355,2025-08-30,47,35,20,683.13,5.0,12979.47,2025-09-03,Overdue
3356,2026-02-03,59,7,14,1787.03,0.0,25018.42,2026-02-06,Paid
3357,2025-07-29,40,40,18,289.63,2.0,5109.07,2025-08-01,Paid
3358,2025-09-22,63,30,18,1771.57,2.0,31250.49,2025-09-23,Paid
3359,2025-10-19,9,16,17,1370.49,3.0,22599.38,2025-10-23,Paid
3360,2025-08-28,69,29,6,426.56,0.0,2559.36,2025-08-31,Paid
3361,2025-07-23,44,23,9,211.88,2.0,1868.78,2025-07-24,Partial
3362,2025-10-25,55,31,9,297.43,3.0,2596.56,2025-10-27,Paid
3363,2026-01-14,54,40,18,289.63,0.0,5213.34,2026-01-18,Partial
3364,2025-06-11,26,19,17,1770.9,2.0,29503.19,2025-06-14,Partial
3365,2025-12-09,28,12,11,1973.12,0.0,21704.32,2025-12-11,Paid
3366,2025-05-12,62,15,11,148.05,0.0,1628.55,2025-05-16,Paid
3367,2025-06-04,57,13,17,410.08,0.0,6971.36,2025-06-06,Overdue
3368,2025-05-30,44,24,27,1980.55,0.0,53474.85,2025-06-03,Partial
3369,2026-06-10,51,39,14,1675.12,0.0,23451.68,2026-06-14,Paid
3370,2025-08-04,62,24,24,1980.55,7.0,44205.88,2025-08-08,Paid
3371,2025-08-19,47,44,11,715.24,0.0,7867.64,2025-08-21,Overdue
3372,2026-06-23,11,28,7,864.2,0.0,6049.4,2026-06-26,Partial
3373,2025-06-04,45,23,27,211.88,3.0,5549.14,2025-06-08,Overdue
3374,2026-03-16,58,2,23,1691.19,3.0,37730.45,2026-03-19,Overdue
3375,2025-07-29,69,29,20,426.56,3.0,8275.26,2025-07-31,Paid
3376,2026-04-04,4,8,19,642.71,2.0,11967.26,2026-04-05,Paid
3377,2025-12-23,31,40,10,289.63,5.0,2751.49,2025-12-25,Paid
3378,2026-05-20,14,28,26,864.2,0.0,22469.2,2026-05-22,Overdue
3379,2026-06-30,59,33,8,1777.66,3.0,13794.64,2026-07-01,Overdue
3380,2025-10-26,45,43,7,520.68,0.0,3644.76,2025-10-27,Paid
3381,2025-10-03,46,42,24,644.47,3.0,15003.26,2025-10-07,Paid
3382,2025-07-04,41,33,15,1777.66,3.0,25864.95,2025-07-06,Paid
3383,2026-02-05,27,34,23,376.49,0.0,8659.27,2026-02-07,Paid
3384,2025-07-11,59,37,8,127.78,3.0,991.57,2025-07-15,Partial
3385,2026-07-03,63,24,26,1980.55,2.0,50464.41,2026-07-04,Paid
3386,2025-10-07,57,44,27,715.24,0.0,19311.48,2025-10-11,Partial
3387,2025-11-02,67,36,13,590.85,3.0,7450.62,2025-11-03,Partial
3388,2026-01-20,35,22,13,1032.12,5.0,12746.68,2026-01-24,Paid
3389,2026-04-08,48,29,24,426.56,3.0,9930.32,2026-04-11,Paid
3390,2025-06-07,66,43,13,520.68,3.0,6565.77,2025-06-11,Paid
3391,2026-05-05,13,35,13,683.13,2.0,8703.08,2026-05-08,Partial
3392,2026-03-17,35,37,22,127.78,3.0,2726.83,2026-03-21,Paid
3393,2026-01-24,38,5,16,1898.46,3.0,29464.1,2026-01-28,Paid
3394,2026-06-06,70,26,22,965.84,2.0,20823.51,2026-06-10,Partial
3395,2026-04-25,46,25,13,1589.47,2.0,20249.85,2026-04-27,Paid
3396,2025-10-08,17,26,19,965.84,0.0,18350.96,2025-10-11,Paid
3397,2026-07-26,61,13,22,410.08,2.0,8841.32,2026-07-30,Overdue
3398,2025-12-29,2,39,26,1675.12,3.0,42246.53,2025-12-30,Paid
3399,2025-08-25,22,13,13,410.08,3.0,5171.11,2025-08-28,Partial
3400,2025-06-02,12,38,8,239.29,7.0,1780.32,2025-06-06,Partial
3401,2025-10-22,52,21,19,950.93,0.0,18067.67,2025-10-25,Paid
3402,2025-06-25,29,40,25,289.63,0.0,7240.75,2025-06-29,Paid
3403,2026-06-06,35,17,27,747.54,5.0,19174.4,2026-06-10,Paid
3404,2025-07-12,27,11,13,1345.49,2.0,17141.54,2025-07-16,Paid
3405,2026-02-25,27,2,12,1691.19,2.0,19888.39,2026-03-01,Paid
3406,2026-06-18,13,20,23,768.72,3.0,17150.14,2026-06-21,Paid
3407,2025-09-16,35,25,19,1589.47,5.0,28689.93,2025-09-19,Paid
3408,2026-03-14,67,14,26,1010.26,7.0,24428.09,2026-03-15,Paid
3409,2026-03-29,63,5,25,1898.46,2.0,46512.27,2026-03-30,Paid
3410,2025-11-15,15,37,20,127.78,0.0,2555.6,2025-11-17,Partial
3411,2026-05-20,3,36,27,590.85,3.0,15474.36,2026-05-23,Partial
3412,2026-01-09,13,3,9,345.6,2.0,3048.19,2026-01-11,Paid
3413,2026-02-17,29,17,7,747.54,3.0,5075.8,2026-02-19,Overdue
3414,2025-08-30,56,5,11,1898.46,7.0,19421.25,2025-09-01,Paid
3415,2026-04-02,6,8,22,642.71,3.0,13715.43,2026-04-05,Paid
3416,2026-03-23,29,2,6,1691.19,5.0,9639.78,2026-03-24,Paid
3417,2025-10-07,4,45,10,1546.51,5.0,14691.84,2025-10-11,Paid
3418,2025-07-22,69,45,7,1546.51,2.0,10609.06,2025-07-23,Paid
3419,2026-03-22,17,13,9,410.08,0.0,3690.72,2026-03-24,Paid
3420,2026-01-03,32,6,18,512.21,2.0,9035.38,2026-01-06,Overdue
3421,2026-01-18,48,1,8,312.72,5.0,2376.67,2026-01-21,Partial
3422,2025-07-25,66,8,15,642.71,7.0,8965.8,2025-07-27,Overdue
3423,2025-08-05,25,38,23,239.29,3.0,5338.56,2025-08-08,Paid
3424,2026-07-11,66,9,13,1636.11,2.0,20844.04,2026-07-15,Partial
3425,2025-08-01,68,9,17,1636.11,0.0,27813.87,2025-08-03,Paid
3426,2026-06-18,27,24,24,1980.55,5.0,45156.54,2026-06-22,Paid
3427,2025-11-20,53,16,17,1370.49,0.0,23298.33,2025-11-24,Paid
3428,2025-05-11,52,15,26,148.05,0.0,3849.3,2025-05-12,Paid
3429,2026-05-09,41,34,8,376.49,3.0,2921.56,2026-05-12,Paid
3430,2025-08-11,38,29,5,426.56,7.0,1983.5,2025-08-13,Paid
3431,2026-04-13,38,13,10,410.08,0.0,4100.8,2026-04-15,Paid
3432,2025-05-09,64,41,15,664.81,3.0,9672.99,2025-05-11,Paid
3433,2026-04-16,5,2,12,1691.19,3.0,19685.45,2026-04-19,Partial
3434,2025-09-05,4,12,18,1973.12,3.0,34450.68,2025-09-09,Paid
3435,2025-07-29,45,7,6,1787.03,3.0,10400.51,2025-07-31,Paid
3436,2026-05-03,10,5,19,1898.46,2.0,35349.33,2026-05-06,Paid
3437,2026-01-13,19,4,11,1306.68,2.0,14086.01,2026-01-15,Paid
3438,2025-05-25,65,44,22,715.24,3.0,15263.22,2025-05-26,Partial
3439,2026-04-01,66,12,27,1973.12,7.0,49545.04,2026-04-05,Paid
3440,2025-12-22,47,31,10,297.43,0.0,2974.3,2025-12-25,Paid
3441,2026-01-01,48,19,18,1770.9,5.0,30282.39,2026-01-03,Partial
3442,2025-10-19,21,3,16,345.6,3.0,5363.71,2025-10-20,Paid
3443,2025-11-19,50,5,13,1898.46,5.0,23445.98,2025-11-20,Paid
3444,2025-11-23,34,44,27,715.24,2.0,18925.25,2025-11-27,Paid
3445,2026-05-09,46,38,6,239.29,0.0,1435.74,2026-05-13,Paid
3446,2025-11-08,16,31,18,297.43,3.0,5193.13,2025-11-12,Paid
3447,2026-03-28,31,43,24,520.68,2.0,12246.39,2026-03-29,Paid
3448,2026-05-24,8,4,12,1306.68,2.0,15366.56,2026-05-27,Paid
3449,2025-07-26,29,25,16,1589.47,2.0,24922.89,2025-07-29,Paid
3450,2026-05-17,45,12,14,1973.12,7.0,25690.02,2026-05-20,Paid
3451,2025-05-29,6,28,6,864.2,0.0,5185.2,2025-05-30,Overdue
3452,2025-08-24,42,36,15,590.85,0.0,8862.75,2025-08-28,Partial
3453,2026-01-14,37,32,9,730.3,7.0,6112.61,2026-01-16,Paid
3454,2025-12-04,47,20,15,768.72,7.0,10723.64,2025-12-08,Partial
3455,2026-06-11,61,13,15,410.08,3.0,5966.66,2026-06-13,Paid
3456,2026-03-11,13,33,25,1777.66,5.0,42219.42,2026-03-14,Paid
3457,2025-11-20,51,7,15,1787.03,7.0,24929.07,2025-11-23,Partial
3458,2026-02-07,60,41,17,664.81,5.0,10736.68,2026-02-08,Partial
3459,2025-05-16,4,10,20,1180.68,0.0,23613.6,2025-05-17,Paid
3460,2026-01-28,3,6,9,512.21,3.0,4471.59,2026-01-29,Paid
3461,2026-07-25,21,12,24,1973.12,0.0,47354.88,2026-07-27,Paid
3462,2026-07-09,65,16,16,1370.49,0.0,21927.84,2026-07-13,Partial
3463,2025-10-17,62,26,26,965.84,2.0,24609.6,2025-10-20,Paid
3464,2025-10-15,26,31,23,297.43,2.0,6704.07,2025-10-18,Paid
3465,2025-10-28,54,18,12,1285.87,0.0,15430.44,2025-10-30,Overdue
3466,2025-09-22,42,21,6,950.93,3.0,5534.41,2025-09-25,Partial
3467,2026-01-09,42,30,5,1771.57,0.0,8857.85,2026-01-13,Overdue
3468,2026-04-27,5,44,11,715.24,5.0,7474.26,2026-04-28,Paid
3469,2026-02-04,69,39,26,1675.12,3.0,42246.53,2026-02-05,Paid
3470,2025-12-04,53,29,16,426.56,0.0,6824.96,2025-12-06,Paid
3471,2026-03-07,68,22,11,1032.12,2.0,11126.25,2026-03-09,Paid
3472,2026-06-23,29,1,16,312.72,5.0,4753.34,2026-06-26,Overdue
3473,2025-11-10,57,36,18,590.85,2.0,10422.59,2025-11-12,Paid
3474,2025-11-27,49,22,8,1032.12,3.0,8009.25,2025-11-28,Paid
3475,2026-04-02,38,21,23,950.93,2.0,21433.96,2026-04-04,Partial
3476,2026-03-16,44,33,17,1777.66,5.0,28709.21,2026-03-17,Paid
3477,2026-06-21,46,19,13,1770.9,2.0,22561.27,2026-06-25,Paid
3478,2025-07-02,32,21,17,950.93,7.0,15034.2,2025-07-05,Paid
3479,2025-11-09,39,9,18,1636.11,3.0,28566.48,2025-11-10,Overdue
3480,2025-10-18,29,2,6,1691.19,5.0,9639.78,2025-10-19,Paid
3481,2025-10-13,19,33,18,1777.66,2.0,31357.92,2025-10-15,Paid
3482,2026-01-01,55,15,8,148.05,0.0,1184.4,2026-01-04,Paid
3483,2025-05-18,60,41,11,664.81,3.0,7093.52,2025-05-21,Paid
3484,2025-09-19,69,16,9,1370.49,2.0,12087.72,2025-09-22,Paid
3485,2025-05-15,69,23,7,211.88,5.0,1409.0,2025-05-19,Paid
3486,2025-12-17,48,27,26,1743.53,2.0,44425.14,2025-12-19,Paid
3487,2026-07-23,62,11,12,1345.49,5.0,15338.59,2026-07-27,Partial
3488,2025-08-25,1,9,24,1636.11,2.0,38481.31,2025-08-26,Paid
3489,2026-01-03,13,43,17,520.68,3.0,8586.01,2026-01-07,Paid
3490,2025-07-31,28,19,21,1770.9,3.0,36073.23,2025-08-03,Overdue
3491,2025-10-23,60,28,9,864.2,0.0,7777.8,2025-10-24,Paid
3492,2026-03-20,60,18,15,1285.87,0.0,19288.05,2026-03-22,Paid
3493,2026-07-12,13,31,24,297.43,7.0,6638.64,2026-07-13,Paid
3494,2026-06-22,27,42,20,644.47,0.0,12889.4,2026-06-23,Paid
3495,2025-07-08,54,1,5,312.72,5.0,1485.42,2025-07-12,Partial
3496,2025-12-04,18,36,24,590.85,3.0,13754.99,2025-12-05,Paid
3497,2026-02-17,27,21,7,950.93,2.0,6523.38,2026-02-20,Paid
3498,2026-04-19,36,43,14,520.68,5.0,6925.04,2026-04-23,Partial
3499,2026-05-03,25,32,27,730.3,3.0,19126.56,2026-05-06,Paid
3500,2025-12-25,30,32,26,730.3,3.0,18418.17,2025-12-27,Partial
3501,2025-09-10,24,41,27,664.81,3.0,17411.37,2025-09-12,Paid
3502,2025-11-24,33,7,22,1787.03,0.0,39314.66,2025-11-25,Partial
3503,2025-10-04,3,35,23,683.13,2.0,15397.75,2025-10-07,Partial
3504,2026-02-20,30,23,22,211.88,0.0,4661.36,2026-02-24,Partial
3505,2026-07-30,32,24,24,1980.55,5.0,45156.54,2026-07-31,Paid
3506,2025-05-08,69,21,9,950.93,7.0,7959.28,2025-05-11,Paid
3507,2025-12-02,58,35,13,683.13,2.0,8703.08,2025-12-05,Paid
3508,2026-05-21,38,44,18,715.24,0.0,12874.32,2026-05-22,Overdue
3509,2026-05-05,26,18,13,1285.87,5.0,15880.49,2026-05-07,Paid
3510,2025-12-24,40,34,11,376.49,0.0,4141.39,2025-12-28,Paid
3511,2025-11-05,23,31,17,297.43,0.0,5056.31,2025-11-07,Paid
3512,2025-10-21,70,23,23,211.88,2.0,4775.78,2025-10-25,Paid
3513,2026-07-06,70,7,22,1787.03,5.0,37348.93,2026-07-10,Paid
3514,2025-10-02,60,6,22,512.21,0.0,11268.62,2025-10-04,Paid
3515,2026-01-01,27,19,5,1770.9,3.0,8588.86,2026-01-05,Overdue
3516,2026-07-26,65,15,13,148.05,0.0,1924.65,2026-07-29,Paid
3517,2025-08-01,20,10,18,1180.68,2.0,20827.2,2025-08-04,Paid
3518,2025-08-22,19,43,19,520.68,0.0,9892.92,2025-08-24,Paid
3519,2026-04-03,28,10,27,1180.68,3.0,30922.01,2026-04-05,Paid
3520,2025-08-11,61,24,7,1980.55,0.0,13863.85,2025-08-12,Paid
3521,2025-07-21,40,7,25,1787.03,0.0,44675.75,2025-07-22,Paid
3522,2026-05-09,4,45,11,1546.51,3.0,16501.26,2026-05-12,Paid
3523,2025-09-04,26,14,26,1010.26,3.0,25478.76,2025-09-05,Paid
3524,2025-11-05,39,33,21,1777.66,7.0,34717.7,2025-11-09,Partial
3525,2026-05-13,11,41,8,664.81,0.0,5318.48,2026-05-17,Overdue
3526,2026-02-24,6,37,23,127.78,5.0,2791.99,2026-02-28,Paid
3527,2026-06-20,7,26,7,965.84,0.0,6760.88,2026-06-23,Partial
3528,2025-05-07,63,18,26,1285.87,2.0,32763.97,2025-05-09,Paid
3529,2025-06-01,26,35,16,683.13,3.0,10602.18,2025-06-05,Partial
3530,2025-07-20,47,26,11,965.84,5.0,10093.03,2025-07-23,Paid
3531,2025-08-24,69,39,10,1675.12,3.0,16248.66,2025-08-28,Paid
3532,2025-07-06,54,15,12,148.05,5.0,1687.77,2025-07-10,Paid
3533,2025-07-28,61,22,12,1032.12,0.0,12385.44,2025-07-31,Paid
3534,2025-05-13,50,11,16,1345.49,2.0,21097.28,2025-05-15,Paid
3535,2026-03-21,59,40,27,289.63,3.0,7585.41,2026-03-22,Paid
3536,2026-05-05,47,44,12,715.24,5.0,8153.74,2026-05-09,Paid
3537,2025-11-05,29,18,9,1285.87,5.0,10994.19,2025-11-09,Paid
3538,2025-09-11,36,18,13,1285.87,3.0,16214.82,2025-09-15,Partial
3539,2025-12-19,58,8,21,642.71,0.0,13496.91,2025-12-21,Partial
3540,2025-09-14,1,4,15,1306.68,3.0,19012.19,2025-09-16,Paid
3541,2026-07-04,29,12,18,1973.12,5.0,33740.35,2026-07-08,Partial
3542,2025-07-15,18,28,16,864.2,5.0,13135.84,2025-07-17,Paid
3543,2025-08-16,29,14,27,1010.26,2.0,26731.48,2025-08-17,Partial
3544,2025-06-12,21,38,11,239.29,2.0,2579.55,2025-06-13,Paid
3545,2026-02-17,13,17,16,747.54,2.0,11721.43,2026-02-21,Partial
3546,2026-01-20,60,42,19,644.47,0.0,12244.93,2026-01-24,Paid
3547,2025-09-05,36,27,11,1743.53,2.0,18795.25,2025-09-08,Partial
3548,2025-11-13,45,25,10,1589.47,2.0,15576.81,2025-11-16,Paid
3549,2025-12-18,13,15,10,148.05,5.0,1406.47,2025-12-22,Paid
3550,2026-07-02,38,21,18,950.93,0.0,17116.74,2026-07-05,Partial
3551,2025-08-25,58,6,16,512.21,2.0,8031.45,2025-08-29,Paid
3552,2026-05-18,51,26,13,965.84,0.0,12555.92,2026-05-19,Overdue
3553,2025-07-02,65,10,12,1180.68,3.0,13743.12,2025-07-04,Paid
3554,2025-11-13,56,20,19,768.72,0.0,14605.68,2025-11-16,Paid
3555,2025-12-17,26,29,23,426.56,7.0,9124.12,2025-12-18,Paid
3556,2026-05-25,2,36,24,590.85,2.0,13896.79,2026-05-29,Paid
3557,2026-04-15,53,28,25,864.2,2.0,21172.9,2026-04-16,Paid
3558,2026-06-20,55,43,23,520.68,0.0,11975.64,2026-06-23,Paid
3559,2026-04-18,64,3,25,345.6,3.0,8380.8,2026-04-22,Partial
3560,2026-05-30,18,29,10,426.56,5.0,4052.32,2026-05-31,Paid
3561,2026-04-18,5,15,9,148.05,0.0,1332.45,2026-04-22,Paid
3562,2026-02-20,34,21,26,950.93,0.0,24724.18,2026-02-22,Partial
3563,2025-12-30,12,41,13,664.81,0.0,8642.53,2026-01-03,Paid
3564,2026-07-22,34,43,16,520.68,3.0,8080.95,2026-07-23,Paid
3565,2025-05-14,70,8,12,642.71,2.0,7558.27,2025-05-16,Partial
3566,2026-03-05,22,31,27,297.43,2.0,7870.0,2026-03-07,Paid
3567,2026-02-25,66,33,16,1777.66,3.0,27589.28,2026-02-26,Paid
3568,2026-06-05,36,10,24,1180.68,7.0,26352.78,2026-06-09,Partial
3569,2025-06-28,55,32,18,730.3,7.0,12225.22,2025-06-29,Overdue
3570,2026-04-07,59,28,24,864.2,0.0,20740.8,2026-04-10,Paid
3571,2026-04-22,50,39,27,1675.12,0.0,45228.24,2026-04-25,Paid
3572,2025-05-23,19,23,5,211.88,2.0,1038.21,2025-05-24,Overdue
3573,2025-11-23,29,32,26,730.3,5.0,18038.41,2025-11-26,Paid
3574,2025-08-13,5,35,9,683.13,3.0,5963.72,2025-08-17,Paid
3575,2025-08-15,20,3,26,345.6,2.0,8805.89,2025-08-19,Paid
3576,2025-09-26,57,31,15,297.43,5.0,4238.38,2025-09-29,Paid
3577,2025-05-16,19,17,9,747.54,2.0,6593.3,2025-05-20,Partial
3578,2026-07-05,22,45,11,1546.51,2.0,16671.38,2026-07-07,Paid
3579,2026-02-14,53,34,9,376.49,5.0,3218.99,2026-02-17,Paid
3580,2026-07-10,35,30,24,1771.57,5.0,40391.8,2026-07-13,Paid
3581,2026-04-24,35,20,6,768.72,0.0,4612.32,2026-04-28,Paid
3582,2025-07-31,67,8,24,642.71,2.0,15116.54,2025-08-04,Overdue
3583,2025-11-28,37,4,24,1306.68,3.0,30419.51,2025-12-02,Partial
3584,2025-07-14,14,31,14,297.43,7.0,3872.54,2025-07-17,Paid
3585,2025-09-29,4,32,25,730.3,2.0,17892.35,2025-10-03,Paid
3586,2025-05-07,25,5,25,1898.46,0.0,47461.5,2025-05-10,Paid
3587,2026-07-29,33,8,12,642.71,5.0,7326.89,2026-07-30,Partial
3588,2025-07-23,6,44,12,715.24,0.0,8582.88,2025-07-27,Partial
3589,2026-03-31,45,10,7,1180.68,3.0,8016.82,2026-04-04,Overdue
3590,2025-05-20,54,40,9,289.63,7.0,2424.2,2025-05-21,Paid
3591,2025-06-01,37,22,8,1032.12,0.0,8256.96,2025-06-02,Paid
3592,2026-02-02,18,9,11,1636.11,7.0,16737.41,2026-02-03,Paid
3593,2026-03-17,17,30,19,1771.57,3.0,32650.04,2026-03-21,Paid
3594,2025-10-17,23,18,21,1285.87,2.0,26463.2,2025-10-20,Paid
3595,2025-09-26,34,4,22,1306.68,3.0,27884.55,2025-09-28,Paid
3596,2025-06-13,58,6,16,512.21,2.0,8031.45,2025-06-17,Overdue
3597,2026-03-31,47,39,23,1675.12,2.0,37757.2,2026-04-01,Paid
3598,2026-06-18,31,38,15,239.29,2.0,3517.56,2026-06-20,Partial
3599,2026-01-19,22,28,11,864.2,2.0,9316.08,2026-01-21,Partial
3600,2026-06-19,64,13,21,410.08,5.0,8181.1,2026-06-22,Paid
3601,2026-06-04,20,18,22,1285.87,3.0,27440.47,2026-06-06,Paid
3602,2026-04-22,57,21,25,950.93,3.0,23060.05,2026-04-25,Partial
3603,2026-03-30,68,4,25,1306.68,5.0,31033.65,2026-04-03,Paid
3604,2025-12-06,53,13,25,410.08,0.0,10252.0,2025-12-08,Paid
3605,2026-02-15,9,31,27,297.43,0.0,8030.61,2026-02-18,Partial
3606,2025-05-13,59,9,7,1636.11,3.0,11109.19,2025-05-15,Paid
3607,2026-03-25,44,37,24,127.78,2.0,3005.39,2026-03-29,Partial
3608,2026-01-31,69,5,25,1898.46,2.0,46512.27,2026-02-02,Partial
3609,2025-08-17,10,44,25,715.24,2.0,17523.38,2025-08-19,Paid
3610,2026-03-23,66,36,9,590.85,0.0,5317.65,2026-03-25,Partial
3611,2025-11-04,67,33,21,1777.66,0.0,37330.86,2025-11-07,Paid
3612,2025-08-08,40,16,12,1370.49,0.0,16445.88,2025-08-10,Overdue
3613,2025-07-15,41,29,5,426.56,7.0,1983.5,2025-07-17,Partial
3614,2025-12-16,22,8,27,642.71,5.0,16485.51,2025-12-20,Overdue
3615,2025-12-25,20,6,13,512.21,3.0,6458.97,2025-12-27,Paid
3616,2025-08-21,26,29,25,426.56,0.0,10664.0,2025-08-24,Paid
3617,2025-05-25,14,1,8,312.72,5.0,2376.67,2025-05-29,Partial
3618,2026-02-03,26,9,17,1636.11,3.0,26979.45,2026-02-04,Paid
3619,2025-05-14,38,28,16,864.2,0.0,13827.2,2025-05-15,Paid
3620,2025-07-05,16,30,24,1771.57,5.0,40391.8,2025-07-08,Paid
3621,2025-12-24,34,43,22,520.68,0.0,11454.96,2025-12-25,Paid
3622,2025-07-05,32,11,17,1345.49,3.0,22187.13,2025-07-09,Paid
3623,2025-09-28,1,27,6,1743.53,2.0,10251.96,2025-10-01,Partial
3624,2026-03-01,68,26,9,965.84,5.0,8257.93,2026-03-02,Paid
3625,2025-10-16,62,37,26,127.78,3.0,3222.61,2025-10-17,Paid
3626,2025-11-27,12,23,9,211.88,0.0,1906.92,2025-11-29,Paid
3627,2025-11-03,46,17,7,747.54,2.0,5128.12,2025-11-07,Overdue
3628,2026-03-12,8,22,11,1032.12,5.0,10785.65,2026-03-16,Paid
3629,2026-06-27,50,31,25,297.43,0.0,7435.75,2026-06-28,Paid
3630,2026-05-15,43,22,20,1032.12,0.0,20642.4,2026-05-17,Partial
3631,2026-01-28,53,44,7,715.24,5.0,4756.35,2026-01-30,Paid
3632,2025-11-28,34,43,24,520.68,2.0,12246.39,2025-11-29,Paid
3633,2026-05-08,36,38,26,239.29,3.0,6034.89,2026-05-09,Partial
3634,2026-04-08,54,28,19,864.2,7.0,15270.41,2026-04-10,Paid
3635,2026-04-30,50,30,25,1771.57,3.0,42960.57,2026-05-02,Paid
3636,2026-05-24,29,33,12,1777.66,2.0,20905.28,2026-05-25,Paid
3637,2026-07-05,12,16,20,1370.49,5.0,26039.31,2026-07-08,Paid
3638,2026-01-14,29,34,18,376.49,0.0,6776.82,2026-01-15,Overdue
3639,2025-05-28,54,29,12,426.56,2.0,5016.35,2025-06-01,Partial
3640,2025-10-04,23,42,15,644.47,0.0,9667.05,2025-10-07,Paid
3641,2026-05-20,65,22,20,1032.12,7.0,19197.43,2026-05-23,Paid
3642,2025-05-11,3,31,11,297.43,5.0,3108.14,2025-05-13,Paid
3643,2026-02-23,29,13,13,410.08,5.0,5064.49,2026-02-24,Partial
3644,2025-10-08,36,28,23,864.2,0.0,19876.6,2025-10-12,Overdue
3645,2026-06-07,61,16,5,1370.49,0.0,6852.45,2026-06-09,Paid
3646,2026-04-08,30,16,7,1370.49,3.0,9305.63,2026-04-10,Paid
3647,2026-02-09,31,38,21,239.29,0.0,5025.09,2026-02-12,Paid
3648,2026-06-08,52,27,15,1743.53,5.0,24845.3,2026-06-09,Paid
3649,2025-07-26,53,7,26,1787.03,0.0,46462.78,2025-07-29,Overdue
3650,2026-02-23,30,6,23,512.21,3.0,11427.41,2026-02-26,Partial
3651,2025-12-01,57,45,24,1546.51,3.0,36002.75,2025-12-05,Paid
3652,2025-05-11,50,37,15,127.78,7.0,1782.53,2025-05-14,Overdue
3653,2025-08-04,44,39,20,1675.12,3.0,32497.33,2025-08-06,Overdue
3654,2026-06-21,51,16,22,1370.49,2.0,29547.76,2026-06-24,Paid
3655,2026-03-30,6,43,20,520.68,0.0,10413.6,2026-03-31,Paid
3656,2026-03-25,13,42,9,644.47,0.0,5800.23,2026-03-27,Paid
3657,2025-11-05,63,21,18,950.93,3.0,16603.24,2025-11-06,Partial
3658,2025-05-23,46,17,24,747.54,0.0,17940.96,2025-05-26,Paid
3659,2025-11-01,49,4,18,1306.68,5.0,22344.23,2025-11-05,Overdue
3660,2025-12-08,15,31,26,297.43,5.0,7346.52,2025-12-10,Overdue
3661,2026-07-06,32,12,10,1973.12,0.0,19731.2,2026-07-07,Overdue
3662,2026-05-03,45,4,5,1306.68,0.0,6533.4,2026-05-05,Paid
3663,2025-08-06,49,25,16,1589.47,3.0,24668.57,2025-08-08,Paid
3664,2026-02-07,58,43,7,520.68,3.0,3535.42,2026-02-09,Paid
3665,2026-07-19,43,10,27,1180.68,0.0,31878.36,2026-07-22,Partial
3666,2025-11-17,21,5,25,1898.46,3.0,46037.65,2025-11-18,Paid
3667,2025-08-01,11,4,16,1306.68,3.0,20279.67,2025-08-03,Paid
3668,2026-04-11,61,7,13,1787.03,0.0,23231.39,2026-04-15,Paid
3669,2026-07-10,18,39,18,1675.12,7.0,28041.51,2026-07-14,Paid
3670,2026-06-20,2,21,27,950.93,7.0,23877.85,2026-06-24,Paid
3671,2025-08-12,58,23,11,211.88,3.0,2260.76,2025-08-14,Paid
3672,2026-06-20,45,36,5,590.85,5.0,2806.54,2026-06-22,Partial
3673,2026-06-10,30,20,13,768.72,2.0,9793.49,2026-06-12,Paid
3674,2025-09-24,15,8,7,642.71,5.0,4274.02,2025-09-26,Paid
3675,2026-06-11,23,38,6,239.29,2.0,1407.03,2026-06-13,Paid
3676,2025-06-09,11,36,20,590.85,5.0,11226.15,2025-06-13,Paid
3677,2025-09-21,1,3,18,345.6,3.0,6034.18,2025-09-23,Overdue
3678,2026-04-04,16,14,25,1010.26,3.0,24498.81,2026-04-08,Paid
3679,2026-07-23,5,45,14,1546.51,0.0,21651.14,2026-07-25,Paid
3680,2026-02-03,13,10,16,1180.68,3.0,18324.15,2026-02-05,Paid
3681,2026-07-07,66,6,15,512.21,2.0,7529.49,2026-07-08,Paid
3682,2025-07-05,43,44,17,715.24,5.0,11551.13,2025-07-09,Overdue
3683,2025-06-04,20,8,25,642.71,0.0,16067.75,2025-06-06,Paid
3684,2026-02-22,36,3,17,345.6,7.0,5463.94,2026-02-26,Overdue
3685,2026-07-10,41,22,25,1032.12,2.0,25286.94,2026-07-13,Paid
3686,2025-12-25,10,13,7,410.08,0.0,2870.56,2025-12-27,Paid
3687,2025-08-28,16,25,5,1589.47,0.0,7947.35,2025-08-31,Paid
3688,2025-07-20,52,40,6,289.63,0.0,1737.78,2025-07-23,Overdue
3689,2025-06-06,9,33,26,1777.66,5.0,43908.2,2025-06-09,Overdue
3690,2026-03-16,15,16,7,1370.49,5.0,9113.76,2026-03-18,Paid
3691,2026-02-12,24,39,5,1675.12,0.0,8375.6,2026-02-13,Partial
3692,2025-09-22,68,13,23,410.08,7.0,8771.61,2025-09-24,Paid
3693,2025-05-11,45,15,24,148.05,2.0,3482.14,2025-05-14,Overdue
3694,2025-07-15,13,38,12,239.29,2.0,2814.05,2025-07-16,Paid
3695,2026-03-17,3,2,24,1691.19,2.0,39776.79,2026-03-21,Paid
3696,2025-08-14,21,27,12,1743.53,2.0,20503.91,2025-08-16,Paid
3697,2026-06-24,45,5,15,1898.46,5.0,27053.06,2026-06-25,Paid
3698,2026-01-16,11,4,22,1306.68,5.0,27309.61,2026-01-18,Paid
3699,2026-03-24,14,32,21,730.3,2.0,15029.57,2026-03-25,Overdue
3700,2025-06-09,69,42,19,644.47,3.0,11877.58,2025-06-11,Partial
3701,2026-01-26,22,17,27,747.54,0.0,20183.58,2026-01-28,Paid
3702,2026-03-29,12,37,21,127.78,0.0,2683.38,2026-03-30,Partial
3703,2025-09-13,8,6,9,512.21,2.0,4517.69,2025-09-14,Paid
3704,2025-11-21,19,1,12,312.72,3.0,3640.06,2025-11-24,Partial
3705,2026-06-05,19,7,25,1787.03,2.0,43782.24,2026-06-06,Overdue
3706,2026-03-28,27,37,24,127.78,2.0,3005.39,2026-03-31,Overdue
3707,2025-08-27,64,15,25,148.05,7.0,3442.16,2025-08-28,Paid
3708,2025-10-08,17,37,17,127.78,3.0,2107.09,2025-10-12,Partial
3709,2025-12-26,60,41,22,664.81,3.0,14187.05,2025-12-28,Paid
3710,2026-03-21,5,30,18,1771.57,5.0,30293.85,2026-03-25,Paid
3711,2025-08-06,7,8,9,642.71,7.0,5379.48,2025-08-10,Paid
3712,2025-08-26,64,29,17,426.56,2.0,7106.49,2025-08-29,Paid
3713,2026-04-01,25,10,27,1180.68,0.0,31878.36,2026-04-03,Paid
3714,2025-12-16,70,32,17,730.3,0.0,12415.1,2025-12-19,Partial
3715,2025-05-18,9,24,6,1980.55,3.0,11526.8,2025-05-21,Paid
3716,2026-07-14,20,18,25,1285.87,7.0,29896.48,2026-07-18,Partial
3717,2025-11-04,21,11,17,1345.49,3.0,22187.13,2025-11-07,Overdue
3718,2026-03-28,40,40,10,289.63,0.0,2896.3,2026-03-29,Overdue
3719,2025-09-16,36,32,10,730.3,5.0,6937.85,2025-09-18,Overdue
3720,2025-08-20,60,36,13,590.85,5.0,7297.0,2025-08-24,Overdue
3721,2026-04-20,8,11,7,1345.49,0.0,9418.43,2026-04-23,Paid
3722,2026-07-06,12,36,25,590.85,5.0,14032.69,2026-07-07,Paid
3723,2026-03-04,65,9,23,1636.11,3.0,36501.61,2026-03-07,Paid
3724,2025-12-06,17,13,21,410.08,2.0,8439.45,2025-12-07,Paid
3725,2025-06-13,4,24,19,1980.55,3.0,36501.54,2025-06-16,Overdue
3726,2025-10-13,28,11,11,1345.49,2.0,14504.38,2025-10-14,Partial
3727,2025-10-28,68,24,23,1980.55,2.0,44641.6,2025-11-01,Paid
3728,2025-08-31,59,20,21,768.72,5.0,15335.96,2025-09-02,Overdue
3729,2025-07-28,67,14,14,1010.26,2.0,13860.77,2025-07-29,Paid
3730,2025-05-28,37,13,13,410.08,0.0,5331.04,2025-05-30,Partial
3731,2026-06-03,56,29,6,426.56,2.0,2508.17,2026-06-04,Paid
3732,2026-05-12,21,16,22,1370.49,0.0,30150.78,2026-05-13,Partial
3733,2025-10-02,34,7,13,1787.03,3.0,22534.45,2025-10-06,Paid
3734,2025-08-19,23,42,13,644.47,0.0,8378.11,2025-08-21,Partial
3735,2025-09-29,45,9,19,1636.11,5.0,29531.79,2025-10-02,Paid
3736,2026-07-31,14,7,10,1787.03,3.0,17334.19,2026-08-02,Paid
3737,2025-06-09,19,6,14,512.21,3.0,6955.81,2025-06-11,Partial
3738,2025-11-23,49,13,7,410.08,2.0,2813.15,2025-11-25,Paid
3739,2026-06-21,3,39,13,1675.12,3.0,21123.26,2026-06-23,Paid
3740,2025-11-06,25,26,23,965.84,0.0,22214.32,2025-11-07,Partial
3741,2026-02-02,34,39,27,1675.12,2.0,44323.68,2026-02-06,Paid
3742,2025-06-10,39,9,27,1636.11,0.0,44174.97,2025-06-12,Paid
3743,2026-02-23,57,16,17,1370.49,3.0,22599.38,2026-02-25,Partial
3744,2026-01-01,7,3,18,345.6,2.0,6096.38,2026-01-02,Paid
3745,2025-12-23,53,8,22,642.71,5.0,13432.64,2025-12-25,Paid
3746,2025-10-30,35,20,25,768.72,3.0,18641.46,2025-11-03,Paid
3747,2025-12-20,18,41,17,664.81,2.0,11075.73,2025-12-23,Paid
3748,2025-05-18,29,29,14,426.56,5.0,5673.25,2025-05-22,Paid
3749,2026-06-07,11,18,16,1285.87,7.0,19133.75,2026-06-11,Paid
3750,2025-06-15,21,22,9,1032.12,0.0,9289.08,2025-06-18,Overdue
3751,2026-06-25,66,28,9,864.2,2.0,7622.24,2026-06-28,Paid
3752,2026-01-11,51,39,19,1675.12,0.0,31827.28,2026-01-12,Overdue
3753,2026-05-18,3,24,10,1980.55,2.0,19409.39,2026-05-21,Overdue
3754,2025-12-16,6,23,15,211.88,2.0,3114.64,2025-12-18,Paid
3755,2025-05-31,66,32,27,730.3,3.0,19126.56,2025-06-01,Paid
3756,2026-06-13,41,20,15,768.72,5.0,10954.26,2026-06-17,Partial
3757,2025-06-05,37,43,20,520.68,2.0,10205.33,2025-06-06,Paid
3758,2026-05-25,13,9,27,1636.11,2.0,43291.47,2026-05-28,Paid
3759,2025-09-06,21,45,6,1546.51,7.0,8629.53,2025-09-10,Overdue
3760,2026-04-14,5,34,6,376.49,0.0,2258.94,2026-04-15,Paid
3761,2025-08-17,32,32,12,730.3,5.0,8325.42,2025-08-20,Paid
3762,2025-06-01,26,45,24,1546.51,5.0,35260.43,2025-06-03,Paid
3763,2025-06-15,3,45,12,1546.51,0.0,18558.12,2025-06-18,Paid
3764,2025-11-28,62,26,20,965.84,5.0,18350.96,2025-11-30,Paid
3765,2026-07-10,54,10,23,1180.68,5.0,25797.86,2026-07-12,Partial
3766,2026-07-10,43,13,12,410.08,3.0,4773.33,2026-07-11,Paid
3767,2026-06-25,8,37,21,127.78,0.0,2683.38,2026-06-29,Partial
3768,2026-06-30,12,18,22,1285.87,7.0,26308.9,2026-07-01,Partial
3769,2025-10-04,10,6,6,512.21,2.0,3011.79,2025-10-06,Paid
3770,2026-06-15,32,20,22,768.72,3.0,16404.48,2026-06-18,Overdue
3771,2025-11-12,33,22,16,1032.12,2.0,16183.64,2025-11-14,Paid
3772,2026-03-19,12,15,14,148.05,2.0,2031.25,2026-03-20,Paid
3773,2026-05-25,14,36,27,590.85,2.0,15633.89,2026-05-29,Paid
3774,2025-11-23,9,21,8,950.93,3.0,7379.22,2025-11-27,Partial
3775,2025-05-05,52,10,7,1180.68,5.0,7851.52,2025-05-09,Paid
3776,2025-07-22,46,12,22,1973.12,3.0,42106.38,2025-07-23,Paid
3777,2025-07-27,61,15,27,148.05,0.0,3997.35,2025-07-28,Partial
3778,2026-07-06,61,9,17,1636.11,3.0,26979.45,2026-07-09,Overdue
3779,2026-06-14,62,17,21,747.54,0.0,15698.34,2026-06-17,Partial
3780,2025-05-07,2,45,16,1546.51,2.0,24249.28,2025-05-08,Paid
3781,2025-11-05,69,40,14,289.63,0.0,4054.82,2025-11-08,Overdue
3782,2025-06-10,22,1,7,312.72,2.0,2145.26,2025-06-11,Paid
3783,2026-03-13,2,12,27,1973.12,2.0,52208.76,2026-03-16,Paid
3784,2025-06-18,59,32,24,730.3,0.0,17527.2,2025-06-20,Paid
3785,2025-10-02,34,5,5,1898.46,3.0,9207.53,2025-10-04,Partial
3786,2026-07-18,40,4,14,1306.68,0.0,18293.52,2026-07-22,Overdue
3787,2026-02-23,57,25,15,1589.47,0.0,23842.05,2026-02-27,Partial
3788,2025-05-09,34,39,23,1675.12,2.0,37757.2,2025-05-10,Partial
3789,2026-07-25,59,25,10,1589.47,2.0,15576.81,2026-07-29,Paid
3790,2025-11-04,43,33,15,1777.66,5.0,25331.65,2025-11-06,Paid
3791,2025-05-09,5,43,14,520.68,5.0,6925.04,2025-05-11,Paid
3792,2025-12-28,62,16,10,1370.49,0.0,13704.9,2026-01-01,Partial
3793,2026-06-29,37,19,17,1770.9,7.0,27997.93,2026-07-01,Paid
3794,2026-04-24,20,20,20,768.72,3.0,14913.17,2026-04-28,Paid
3795,2026-05-22,58,27,12,1743.53,0.0,20922.36,2026-05-23,Overdue
3796,2026-04-22,17,30,6,1771.57,0.0,10629.42,2026-04-25,Paid
3797,2026-05-30,46,37,19,127.78,0.0,2427.82,2026-06-03,Partial
3798,2026-07-19,45,3,21,345.6,0.0,7257.6,2026-07-22,Paid
3799,2026-02-19,53,31,17,297.43,5.0,4803.49,2026-02-20,Paid
3800,2025-11-11,15,41,10,664.81,3.0,6448.66,2025-11-15,Partial
3801,2025-05-19,41,37,11,127.78,0.0,1405.58,2025-05-20,Paid
3802,2025-06-13,1,39,14,1675.12,2.0,22982.65,2025-06-14,Paid
3803,2025-06-26,15,12,10,1973.12,2.0,19336.58,2025-06-28,Partial
3804,2025-06-23,10,14,5,1010.26,0.0,5051.3,2025-06-25,Paid
3805,2025-07-15,4,27,21,1743.53,5.0,34783.42,2025-07-16,Paid
3806,2025-08-27,14,27,24,1743.53,0.0,41844.72,2025-08-31,Paid
3807,2025-10-14,48,15,26,148.05,2.0,3772.31,2025-10-16,Paid
3808,2025-08-24,67,4,10,1306.68,3.0,12674.8,2025-08-26,Overdue
3809,2026-02-26,12,29,12,426.56,7.0,4760.41,2026-02-28,Paid
3810,2026-04-22,60,41,18,664.81,2.0,11727.25,2026-04-26,Paid
3811,2025-05-28,37,41,25,664.81,5.0,15789.24,2025-05-29,Paid
3812,2025-11-23,61,39,9,1675.12,5.0,14322.28,2025-11-25,Partial
3813,2025-09-02,6,24,27,1980.55,2.0,52405.35,2025-09-05,Paid
3814,2026-03-18,58,26,21,965.84,7.0,18862.86,2026-03-21,Partial
3815,2026-04-07,57,24,24,1980.55,3.0,46107.2,2026-04-09,Paid
3816,2025-08-13,31,29,13,426.56,3.0,5378.92,2025-08-14,Partial
3817,2026-07-03,23,14,20,1010.26,2.0,19801.1,2026-07-06,Paid
3818,2025-06-05,23,31,11,297.43,3.0,3173.58,2025-06-06,Partial
3819,2026-04-28,28,45,27,1546.51,2.0,40920.65,2026-05-02,Paid
3820,2025-08-16,65,40,18,289.63,2.0,5109.07,2025-08-17,Paid
3821,2025-11-12,15,35,8,683.13,2.0,5355.74,2025-11-13,Paid
3822,2025-08-20,35,29,26,426.56,5.0,10536.03,2025-08-21,Overdue
3823,2026-07-15,15,43,18,520.68,0.0,9372.24,2026-07-18,Paid
3824,2026-01-15,41,44,13,715.24,0.0,9298.12,2026-01-17,Overdue
3825,2025-07-05,68,36,27,590.85,2.0,15633.89,2025-07-09,Paid
3826,2025-08-06,35,15,14,148.05,0.0,2072.7,2025-08-08,Partial
3827,2026-06-16,15,42,24,644.47,3.0,15003.26,2026-06-20,Partial
3828,2026-03-23,31,12,20,1973.12,3.0,38278.53,2026-03-27,Paid
3829,2025-11-08,67,36,18,590.85,0.0,10635.3,2025-11-10,Paid
3830,2026-03-10,48,2,27,1691.19,0.0,45662.13,2026-03-11,Partial
3831,2026-05-08,41,14,8,1010.26,5.0,7677.98,2026-05-09,Paid
3832,2025-07-11,21,34,17,376.49,0.0,6400.33,2025-07-12,Paid
3833,2026-07-20,50,25,23,1589.47,3.0,35461.08,2026-07-22,Overdue
3834,2026-01-13,4,8,21,642.71,5.0,12822.06,2026-01-14,Partial
3835,2026-05-23,60,16,13,1370.49,2.0,17460.04,2026-05-24,Partial
3836,2026-05-15,12,31,23,297.43,0.0,6840.89,2026-05-19,Paid
3837,2026-05-01,54,4,12,1306.68,2.0,15366.56,2026-05-04,Paid
3838,2025-08-07,42,16,12,1370.49,2.0,16116.96,2025-08-08,Partial
3839,2025-07-24,70,27,8,1743.53,0.0,13948.24,2025-07-25,Paid
3840,2026-05-23,31,6,12,512.21,0.0,6146.52,2026-05-24,Paid
3841,2026-05-23,26,25,24,1589.47,0.0,38147.28,2026-05-27,Paid
3842,2025-08-02,52,7,14,1787.03,3.0,24267.87,2025-08-06,Partial
3843,2025-12-31,27,6,26,512.21,7.0,12385.24,2026-01-03,Partial
3844,2025-10-21,13,17,20,747.54,5.0,14203.26,2025-10-24,Paid
3845,2026-07-08,24,32,16,730.3,5.0,11100.56,2026-07-09,Overdue
3846,2025-07-05,55,35,20,683.13,5.0,12979.47,2025-07-08,Paid
3847,2025-10-29,52,32,16,730.3,0.0,11684.8,2025-10-31,Paid
3848,2026-03-18,44,5,20,1898.46,5.0,36070.74,2026-03-20,Paid
3849,2026-07-24,5,25,7,1589.47,0.0,11126.29,2026-07-26,Paid
3850,2026-03-28,53,3,18,345.6,3.0,6034.18,2026-03-29,Paid
3851,2026-06-18,3,38,5,239.29,5.0,1136.63,2026-06-20,Paid
3852,2025-09-20,49,29,16,426.56,0.0,6824.96,2025-09-24,Partial
3853,2025-06-12,47,2,18,1691.19,5.0,28919.35,2025-06-15,Partial
3854,2025-05-27,22,29,26,426.56,5.0,10536.03,2025-05-31,Partial
3855,2026-02-23,31,4,25,1306.68,7.0,30380.31,2026-02-26,Partial
3856,2025-11-02,6,39,13,1675.12,0.0,21776.56,2025-11-04,Partial
3857,2026-03-14,11,41,10,664.81,0.0,6648.1,2026-03-17,Partial
3858,2025-09-20,50,37,23,127.78,5.0,2791.99,2025-09-22,Paid
3859,2026-03-06,54,35,12,683.13,2.0,8033.61,2026-03-07,Paid
3860,2026-05-08,1,38,24,239.29,2.0,5628.1,2026-05-11,Partial
3861,2026-04-01,24,27,6,1743.53,3.0,10147.34,2026-04-05,Paid
3862,2025-11-20,47,25,11,1589.47,3.0,16959.64,2025-11-22,Paid
3863,2025-11-05,13,38,6,239.29,3.0,1392.67,2025-11-08,Overdue
3864,2026-01-27,24,23,20,211.88,2.0,4152.85,2026-01-29,Partial
3865,2026-03-13,2,10,20,1180.68,3.0,22905.19,2026-03-15,Paid
3866,2026-07-02,24,8,18,642.71,0.0,11568.78,2026-07-03,Paid
3867,2026-02-20,61,24,14,1980.55,2.0,27173.15,2026-02-23,Paid
3868,2025-12-06,70,31,23,297.43,2.0,6704.07,2025-12-10,Paid
3869,2025-08-24,20,12,16,1973.12,3.0,30622.82,2025-08-27,Overdue
3870,2026-03-06,7,35,24,683.13,2.0,16067.22,2026-03-07,Partial
3871,2025-08-29,66,31,19,297.43,0.0,5651.17,2025-08-31,Paid
3872,2025-12-05,46,37,19,127.78,3.0,2354.99,2025-12-08,Paid
3873,2026-04-04,43,25,8,1589.47,0.0,12715.76,2026-04-06,Paid
3874,2026-06-22,2,26,27,965.84,2.0,25556.13,2026-06-26,Paid
3875,2025-05-18,26,4,26,1306.68,3.0,32954.47,2025-05-21,Paid
3876,2025-05-24,42,24,27,1980.55,2.0,52405.35,2025-05-25,Paid
3877,2025-11-24,61,44,13,715.24,5.0,8833.21,2025-11-26,Paid
3878,2026-03-31,24,3,12,345.6,2.0,4064.26,2026-04-03,Paid
3879,2026-04-27,31,5,21,1898.46,3.0,38671.63,2026-04-28,Partial
3880,2026-05-05,60,34,10,376.49,7.0,3501.36,2026-05-08,Paid
3881,2026-02-24,46,33,24,1777.66,5.0,40530.65,2026-02-26,Paid
3882,2025-07-16,63,10,16,1180.68,0.0,18890.88,2025-07-18,Paid
3883,2025-05-06,65,8,26,642.71,3.0,16209.15,2025-05-08,Paid
3884,2026-07-11,58,21,8,950.93,0.0,7607.44,2026-07-15,Partial
3885,2025-09-03,38,16,15,1370.49,5.0,19529.48,2025-09-06,Paid
3886,2026-02-23,2,6,17,512.21,5.0,8272.19,2026-02-26,Paid
3887,2026-03-03,39,3,18,345.6,2.0,6096.38,2026-03-04,Paid
3888,2025-07-15,54,32,10,730.3,3.0,7083.91,2025-07-16,Paid
3889,2026-03-13,14,25,16,1589.47,2.0,24922.89,2026-03-17,Paid
3890,2025-09-06,50,20,14,768.72,3.0,10439.22,2025-09-10,Overdue
3891,2025-12-27,65,29,19,426.56,7.0,7537.32,2025-12-28,Partial
3892,2025-06-15,29,41,27,664.81,0.0,17949.87,2025-06-16,Overdue
3893,2026-02-21,10,38,11,239.29,0.0,2632.19,2026-02-25,Paid
3894,2026-01-15,43,9,23,1636.11,5.0,35749.0,2026-01-16,Paid
3895,2026-05-14,30,25,11,1589.47,3.0,16959.64,2026-05-15,Partial
3896,2026-01-10,53,14,21,1010.26,0.0,21215.46,2026-01-13,Paid
3897,2025-09-17,27,36,16,590.85,2.0,9264.53,2025-09-20,Partial
3898,2025-08-15,16,3,6,345.6,2.0,2032.13,2025-08-17,Paid
3899,2026-06-05,6,23,16,211.88,7.0,3152.77,2026-06-07,Paid
3900,2025-11-03,1,28,22,864.2,3.0,18442.03,2025-11-07,Paid
3901,2025-12-14,48,8,20,642.71,0.0,12854.2,2025-12-17,Partial
3902,2025-08-18,40,40,19,289.63,5.0,5227.82,2025-08-20,Paid
3903,2025-05-31,50,33,9,1777.66,2.0,15678.96,2025-06-01,Partial
3904,2025-09-03,61,42,19,644.47,3.0,11877.58,2025-09-06,Paid
3905,2025-11-13,2,7,25,1787.03,3.0,43335.48,2025-11-16,Paid
3906,2026-02-13,22,9,12,1636.11,3.0,19044.32,2026-02-15,Overdue
3907,2025-05-13,29,11,26,1345.49,5.0,33233.6,2025-05-16,Partial
3908,2025-10-17,48,27,8,1743.53,2.0,13669.28,2025-10-18,Partial
3909,2025-09-03,55,37,22,127.78,7.0,2614.38,2025-09-05,Paid
3910,2026-07-25,17,44,15,715.24,3.0,10406.74,2026-07-29,Paid
3911,2026-03-03,49,37,15,127.78,2.0,1878.37,2026-03-04,Paid
3912,2025-06-25,63,4,14,1306.68,0.0,18293.52,2025-06-27,Partial
3913,2026-07-14,25,21,23,950.93,2.0,21433.96,2026-07-16,Paid
3914,2026-01-22,37,31,25,297.43,2.0,7287.03,2026-01-24,Paid
3915,2026-05-15,2,3,25,345.6,3.0,8380.8,2026-05-19,Paid
3916,2026-07-11,54,17,16,747.54,5.0,11362.61,2026-07-12,Paid
3917,2025-06-26,35,34,26,376.49,0.0,9788.74,2025-06-28,Paid
3918,2026-04-08,12,16,13,1370.49,3.0,17281.88,2026-04-12,Paid
3919,2025-12-08,3,28,19,864.2,3.0,15927.21,2025-12-09,Paid
3920,2025-07-29,5,25,24,1589.47,0.0,38147.28,2025-07-30,Paid
3921,2025-09-21,44,40,26,289.63,2.0,7379.77,2025-09-22,Partial
3922,2025-05-17,31,40,27,289.63,7.0,7272.61,2025-05-20,Paid
3923,2025-05-18,56,38,25,239.29,3.0,5802.78,2025-05-20,Paid
3924,2025-11-15,9,35,24,683.13,2.0,16067.22,2025-11-16,Paid
3925,2025-07-09,61,7,27,1787.03,5.0,45837.32,2025-07-13,Paid
3926,2026-07-24,57,38,14,239.29,2.0,3283.06,2026-07-26,Paid
3927,2026-02-04,69,10,18,1180.68,0.0,21252.24,2026-02-07,Paid
3928,2025-05-03,55,39,23,1675.12,2.0,37757.2,2025-05-07,Paid
3929,2025-11-27,24,30,24,1771.57,7.0,39541.44,2025-11-28,Paid
3930,2025-06-13,54,24,12,1980.55,3.0,23053.6,2025-06-16,Paid
3931,2025-05-12,42,23,12,211.88,2.0,2491.71,2025-05-13,Paid
3932,2025-06-29,60,41,16,664.81,2.0,10424.22,2025-07-03,Paid
3933,2025-12-29,10,36,5,590.85,2.0,2895.16,2025-12-31,Paid
3934,2025-09-01,65,37,12,127.78,0.0,1533.36,2025-09-02,Paid
3935,2025-08-16,46,37,7,127.78,2.0,876.57,2025-08-20,Paid
3936,2025-07-10,61,31,5,297.43,3.0,1442.54,2025-07-11,Paid
3937,2026-06-01,61,10,19,1180.68,3.0,21759.93,2026-06-02,Partial
3938,2025-09-16,60,14,23,1010.26,2.0,22771.26,2025-09-20,Paid
3939,2026-07-26,10,41,21,664.81,2.0,13681.79,2026-07-28,Paid
3940,2025-05-06,9,14,18,1010.26,2.0,17820.99,2025-05-09,Paid
3941,2026-02-18,3,19,13,1770.9,0.0,23021.7,2026-02-21,Partial
3942,2025-11-22,21,8,18,642.71,0.0,11568.78,2025-11-25,Paid
3943,2025-05-08,15,16,6,1370.49,3.0,7976.25,2025-05-10,Paid
3944,2025-12-16,66,21,23,950.93,7.0,20340.39,2025-12-18,Overdue
3945,2025-12-27,70,38,11,239.29,0.0,2632.19,2025-12-29,Paid
3946,2026-02-20,13,29,13,426.56,0.0,5545.28,2026-02-23,Paid
3947,2025-06-05,52,22,18,1032.12,2.0,18206.6,2025-06-06,Paid
3948,2025-12-04,54,28,5,864.2,7.0,4018.53,2025-12-06,Paid
3949,2026-04-15,55,12,5,1973.12,2.0,9668.29,2026-04-16,Partial
3950,2025-12-10,70,30,20,1771.57,0.0,35431.4,2025-12-14,Paid
3951,2025-06-21,14,15,15,148.05,2.0,2176.34,2025-06-22,Paid
3952,2025-08-03,62,30,5,1771.57,2.0,8680.69,2025-08-04,Paid
3953,2026-03-09,44,33,24,1777.66,2.0,41810.56,2026-03-12,Paid
3954,2025-09-02,14,12,27,1973.12,0.0,53274.24,2025-09-03,Overdue
3955,2026-04-01,70,24,6,1980.55,2.0,11645.63,2026-04-03,Paid
3956,2026-04-23,36,9,25,1636.11,7.0,38039.56,2026-04-25,Overdue
3957,2026-06-24,48,19,9,1770.9,0.0,15938.1,2026-06-26,Partial
3958,2026-07-18,16,10,8,1180.68,3.0,9162.08,2026-07-20,Paid
3959,2025-11-07,11,34,16,376.49,2.0,5903.36,2025-11-11,Paid
3960,2026-01-14,63,24,25,1980.55,3.0,48028.34,2026-01-15,Overdue
3961,2026-07-08,61,6,23,512.21,0.0,11780.83,2026-07-10,Paid
3962,2026-06-01,11,41,9,664.81,3.0,5803.79,2026-06-02,Paid
3963,2025-11-04,23,45,12,1546.51,0.0,18558.12,2025-11-07,Paid
3964,2026-07-25,11,21,25,950.93,5.0,22584.59,2026-07-28,Partial
3965,2026-03-04,29,24,14,1980.55,7.0,25786.76,2026-03-05,Paid
3966,2025-11-13,16,4,10,1306.68,3.0,12674.8,2025-11-16,Paid
3967,2026-06-08,23,16,12,1370.49,5.0,15623.59,2026-06-11,Paid
3968,2025-09-09,55,3,16,345.6,2.0,5419.01,2025-09-12,Partial
3969,2025-08-07,67,24,25,1980.55,3.0,48028.34,2025-08-10,Paid
3970,2026-06-03,46,20,12,768.72,5.0,8763.41,2026-06-07,Paid
3971,2025-07-16,23,2,22,1691.19,2.0,36462.06,2025-07-17,Paid
3972,2026-02-28,7,21,20,950.93,0.0,19018.6,2026-03-01,Overdue
3973,2025-05-14,63,22,20,1032.12,2.0,20229.55,2025-05-18,Partial
3974,2026-01-02,4,24,26,1980.55,5.0,48919.58,2026-01-05,Paid
3975,2026-05-21,27,30,26,1771.57,3.0,44679.0,2026-05-25,Paid
3976,2025-11-21,48,3,21,345.6,0.0,7257.6,2025-11-22,Overdue
3977,2026-07-12,35,39,9,1675.12,0.0,15076.08,2026-07-14,Paid
3978,2026-06-15,6,24,14,1980.55,3.0,26895.87,2026-06-18,Paid
3979,2026-03-01,62,6,20,512.21,5.0,9731.99,2026-03-02,Overdue
3980,2025-12-24,36,8,7,642.71,7.0,4184.04,2025-12-25,Paid
3981,2026-03-15,69,7,21,1787.03,0.0,37527.63,2026-03-19,Paid
3982,2026-01-01,9,2,25,1691.19,5.0,40165.76,2026-01-02,Partial
3983,2026-06-23,70,36,16,590.85,5.0,8980.92,2026-06-27,Partial
3984,2025-06-16,46,41,25,664.81,5.0,15789.24,2025-06-17,Paid
3985,2026-01-11,19,36,11,590.85,3.0,6304.37,2026-01-15,Paid
3986,2026-01-14,48,35,21,683.13,0.0,14345.73,2026-01-17,Paid
3987,2025-10-23,28,12,15,1973.12,5.0,28116.96,2025-10-26,Paid
3988,2026-01-10,54,1,27,312.72,2.0,8274.57,2026-01-11,Overdue
3989,2025-08-04,20,43,11,520.68,0.0,5727.48,2025-08-07,Paid
3990,2025-05-29,27,5,24,1898.46,2.0,44651.78,2025-05-31,Paid
3991,2025-05-18,15,37,24,127.78,5.0,2913.38,2025-05-22,Overdue
3992,2025-05-26,66,7,7,1787.03,2.0,12259.03,2025-05-29,Paid
3993,2025-09-01,58,21,10,950.93,3.0,9224.02,2025-09-02,Partial
3994,2025-12-08,57,16,7,1370.49,2.0,9401.56,2025-12-09,Paid
3995,2025-05-05,8,40,25,289.63,0.0,7240.75,2025-05-07,Paid
3996,2025-09-09,51,13,15,410.08,5.0,5843.64,2025-09-12,Partial
3997,2026-05-19,13,40,19,289.63,5.0,5227.82,2026-05-21,Paid
3998,2026-03-16,10,10,25,1180.68,0.0,29517.0,2026-03-17,Paid
3999,2026-05-05,38,22,19,1032.12,3.0,19021.97,2026-05-07,Paid
4000,2026-05-14,11,34,19,376.49,5.0,6795.64,2026-05-18,Paid
4001,2026-07-31,38,26,26,965.84,0.0,25111.84,2026-08-03,Partial
4002,2026-06-27,51,19,9,1770.9,0.0,15938.1,2026-06-28,Paid
4003,2025-11-17,25,24,12,1980.55,0.0,23766.6,2025-11-19,Paid
4004,2025-11-05,54,34,19,376.49,2.0,7010.24,2025-11-07,Partial
4005,2025-10-24,63,12,15,1973.12,2.0,29004.86,2025-10-25,Paid
4006,2025-11-01,58,29,26,426.56,2.0,10868.75,2025-11-04,Paid
4007,2026-01-26,51,41,13,664.81,0.0,8642.53,2026-01-27,Partial
4008,2025-07-16,22,35,18,683.13,0.0,12296.34,2025-07-19,Paid
4009,2026-06-30,63,3,18,345.6,0.0,6220.8,2026-07-03,Partial
4010,2026-05-10,63,45,15,1546.51,5.0,22037.77,2026-05-12,Paid
4011,2025-05-20,6,24,24,1980.55,3.0,46107.2,2025-05-22,Paid
4012,2026-05-22,14,42,5,644.47,5.0,3061.23,2026-05-24,Paid
4013,2025-05-08,44,19,25,1770.9,0.0,44272.5,2025-05-12,Overdue
4014,2025-10-28,13,37,6,127.78,0.0,766.68,2025-10-29,Paid
4015,2025-10-06,46,20,8,768.72,2.0,6026.76,2025-10-08,Paid
4016,2026-06-15,42,34,8,376.49,7.0,2801.09,2026-06-18,Paid
4017,2026-03-25,17,44,25,715.24,2.0,17523.38,2026-03-27,Paid
4018,2025-05-01,46,21,24,950.93,2.0,22365.87,2025-05-04,Partial
4019,2025-10-01,42,10,12,1180.68,3.0,13743.12,2025-10-03,Partial
4020,2026-02-19,3,39,21,1675.12,5.0,33418.64,2026-02-21,Partial
4021,2025-11-06,50,34,15,376.49,0.0,5647.35,2025-11-08,Overdue
4022,2026-07-29,23,40,22,289.63,0.0,6371.86,2026-07-30,Paid
4023,2026-06-16,15,38,12,239.29,3.0,2785.34,2026-06-19,Paid
4024,2026-01-31,9,30,18,1771.57,2.0,31250.49,2026-02-01,Paid
4025,2025-12-19,53,9,15,1636.11,3.0,23805.4,2025-12-23,Paid
4026,2025-07-31,63,15,26,148.05,0.0,3849.3,2025-08-01,Paid
4027,2025-08-13,8,6,7,512.21,0.0,3585.47,2025-08-14,Partial
4028,2025-11-13,4,6,18,512.21,0.0,9219.78,2025-11-14,Paid
4029,2025-07-12,38,12,26,1973.12,0.0,51301.12,2025-07-16,Paid
4030,2026-06-15,29,25,23,1589.47,2.0,35826.65,2026-06-18,Overdue
4031,2025-10-09,65,38,18,239.29,0.0,4307.22,2025-10-12,Overdue
4032,2025-09-13,55,45,13,1546.51,2.0,19702.54,2025-09-15,Paid
4033,2026-06-15,35,13,21,410.08,2.0,8439.45,2026-06-17,Paid
4034,2025-06-12,40,12,7,1973.12,0.0,13811.84,2025-06-15,Paid
4035,2025-11-30,20,13,18,410.08,5.0,7012.37,2025-12-01,Partial
4036,2026-02-08,27,6,5,512.21,2.0,2509.83,2026-02-11,Paid
4037,2026-04-04,40,41,14,664.81,3.0,9028.12,2026-04-06,Paid
4038,2025-06-16,17,43,25,520.68,0.0,13017.0,2025-06-20,Paid
4039,2026-07-22,13,40,9,289.63,5.0,2476.34,2026-07-25,Partial
4040,2026-06-24,17,8,19,642.71,0.0,12211.49,2026-06-27,Paid
4041,2026-03-03,24,19,15,1770.9,0.0,26563.5,2026-03-06,Paid
4042,2025-08-29,22,41,27,664.81,0.0,17949.87,2025-09-01,Paid
4043,2025-12-20,33,32,9,730.3,5.0,6244.06,2025-12-24,Paid
4044,2026-07-12,30,4,22,1306.68,2.0,28172.02,2026-07-15,Paid
4045,2026-05-03,59,39,11,1675.12,2.0,18057.79,2026-05-04,Overdue
4046,2025-05-01,4,28,5,864.2,2.0,4234.58,2025-05-05,Overdue
4047,2025-11-21,55,40,23,289.63,3.0,6461.65,2025-11-22,Paid
4048,2025-08-08,20,32,13,730.3,0.0,9493.9,2025-08-10,Paid
4049,2026-02-21,1,7,22,1787.03,2.0,38528.37,2026-02-23,Partial
4050,2025-10-16,27,20,13,768.72,3.0,9693.56,2025-10-19,Paid
4051,2025-06-02,47,4,7,1306.68,0.0,9146.76,2025-06-05,Paid
4052,2025-11-06,11,45,18,1546.51,7.0,25888.58,2025-11-09,Paid
4053,2025-09-09,10,44,13,715.24,2.0,9112.16,2025-09-10,Paid
4054,2025-08-07,68,38,17,239.29,3.0,3945.89,2025-08-10,Overdue
4055,2025-10-24,67,2,20,1691.19,5.0,32132.61,2025-10-27,Paid
4056,2025-07-10,70,3,9,345.6,0.0,3110.4,2025-07-14,Paid
4057,2026-05-03,35,44,23,715.24,3.0,15957.0,2026-05-05,Paid
4058,2025-08-14,29,15,19,148.05,2.0,2756.69,2025-08-17,Partial
4059,2026-06-04,34,20,27,768.72,5.0,19717.67,2026-06-08,Paid
4060,2026-03-31,42,10,16,1180.68,7.0,17568.52,2026-04-04,Overdue
4061,2025-09-04,34,38,11,239.29,3.0,2553.22,2025-09-06,Paid
4062,2025-12-30,69,34,14,376.49,7.0,4901.9,2026-01-01,Paid
4063,2025-06-06,13,31,21,297.43,2.0,6121.11,2025-06-09,Paid
4064,2026-04-11,17,16,9,1370.49,5.0,11717.69,2026-04-14,Paid
4065,2026-02-28,48,25,17,1589.47,3.0,26210.36,2026-03-01,Overdue
4066,2025-09-23,32,41,20,664.81,3.0,12897.31,2025-09-25,Paid
4067,2025-09-10,55,19,13,1770.9,3.0,22331.05,2025-09-14,Paid
4068,2026-05-12,26,34,16,376.49,0.0,6023.84,2026-05-16,Paid
4069,2026-05-12,5,3,22,345.6,2.0,7451.14,2026-05-14,Paid
4070,2025-05-23,10,24,22,1980.55,0.0,43572.1,2025-05-25,Paid
4071,2026-07-27,43,19,6,1770.9,5.0,10094.13,2026-07-28,Overdue
4072,2026-06-24,47,16,23,1370.49,3.0,30575.63,2026-06-26,Paid
4073,2025-06-28,49,9,11,1636.11,2.0,17637.27,2025-07-01,Paid
4074,2026-04-19,68,17,16,747.54,2.0,11721.43,2026-04-20,Partial
4075,2026-01-05,60,33,18,1777.66,5.0,30397.99,2026-01-07,Overdue
4076,2026-07-23,32,1,15,312.72,0.0,4690.8,2026-07-24,Partial
4077,2026-05-11,35,21,22,950.93,2.0,20502.05,2026-05-13,Paid
4078,2025-10-09,25,5,24,1898.46,2.0,44651.78,2025-10-12,Paid
4079,2025-05-23,4,15,21,148.05,0.0,3109.05,2025-05-26,Paid
4080,2026-06-28,56,23,6,211.88,2.0,1245.85,2026-06-29,Paid
4081,2026-03-02,20,23,22,211.88,2.0,4568.13,2026-03-03,Paid
4082,2025-11-20,10,24,17,1980.55,0.0,33669.35,2025-11-23,Paid
4083,2026-01-17,9,3,15,345.6,3.0,5028.48,2026-01-18,Overdue
4084,2025-06-28,38,43,24,520.68,5.0,11871.5,2025-07-02,Paid
4085,2026-01-21,54,13,8,410.08,2.0,3215.03,2026-01-25,Overdue
4086,2026-07-19,51,21,17,950.93,3.0,15680.84,2026-07-23,Paid
4087,2025-10-23,16,1,21,312.72,2.0,6435.78,2025-10-24,Partial
4088,2026-03-20,28,12,10,1973.12,2.0,19336.58,2026-03-24,Paid
4089,2026-05-03,63,25,20,1589.47,5.0,30199.93,2026-05-06,Paid
4090,2025-10-31,70,1,22,312.72,5.0,6535.85,2025-11-01,Paid
4091,2026-07-20,25,12,13,1973.12,7.0,23855.02,2026-07-21,Paid
4092,2026-06-10,63,15,18,148.05,7.0,2478.36,2026-06-11,Paid
4093,2025-05-06,53,35,5,683.13,5.0,3244.87,2025-05-08,Paid
4094,2025-08-25,8,43,11,520.68,5.0,5441.11,2025-08-28,Partial
4095,2026-07-22,22,21,24,950.93,0.0,22822.32,2026-07-25,Paid
4096,2026-01-25,70,22,10,1032.12,2.0,10114.78,2026-01-27,Partial
4097,2025-08-02,55,9,14,1636.11,2.0,22447.43,2025-08-06,Paid
4098,2025-10-12,47,9,13,1636.11,0.0,21269.43,2025-10-16,Paid
4099,2026-04-30,36,35,16,683.13,3.0,10602.18,2026-05-02,Paid
4100,2025-09-14,51,20,14,768.72,3.0,10439.22,2025-09-16,Paid
4101,2025-05-17,45,8,17,642.71,0.0,10926.07,2025-05-19,Paid
4102,2026-02-15,18,42,23,644.47,3.0,14378.13,2026-02-16,Overdue
4103,2026-04-26,26,1,15,312.72,3.0,4550.08,2026-04-28,Overdue
4104,2025-12-31,18,39,23,1675.12,0.0,38527.76,2026-01-04,Paid
4105,2026-07-07,13,14,25,1010.26,5.0,23993.67,2026-07-11,Paid
4106,2026-02-19,69,25,16,1589.47,5.0,24159.94,2026-02-22,Partial
4107,2025-12-04,21,22,7,1032.12,0.0,7224.84,2025-12-05,Paid
4108,2025-07-04,49,41,7,664.81,5.0,4420.99,2025-07-05,Paid
4109,2025-11-22,12,42,23,644.47,2.0,14526.35,2025-11-24,Paid
4110,2025-11-03,50,29,6,426.56,3.0,2482.58,2025-11-05,Paid
4111,2026-05-02,2,24,11,1980.55,3.0,21132.47,2026-05-05,Paid
4112,2025-05-21,15,33,12,1777.66,2.0,20905.28,2025-05-22,Paid
4113,2025-12-21,9,25,11,1589.47,2.0,17134.49,2025-12-23,Paid
4114,2025-06-23,26,44,11,715.24,0.0,7867.64,2025-06-26,Paid
4115,2025-09-11,46,39,27,1675.12,7.0,42062.26,2025-09-15,Partial
4116,2026-05-25,24,14,18,1010.26,7.0,16911.75,2026-05-28,Overdue
4117,2025-11-28,62,34,20,376.49,3.0,7303.91,2025-12-02,Partial
4118,2025-12-13,54,7,24,1787.03,2.0,42030.95,2025-12-17,Paid
4119,2026-05-14,60,3,14,345.6,0.0,4838.4,2026-05-15,Paid
4120,2025-05-09,35,7,14,1787.03,0.0,25018.42,2025-05-12,Paid
4121,2026-07-19,4,37,22,127.78,0.0,2811.16,2026-07-21,Paid
4122,2026-02-09,8,13,10,410.08,0.0,4100.8,2026-02-13,Paid
4123,2025-07-09,52,29,24,426.56,3.0,9930.32,2025-07-10,Partial
4124,2026-05-17,60,45,24,1546.51,5.0,35260.43,2026-05-21,Paid
4125,2025-05-29,49,21,10,950.93,0.0,9509.3,2025-05-31,Paid
4126,2026-03-15,26,31,20,297.43,0.0,5948.6,2026-03-17,Paid
4127,2026-04-27,46,44,22,715.24,5.0,14948.52,2026-04-29,Partial
4128,2025-06-20,18,41,11,664.81,0.0,7312.91,2025-06-23,Paid
4129,2026-07-06,26,43,21,520.68,3.0,10606.25,2026-07-10,Paid
4130,2026-04-12,8,36,16,590.85,5.0,8980.92,2026-04-16,Paid
4131,2025-06-05,34,23,27,211.88,0.0,5720.76,2025-06-07,Paid
4132,2025-11-14,25,2,26,1691.19,0.0,43970.94,2025-11-15,Paid
4133,2025-06-07,2,32,11,730.3,0.0,8033.3,2025-06-10,Paid
4134,2025-11-04,67,29,27,426.56,0.0,11517.12,2025-11-06,Paid
4135,2026-05-05,41,9,15,1636.11,3.0,23805.4,2026-05-07,Paid
4136,2026-07-30,26,6,19,512.21,0.0,9731.99,2026-07-31,Paid
4137,2026-05-25,26,4,11,1306.68,7.0,13367.34,2026-05-29,Paid
4138,2026-06-18,6,9,11,1636.11,5.0,17097.35,2026-06-19,Paid
4139,2026-01-13,10,17,14,747.54,2.0,10256.25,2026-01-15,Paid
4140,2025-10-05,60,13,5,410.08,0.0,2050.4,2025-10-09,Overdue
4141,2025-09-11,17,12,7,1973.12,5.0,13121.25,2025-09-15,Partial
4142,2025-10-19,69,14,16,1010.26,2.0,15840.88,2025-10-22,Paid
4143,2026-03-15,7,39,15,1675.12,3.0,24373.0,2026-03-19,Paid
4144,2025-12-26,4,39,12,1675.12,5.0,19096.37,2025-12-28,Partial
4145,2026-05-29,51,37,6,127.78,5.0,728.35,2026-05-31,Overdue
4146,2026-04-25,10,26,17,965.84,5.0,15598.32,2026-04-29,Paid
4147,2026-02-20,64,24,12,1980.55,5.0,22578.27,2026-02-23,Overdue
4148,2025-10-27,52,20,10,768.72,3.0,7456.58,2025-10-29,Partial
4149,2025-12-25,54,19,22,1770.9,0.0,38959.8,2025-12-29,Partial
4150,2025-05-19,3,14,22,1010.26,3.0,21558.95,2025-05-20,Paid
4151,2026-03-20,18,29,15,426.56,0.0,6398.4,2026-03-21,Partial
4152,2025-09-14,29,5,16,1898.46,3.0,29464.1,2025-09-18,Paid
4153,2026-02-20,4,15,6,148.05,0.0,888.3,2026-02-21,Partial
4154,2026-06-22,3,11,11,1345.49,2.0,14504.38,2026-06-26,Paid
4155,2026-07-13,46,44,26,715.24,2.0,18224.32,2026-07-14,Paid
4156,2025-09-26,1,14,13,1010.26,5.0,12476.71,2025-09-30,Paid
4157,2026-04-17,3,18,9,1285.87,7.0,10762.73,2026-04-18,Paid
4158,2025-06-29,46,43,8,520.68,3.0,4040.48,2025-06-30,Overdue
4159,2025-06-20,18,43,5,520.68,3.0,2525.3,2025-06-22,Paid
4160,2026-01-23,37,29,6,426.56,2.0,2508.17,2026-01-24,Overdue
4161,2025-06-25,69,44,23,715.24,7.0,15298.98,2025-06-27,Paid
4162,2025-12-10,30,11,14,1345.49,0.0,18836.86,2025-12-12,Partial
4163,2025-12-15,18,5,27,1898.46,0.0,51258.42,2025-12-18,Overdue
4164,2025-05-04,27,16,25,1370.49,0.0,34262.25,2025-05-05,Partial
4165,2026-03-24,60,34,14,376.49,0.0,5270.86,2026-03-27,Partial
4166,2025-08-29,8,22,23,1032.12,2.0,23263.98,2025-09-02,Paid
4167,2025-11-18,22,24,11,1980.55,2.0,21350.33,2025-11-21,Paid
4168,2025-10-16,35,4,11,1306.68,3.0,13942.28,2025-10-17,Paid
4169,2026-03-23,66,9,17,1636.11,2.0,27257.59,2026-03-27,Partial
4170,2026-04-02,13,41,27,664.81,0.0,17949.87,2026-04-05,Paid
4171,2026-06-15,36,10,16,1180.68,3.0,18324.15,2026-06-17,Paid
4172,2026-06-13,13,35,25,683.13,2.0,16736.69,2026-06-14,Paid
4173,2025-10-25,55,39,13,1675.12,2.0,21341.03,2025-10-28,Paid
4174,2025-09-06,54,10,8,1180.68,0.0,9445.44,2025-09-08,Overdue
4175,2025-12-25,58,9,7,1636.11,3.0,11109.19,2025-12-27,Paid
4176,2026-05-19,5,12,23,1973.12,5.0,43112.67,2026-05-20,Partial
4177,2026-04-03,4,36,13,590.85,2.0,7527.43,2026-04-06,Overdue
4178,2025-09-11,14,2,27,1691.19,0.0,45662.13,2025-09-13,Paid
4179,2026-07-01,64,24,14,1980.55,5.0,26341.31,2026-07-02,Paid
4180,2026-03-30,2,43,24,520.68,3.0,12121.43,2026-03-31,Paid
4181,2026-01-30,6,27,13,1743.53,5.0,21532.6,2026-02-01,Overdue
4182,2025-10-15,1,37,26,127.78,0.0,3322.28,2025-10-19,Paid
4183,2026-04-21,30,9,16,1636.11,0.0,26177.76,2026-04-25,Partial
4184,2025-10-06,44,17,6,747.54,7.0,4171.27,2025-10-09,Paid
4185,2025-05-09,8,8,11,642.71,3.0,6857.72,2025-05-11,Paid
4186,2025-06-13,40,37,26,127.78,0.0,3322.28,2025-06-15,Paid
4187,2025-12-09,52,23,26,211.88,2.0,5398.7,2025-12-13,Paid
4188,2025-08-15,30,4,24,1306.68,2.0,30733.11,2025-08-16,Paid
4189,2025-07-18,44,2,23,1691.19,2.0,38119.42,2025-07-22,Paid
4190,2025-09-09,61,27,14,1743.53,0.0,24409.42,2025-09-12,Paid
4191,2025-06-15,48,41,26,664.81,0.0,17285.06,2025-06-17,Paid
4192,2025-06-19,17,2,27,1691.19,3.0,44292.27,2025-06-20,Paid
4193,2025-10-19,28,29,11,426.56,0.0,4692.16,2025-10-21,Overdue
4194,2026-05-14,7,34,20,376.49,0.0,7529.8,2026-05-18,Partial
4195,2026-01-20,69,43,15,520.68,0.0,7810.2,2026-01-21,Overdue
4196,2026-02-18,10,21,8,950.93,2.0,7455.29,2026-02-22,Overdue
4197,2025-12-24,53,45,24,1546.51,3.0,36002.75,2025-12-25,Paid
4198,2026-02-19,44,26,19,965.84,2.0,17983.94,2026-02-20,Paid
4199,2026-04-15,67,22,20,1032.12,3.0,20023.13,2026-04-17,Paid
4200,2025-07-08,59,17,19,747.54,3.0,13777.16,2025-07-11,Paid
4201,2025-07-12,39,3,22,345.6,2.0,7451.14,2025-07-13,Paid
4202,2026-06-30,41,15,18,148.05,5.0,2531.65,2026-07-03,Paid
4203,2025-10-09,17,11,22,1345.49,0.0,29600.78,2025-10-13,Partial
4204,2025-06-03,45,23,5,211.88,2.0,1038.21,2025-06-05,Partial
4205,2026-01-26,36,36,18,590.85,2.0,10422.59,2026-01-30,Paid
4206,2026-03-31,68,14,7,1010.26,2.0,6930.38,2026-04-02,Overdue
4207,2025-11-20,9,35,18,683.13,2.0,12050.41,2025-11-23,Partial
4208,2026-04-07,1,38,26,239.29,2.0,6097.11,2026-04-11,Paid
4209,2026-04-08,27,22,15,1032.12,2.0,15172.16,2026-04-09,Paid
4210,2025-10-03,19,26,23,965.84,5.0,21103.6,2025-10-05,Paid
4211,2025-12-12,41,1,27,312.72,2.0,8274.57,2025-12-16,Paid
4212,2026-03-12,10,42,22,644.47,2.0,13894.77,2026-03-14,Paid
4213,2025-10-16,4,33,16,1777.66,7.0,26451.58,2025-10-17,Overdue
4214,2026-06-04,54,18,17,1285.87,5.0,20766.8,2026-06-07,Paid
4215,2026-03-13,18,1,24,312.72,0.0,7505.28,2026-03-14,Paid
4216,2026-07-28,68,12,17,1973.12,3.0,32536.75,2026-08-01,Paid
4217,2026-05-12,67,26,15,965.84,5.0,13763.22,2026-05-16,Paid
4218,2025-09-10,33,10,21,1180.68,3.0,24050.45,2025-09-14,Partial
4219,2026-04-12,14,16,21,1370.49,5.0,27341.28,2026-04-13,Paid
4220,2025-10-05,55,43,6,520.68,0.0,3124.08,2025-10-09,Paid
4221,2025-09-19,23,14,16,1010.26,0.0,16164.16,2025-09-20,Paid
4222,2026-02-22,29,45,17,1546.51,0.0,26290.67,2026-02-26,Paid
4223,2025-10-14,5,12,12,1973.12,3.0,22967.12,2025-10-15,Partial
4224,2026-05-18,47,30,18,1771.57,3.0,30931.61,2026-05-19,Paid
4225,2026-06-26,50,28,26,864.2,2.0,22019.82,2026-06-29,Paid
4226,2025-12-30,9,10,16,1180.68,3.0,18324.15,2026-01-02,Paid
4227,2026-01-15,5,16,27,1370.49,3.0,35893.13,2026-01-18,Partial
4228,2026-03-23,33,3,20,345.6,3.0,6704.64,2026-03-26,Paid
4229,2025-11-16,49,29,23,426.56,2.0,9614.66,2025-11-18,Paid
4230,2025-12-17,53,35,16,683.13,0.0,10930.08,2025-12-19,Paid
4231,2025-09-13,63,38,7,239.29,2.0,1641.53,2025-09-15,Paid
4232,2026-03-03,25,34,16,376.49,0.0,6023.84,2026-03-06,Paid
4233,2025-10-19,66,27,18,1743.53,0.0,31383.54,2025-10-21,Overdue
4234,2026-02-27,20,20,14,768.72,0.0,10762.08,2026-02-28,Paid
4235,2025-09-19,15,3,5,345.6,5.0,1641.6,2025-09-23,Partial
4236,2026-06-16,17,43,27,520.68,3.0,13636.61,2026-06-18,Paid
4237,2026-06-29,55,34,10,376.49,5.0,3576.65,2026-07-01,Partial
4238,2025-07-23,28,18,10,1285.87,0.0,12858.7,2025-07-24,Paid
4239,2025-07-10,54,18,7,1285.87,0.0,9001.09,2025-07-14,Paid
4240,2025-08-02,61,45,5,1546.51,5.0,7345.92,2025-08-04,Paid
4241,2025-09-25,49,21,19,950.93,3.0,17525.64,2025-09-29,Overdue
4242,2026-01-22,58,8,18,642.71,0.0,11568.78,2026-01-26,Overdue
4243,2025-06-03,62,5,24,1898.46,3.0,44196.15,2025-06-04,Overdue
4244,2025-11-08,53,18,23,1285.87,5.0,28096.26,2025-11-09,Paid
4245,2025-11-10,13,4,20,1306.68,2.0,25610.93,2025-11-12,Overdue
4246,2025-12-11,62,1,26,312.72,0.0,8130.72,2025-12-13,Paid
4247,2026-03-25,59,10,25,1180.68,5.0,28041.15,2026-03-28,Paid
4248,2025-06-10,3,31,5,297.43,2.0,1457.41,2025-06-11,Partial
4249,2026-02-05,63,35,5,683.13,0.0,3415.65,2026-02-09,Overdue
4250,2026-01-12,38,33,9,1777.66,2.0,15678.96,2026-01-16,Partial
4251,2025-06-29,45,20,19,768.72,2.0,14313.57,2025-07-01,Paid
4252,2026-01-16,8,11,8,1345.49,0.0,10763.92,2026-01-18,Paid
4253,2025-06-26,56,35,9,683.13,3.0,5963.72,2025-06-29,Paid
4254,2026-04-21,34,17,19,747.54,3.0,13777.16,2026-04-22,Partial
4255,2025-07-01,2,41,22,664.81,2.0,14333.3,2025-07-04,Paid
4256,2025-11-03,10,3,16,345.6,3.0,5363.71,2025-11-07,Paid
4257,2025-07-18,17,37,23,127.78,2.0,2880.16,2025-07-20,Paid
4258,2025-05-26,43,30,8,1771.57,2.0,13889.11,2025-05-27,Paid
4259,2026-03-16,60,25,21,1589.47,3.0,32377.5,2026-03-18,Paid
4260,2025-05-18,25,24,16,1980.55,2.0,31055.02,2025-05-19,Paid
4261,2025-12-30,43,15,27,148.05,5.0,3797.48,2026-01-03,Paid
4262,2025-12-07,20,25,19,1589.47,2.0,29595.93,2025-12-11,Partial
4263,2025-08-24,6,3,27,345.6,3.0,9051.26,2025-08-28,Paid
4264,2026-02-16,40,9,23,1636.11,0.0,37630.53,2026-02-18,Overdue
4265,2025-07-12,2,44,18,715.24,2.0,12616.83,2025-07-15,Partial
4266,2025-10-25,16,42,10,644.47,5.0,6122.47,2025-10-28,Overdue
4267,2026-02-07,49,36,27,590.85,5.0,15155.3,2026-02-08,Overdue
4268,2025-10-30,35,6,9,512.21,0.0,4609.89,2025-11-01,Paid
4269,2026-02-07,70,35,25,683.13,3.0,16565.9,2026-02-10,Paid
4270,2026-06-15,7,17,5,747.54,0.0,3737.7,2026-06-16,Paid
4271,2026-05-04,63,2,11,1691.19,0.0,18603.09,2026-05-05,Paid
4272,2026-05-02,17,25,12,1589.47,5.0,18119.96,2026-05-06,Paid
4273,2025-10-25,58,30,7,1771.57,5.0,11780.94,2025-10-26,Paid
4274,2025-08-29,4,24,10,1980.55,0.0,19805.5,2025-09-02,Partial
4275,2025-10-24,70,26,25,965.84,0.0,24146.0,2025-10-28,Paid
4276,2026-06-14,5,45,20,1546.51,7.0,28765.09,2026-06-18,Paid
4277,2026-01-18,53,38,26,239.29,0.0,6221.54,2026-01-20,Paid
4278,2026-06-02,11,35,8,683.13,2.0,5355.74,2026-06-06,Paid
4279,2026-04-21,61,2,19,1691.19,2.0,31489.96,2026-04-24,Paid
4280,2025-05-22,7,26,14,965.84,5.0,12845.67,2025-05-23,Paid
4281,2025-07-12,25,2,18,1691.19,0.0,30441.42,2025-07-15,Partial
4282,2026-01-13,27,34,18,376.49,2.0,6641.28,2026-01-15,Paid
4283,2026-06-10,21,27,5,1743.53,0.0,8717.65,2026-06-13,Paid
4284,2026-05-09,13,9,27,1636.11,2.0,43291.47,2026-05-13,Paid
4285,2026-06-13,33,41,23,664.81,2.0,14984.82,2026-06-14,Paid
4286,2026-07-17,68,14,17,1010.26,0.0,17174.42,2026-07-21,Partial
4287,2026-01-24,18,43,21,520.68,0.0,10934.28,2026-01-26,Paid
4288,2026-07-30,10,22,23,1032.12,7.0,22077.05,2026-08-01,Paid
4289,2025-11-11,55,22,10,1032.12,5.0,9805.14,2025-11-14,Partial
4290,2025-07-02,35,44,15,715.24,3.0,10406.74,2025-07-06,Paid
4291,2025-08-18,31,11,18,1345.49,5.0,23007.88,2025-08-21,Paid
4292,2025-05-18,68,43,5,520.68,0.0,2603.4,2025-05-19,Paid
4293,2026-02-15,20,2,15,1691.19,0.0,25367.85,2026-02-17,Paid
4294,2026-04-16,63,43,9,520.68,2.0,4592.4,2026-04-17,Partial
4295,2025-07-20,49,29,6,426.56,0.0,2559.36,2025-07-21,Paid
4296,2025-09-24,47,45,8,1546.51,2.0,12124.64,2025-09-27,Paid
4297,2025-11-13,5,42,9,644.47,2.0,5684.23,2025-11-15,Paid
4298,2025-12-01,68,14,18,1010.26,2.0,17820.99,2025-12-04,Paid
4299,2026-01-29,45,17,6,747.54,0.0,4485.24,2026-01-31,Partial
4300,2026-07-12,69,1,20,312.72,3.0,6066.77,2026-07-16,Paid
4301,2026-02-03,8,33,9,1777.66,2.0,15678.96,2026-02-07,Paid
4302,2025-08-01,15,15,27,148.05,0.0,3997.35,2025-08-05,Partial
4303,2026-02-13,32,33,24,1777.66,3.0,41383.92,2026-02-16,Paid
4304,2026-03-25,32,39,5,1675.12,0.0,8375.6,2026-03-29,Paid
4305,2025-11-12,69,3,12,345.6,3.0,4022.78,2025-11-13,Overdue
4306,2025-07-09,28,1,26,312.72,7.0,7561.57,2025-07-12,Paid
4307,2025-10-06,13,18,16,1285.87,2.0,20162.44,2025-10-07,Paid
4308,2025-08-18,2,11,9,1345.49,2.0,11867.22,2025-08-19,Paid
4309,2025-11-07,40,32,10,730.3,3.0,7083.91,2025-11-09,Paid
4310,2025-07-11,44,41,24,664.81,0.0,15955.44,2025-07-13,Paid
4311,2025-05-06,35,1,23,312.72,2.0,7048.71,2025-05-09,Overdue
4312,2025-10-19,9,11,26,1345.49,0.0,34982.74,2025-10-21,Partial
4313,2026-06-19,35,9,18,1636.11,2.0,28860.98,2026-06-22,Partial
4314,2026-06-08,63,40,8,289.63,0.0,2317.04,2026-06-11,Paid
4315,2025-11-22,49,35,21,683.13,2.0,14058.82,2025-11-26,Paid
4316,2026-01-15,66,24,5,1980.55,0.0,9902.75,2026-01-16,Partial
4317,2026-05-26,70,44,22,715.24,3.0,15263.22,2026-05-30,Partial
4318,2026-07-15,36,8,17,642.71,0.0,10926.07,2026-07-19,Paid
4319,2025-07-17,33,9,24,1636.11,2.0,38481.31,2025-07-20,Partial
4320,2025-08-31,29,30,18,1771.57,3.0,30931.61,2025-09-01,Paid
4321,2025-10-21,4,35,24,683.13,7.0,15247.46,2025-10-25,Paid
4322,2025-08-17,67,5,7,1898.46,2.0,13023.44,2025-08-18,Partial
4323,2026-01-29,39,45,14,1546.51,3.0,21001.61,2026-02-01,Paid
4324,2026-01-24,7,29,15,426.56,7.0,5950.51,2026-01-26,Partial
4325,2025-11-11,38,9,10,1636.11,2.0,16033.88,2025-11-13,Paid
4326,2026-07-01,42,6,9,512.21,2.0,4517.69,2026-07-05,Paid
4327,2025-08-08,68,44,23,715.24,0.0,16450.52,2025-08-10,Partial
4328,2026-07-25,48,32,20,730.3,5.0,13875.7,2026-07-27,Paid
4329,2025-08-15,8,18,23,1285.87,5.0,28096.26,2025-08-17,Paid
4330,2025-10-22,63,38,10,239.29,2.0,2345.04,2025-10-25,Overdue
4331,2026-02-25,69,12,23,1973.12,0.0,45381.76,2026-03-01,Paid
4332,2025-08-26,19,39,19,1675.12,5.0,30235.92,2025-08-30,Partial
4333,2025-11-19,3,2,27,1691.19,2.0,44748.89,2025-11-22,Paid
4334,2025-06-12,64,41,12,664.81,3.0,7738.39,2025-06-15,Paid
4335,2026-07-02,23,27,23,1743.53,2.0,39299.17,2026-07-06,Partial
4336,2026-02-21,9,13,5,410.08,5.0,1947.88,2026-02-25,Partial
4337,2025-05-09,27,9,18,1636.11,2.0,28860.98,2025-05-12,Paid
4338,2026-01-04,67,19,21,1770.9,5.0,35329.46,2026-01-06,Overdue
4339,2026-04-26,22,4,24,1306.68,0.0,31360.32,2026-04-28,Paid
4340,2025-08-12,49,22,20,1032.12,0.0,20642.4,2025-08-16,Overdue
4341,2025-11-04,48,5,27,1898.46,3.0,49720.67,2025-11-06,Paid
4342,2025-12-16,6,19,6,1770.9,2.0,10412.89,2025-12-19,Paid
4343,2026-01-26,52,22,18,1032.12,5.0,17649.25,2026-01-28,Paid
4344,2026-07-14,14,4,16,1306.68,0.0,20906.88,2026-07-18,Overdue
4345,2025-06-08,16,44,17,715.24,0.0,12159.08,2025-06-09,Partial
4346,2026-02-08,19,1,8,312.72,2.0,2451.72,2026-02-09,Partial
4347,2025-10-06,7,19,15,1770.9,2.0,26032.23,2025-10-08,Paid
4348,2025-12-27,31,5,10,1898.46,2.0,18604.91,2025-12-28,Paid
4349,2026-01-27,12,3,5,345.6,2.0,1693.44,2026-01-30,Paid
4350,2026-03-31,38,40,27,289.63,2.0,7663.61,2026-04-02,Paid
4351,2025-12-20,62,29,19,426.56,2.0,7942.55,2025-12-24,Paid
4352,2025-09-13,45,21,24,950.93,2.0,22365.87,2025-09-14,Paid
4353,2025-12-01,38,1,14,312.72,5.0,4159.18,2025-12-04,Paid
4354,2026-02-25,44,5,23,1898.46,5.0,41481.35,2026-02-27,Paid
4355,2025-06-06,8,38,17,239.29,7.0,3783.17,2025-06-09,Paid
4356,2025-12-21,25,21,17,950.93,5.0,15357.52,2025-12-23,Paid
4357,2026-02-26,55,38,14,239.29,0.0,3350.06,2026-02-27,Paid
4358,2025-11-15,11,11,21,1345.49,0.0,28255.29,2025-11-19,Paid
4359,2025-07-01,4,10,21,1180.68,0.0,24794.28,2025-07-04,Paid
4360,2026-06-25,5,22,17,1032.12,0.0,17546.04,2026-06-29,Paid
4361,2026-07-03,28,10,11,1180.68,0.0,12987.48,2026-07-07,Paid
4362,2026-02-02,9,44,6,715.24,3.0,4162.7,2026-02-04,Paid
4363,2026-03-25,67,5,11,1898.46,0.0,20883.06,2026-03-26,Partial
4364,2025-08-11,61,1,23,312.72,3.0,6976.78,2025-08-12,Paid
4365,2025-05-17,34,22,27,1032.12,3.0,27031.22,2025-05-18,Paid
4366,2025-05-31,38,15,14,148.05,2.0,2031.25,2025-06-03,Paid
4367,2025-08-29,59,22,6,1032.12,3.0,6006.94,2025-08-31,Paid
4368,2026-05-27,9,41,17,664.81,2.0,11075.73,2026-05-28,Paid
4369,2026-07-17,12,41,9,664.81,2.0,5863.62,2026-07-20,Partial
4370,2025-08-16,42,17,14,747.54,3.0,10151.59,2025-08-20,Paid
4371,2026-04-17,22,23,17,211.88,0.0,3601.96,2026-04-21,Paid
4372,2025-11-08,1,17,20,747.54,0.0,14950.8,2025-11-12,Partial
4373,2025-12-31,1,25,24,1589.47,5.0,36239.92,2026-01-04,Paid
4374,2025-06-11,39,15,17,148.05,0.0,2516.85,2025-06-13,Paid
4375,2025-06-08,18,24,14,1980.55,5.0,26341.31,2025-06-11,Paid
4376,2025-12-16,64,34,24,376.49,0.0,9035.76,2025-12-17,Paid
4377,2025-06-07,38,27,16,1743.53,7.0,25943.73,2025-06-10,Paid
4378,2026-07-31,6,27,27,1743.53,3.0,45663.05,2026-08-04,Paid
4379,2025-08-10,47,42,7,644.47,3.0,4375.95,2025-08-12,Paid
4380,2025-06-16,28,2,27,1691.19,5.0,43379.02,2025-06-20,Paid
4381,2026-03-16,50,45,21,1546.51,7.0,30203.34,2026-03-19,Partial
4382,2026-05-05,29,38,10,239.29,3.0,2321.11,2026-05-06,Partial
4383,2025-05-15,53,16,21,1370.49,7.0,26765.67,2025-05-17,Paid
4384,2025-11-20,26,31,25,297.43,2.0,7287.03,2025-11-21,Paid
4385,2025-08-04,60,36,26,590.85,0.0,15362.1,2025-08-06,Paid
4386,2026-06-29,51,45,11,1546.51,0.0,17011.61,2026-07-02,Partial
4387,2026-04-13,27,29,16,426.56,2.0,6688.46,2026-04-17,Partial
4388,2026-06-04,7,43,14,520.68,2.0,7143.73,2026-06-08,Paid
4389,2025-06-22,58,11,11,1345.49,3.0,14356.38,2025-06-26,Paid
4390,2025-11-14,35,21,13,950.93,0.0,12362.09,2025-11-17,Paid
4391,2026-01-10,31,2,10,1691.19,0.0,16911.9,2026-01-12,Paid
4392,2026-05-09,20,26,25,965.84,0.0,24146.0,2026-05-12,Paid
4393,2025-07-11,58,11,24,1345.49,5.0,30677.17,2025-07-14,Paid
4394,2026-01-04,2,24,18,1980.55,3.0,34580.4,2026-01-06,Paid
4395,2025-12-03,30,23,7,211.88,0.0,1483.16,2025-12-05,Overdue
4396,2025-08-19,5,39,19,1675.12,3.0,30872.46,2025-08-23,Paid
4397,2026-02-09,26,5,12,1898.46,3.0,22098.07,2026-02-11,Paid
4398,2025-11-25,27,19,7,1770.9,0.0,12396.3,2025-11-27,Paid
4399,2025-10-16,19,30,24,1771.57,0.0,42517.68,2025-10-20,Paid
4400,2025-09-29,70,1,26,312.72,5.0,7724.18,2025-10-03,Paid
4401,2026-06-12,52,18,22,1285.87,0.0,28289.14,2026-06-13,Paid
4402,2026-02-10,1,24,18,1980.55,5.0,33867.4,2026-02-13,Partial
4403,2025-06-16,45,9,15,1636.11,5.0,23314.57,2025-06-20,Overdue
4404,2025-11-17,15,34,26,376.49,0.0,9788.74,2025-11-19,Paid
4405,2025-12-22,20,42,10,644.47,0.0,6444.7,2025-12-26,Partial
4406,2026-03-03,52,44,6,715.24,0.0,4291.44,2026-03-05,Paid
4407,2025-09-15,37,39,23,1675.12,2.0,37757.2,2025-09-19,Paid
4408,2025-09-17,21,35,24,683.13,0.0,16395.12,2025-09-19,Overdue
4409,2026-01-17,49,42,17,644.47,0.0,10955.99,2026-01-18,Paid
4410,2025-12-04,47,9,24,1636.11,2.0,38481.31,2025-12-06,Paid
4411,2026-07-28,3,26,9,965.84,0.0,8692.56,2026-07-30,Paid
4412,2026-06-04,3,17,15,747.54,0.0,11213.1,2026-06-08,Paid
4413,2026-05-09,16,14,27,1010.26,2.0,26731.48,2026-05-11,Overdue
4414,2025-05-18,51,37,5,127.78,7.0,594.18,2025-05-22,Overdue
4415,2025-05-06,13,10,27,1180.68,3.0,30922.01,2025-05-07,Partial
4416,2026-05-29,58,29,19,426.56,5.0,7699.41,2026-06-01,Paid
4417,2025-07-02,28,24,25,1980.55,0.0,49513.75,2025-07-03,Paid
4418,2026-02-02,10,23,23,211.88,3.0,4727.04,2026-02-06,Paid
4419,2025-10-10,34,27,16,1743.53,0.0,27896.48,2025-10-14,Paid
4420,2026-02-17,65,27,19,1743.53,0.0,33127.07,2026-02-20,Overdue
4421,2025-11-20,48,25,10,1589.47,0.0,15894.7,2025-11-23,Paid
4422,2025-08-02,60,30,8,1771.57,2.0,13889.11,2025-08-05,Partial
4423,2026-03-14,58,34,11,376.49,3.0,4017.15,2026-03-16,Paid
4424,2026-04-05,39,42,22,644.47,5.0,13469.42,2026-04-08,Partial
4425,2026-03-25,29,29,16,426.56,3.0,6620.21,2026-03-26,Paid
4426,2026-06-01,10,38,5,239.29,7.0,1112.7,2026-06-04,Partial
4427,2025-05-01,61,22,9,1032.12,3.0,9010.41,2025-05-03,Paid
4428,2025-10-06,59,28,6,864.2,5.0,4925.94,2025-10-08,Paid
4429,2025-05-21,43,19,20,1770.9,0.0,35418.0,2025-05-22,Paid
4430,2026-02-12,60,26,6,965.84,5.0,5505.29,2026-02-15,Overdue
4431,2025-11-07,11,38,8,239.29,0.0,1914.32,2025-11-11,Paid
4432,2025-09-27,60,32,7,730.3,5.0,4856.49,2025-09-30,Overdue
4433,2026-06-29,26,41,21,664.81,0.0,13961.01,2026-06-30,Paid
4434,2026-07-14,68,31,12,297.43,2.0,3497.78,2026-07-17,Partial
4435,2025-06-02,59,45,16,1546.51,0.0,24744.16,2025-06-06,Paid
4436,2025-07-25,64,41,13,664.81,3.0,8383.25,2025-07-28,Overdue
4437,2026-05-25,54,17,27,747.54,2.0,19779.91,2026-05-29,Paid
4438,2025-09-26,47,29,15,426.56,2.0,6270.43,2025-09-28,Paid
4439,2025-10-17,60,43,25,520.68,2.0,12756.66,2025-10-21,Paid
4440,2026-06-21,60,14,8,1010.26,2.0,7920.44,2026-06-22,Partial
4441,2025-08-25,30,20,9,768.72,3.0,6710.93,2025-08-26,Paid
4442,2026-06-04,38,32,15,730.3,0.0,10954.5,2026-06-07,Overdue
4443,2026-01-27,11,22,13,1032.12,5.0,12746.68,2026-01-28,Paid
4444,2025-05-19,60,12,8,1973.12,3.0,15311.41,2025-05-20,Paid
4445,2025-11-10,6,16,19,1370.49,3.0,25258.13,2025-11-11,Paid
4446,2025-05-08,46,29,25,426.56,2.0,10450.72,2025-05-12,Paid
4447,2026-07-20,6,11,6,1345.49,0.0,8072.94,2026-07-21,Paid
4448,2025-08-25,69,20,11,768.72,3.0,8202.24,2025-08-29,Paid
4449,2025-09-07,35,43,15,520.68,2.0,7654.0,2025-09-10,Overdue
4450,2025-11-17,39,7,25,1787.03,2.0,43782.24,2025-11-19,Partial
4451,2026-07-17,6,13,8,410.08,5.0,3116.61,2026-07-19,Paid
4452,2025-11-27,35,5,20,1898.46,3.0,36830.12,2025-11-30,Paid
4453,2026-07-07,41,34,8,376.49,2.0,2951.68,2026-07-09,Paid
4454,2025-12-25,17,8,25,642.71,3.0,15585.72,2025-12-28,Paid
4455,2025-12-17,60,8,27,642.71,3.0,16832.57,2025-12-19,Partial
4456,2025-08-28,58,8,19,642.71,2.0,11967.26,2025-08-29,Paid
4457,2026-07-21,41,5,12,1898.46,5.0,21642.44,2026-07-24,Paid
4458,2025-12-30,67,33,22,1777.66,5.0,37153.09,2026-01-02,Partial
4459,2025-08-28,28,32,17,730.3,5.0,11794.34,2025-08-30,Partial
4460,2025-07-01,20,40,9,289.63,2.0,2554.54,2025-07-03,Partial
4461,2026-04-26,58,34,13,376.49,2.0,4796.48,2026-04-27,Partial
4462,2025-10-10,59,20,27,768.72,0.0,20755.44,2025-10-13,Paid
4463,2026-02-21,8,26,26,965.84,0.0,25111.84,2026-02-24,Partial
4464,2026-02-16,67,42,18,644.47,3.0,11252.45,2026-02-19,Paid
4465,2025-10-05,66,39,27,1675.12,3.0,43871.39,2025-10-08,Paid
4466,2026-02-22,18,2,13,1691.19,5.0,20886.2,2026-02-24,Paid
4467,2025-11-09,50,24,17,1980.55,0.0,33669.35,2025-11-12,Partial
4468,2025-07-25,60,19,11,1770.9,2.0,19090.3,2025-07-29,Paid
4469,2026-05-13,34,36,13,590.85,2.0,7527.43,2026-05-16,Paid
4470,2026-07-04,18,37,9,127.78,2.0,1127.02,2026-07-08,Paid
4471,2026-01-07,52,9,24,1636.11,5.0,37303.31,2026-01-09,Paid
4472,2026-02-28,23,33,5,1777.66,7.0,8266.12,2026-03-04,Paid
4473,2025-12-25,57,6,8,512.21,0.0,4097.68,2025-12-26,Paid
4474,2025-12-18,40,25,20,1589.47,0.0,31789.4,2025-12-19,Paid
4475,2026-02-13,35,8,22,642.71,5.0,13432.64,2026-02-15,Paid
4476,2026-07-05,18,31,24,297.43,2.0,6995.55,2026-07-06,Paid
4477,2026-02-13,59,12,16,1973.12,3.0,30622.82,2026-02-14,Overdue
4478,2025-08-18,55,22,11,1032.12,0.0,11353.32,2025-08-19,Overdue
4479,2025-10-21,56,32,18,730.3,3.0,12751.04,2025-10-24,Overdue
4480,2025-06-01,24,42,21,644.47,3.0,13127.85,2025-06-05,Overdue
4481,2026-02-14,24,1,20,312.72,7.0,5816.59,2026-02-16,Paid
4482,2025-07-21,69,35,25,683.13,2.0,16736.69,2025-07-23,Paid
4483,2026-01-27,50,25,10,1589.47,5.0,15099.97,2026-01-31,Paid
4484,2025-10-01,57,45,15,1546.51,7.0,21573.81,2025-10-03,Paid
4485,2025-07-05,36,5,7,1898.46,2.0,13023.44,2025-07-07,Paid
4486,2026-04-10,28,23,19,211.88,5.0,3824.43,2026-04-11,Partial
4487,2025-07-31,63,43,8,520.68,0.0,4165.44,2025-08-04,Paid
4488,2025-10-27,44,23,24,211.88,2.0,4983.42,2025-10-29,Partial
4489,2026-01-24,14,11,21,1345.49,0.0,28255.29,2026-01-27,Paid
4490,2025-05-06,26,15,22,148.05,5.0,3094.25,2025-05-10,Paid
4491,2026-02-23,45,36,21,590.85,0.0,12407.85,2026-02-26,Paid
4492,2025-07-09,18,16,25,1370.49,3.0,33234.38,2025-07-13,Paid
4493,2025-05-05,8,21,10,950.93,5.0,9033.83,2025-05-07,Paid
4494,2025-08-23,63,25,6,1589.47,2.0,9346.08,2025-08-27,Paid
4495,2026-01-07,26,42,5,644.47,5.0,3061.23,2026-01-09,Paid
4496,2025-08-08,65,16,22,1370.49,7.0,28040.23,2025-08-09,Paid
4497,2025-11-24,11,10,21,1180.68,0.0,24794.28,2025-11-25,Partial
4498,2025-08-28,45,25,10,1589.47,7.0,14782.07,2025-08-29,Paid
4499,2025-07-25,3,14,12,1010.26,0.0,12123.12,2025-07-28,Partial
4500,2025-05-14,57,16,23,1370.49,3.0,30575.63,2025-05-15,Partial
4501,2026-05-17,70,42,5,644.47,2.0,3157.9,2026-05-19,Paid
4502,2025-12-11,24,34,19,376.49,0.0,7153.31,2025-12-14,Paid
4503,2025-11-21,35,17,13,747.54,5.0,9232.12,2025-11-23,Paid
4504,2026-06-07,10,16,13,1370.49,3.0,17281.88,2026-06-08,Paid
4505,2026-03-12,5,13,23,410.08,5.0,8960.25,2026-03-16,Partial
4506,2026-01-20,32,43,20,520.68,2.0,10205.33,2026-01-23,Paid
4507,2025-05-02,1,9,25,1636.11,3.0,39675.67,2025-05-06,Overdue
4508,2026-07-27,26,27,21,1743.53,3.0,35515.71,2026-07-31,Paid
4509,2025-10-22,68,2,6,1691.19,2.0,9944.2,2025-10-23,Overdue
4510,2025-07-21,43,1,9,312.72,2.0,2758.19,2025-07-25,Partial
4511,2025-06-08,14,15,16,148.05,0.0,2368.8,2025-06-11,Paid
4512,2025-09-29,69,18,18,1285.87,2.0,22682.75,2025-10-03,Paid
4513,2026-02-16,61,2,18,1691.19,0.0,30441.42,2026-02-18,Paid
4514,2025-09-27,58,25,17,1589.47,2.0,26480.57,2025-10-01,Overdue
4515,2025-06-01,68,29,16,426.56,5.0,6483.71,2025-06-04,Paid
4516,2026-03-19,35,4,14,1306.68,2.0,17927.65,2026-03-21,Paid
4517,2026-02-19,28,19,15,1770.9,7.0,24704.05,2026-02-23,Paid
4518,2025-05-02,31,44,22,715.24,3.0,15263.22,2025-05-06,Paid
4519,2026-02-22,45,45,25,1546.51,3.0,37502.87,2026-02-24,Paid
4520,2026-05-23,25,6,15,512.21,2.0,7529.49,2026-05-25,Paid
4521,2025-09-20,51,44,17,715.24,7.0,11307.94,2025-09-24,Paid
4522,2025-07-26,27,18,16,1285.87,2.0,20162.44,2025-07-30,Paid
4523,2026-06-03,32,1,13,312.72,5.0,3862.09,2026-06-04,Paid
4524,2026-01-02,38,15,5,148.05,3.0,718.04,2026-01-06,Paid
4525,2025-05-18,39,43,8,520.68,5.0,3957.17,2025-05-19,Partial
4526,2025-06-21,11,14,15,1010.26,2.0,14850.82,2025-06-22,Paid
4527,2025-05-06,13,24,17,1980.55,7.0,31312.5,2025-05-09,Paid
4528,2026-04-24,32,34,5,376.49,7.0,1750.68,2026-04-26,Paid
4529,2026-05-09,5,36,23,590.85,3.0,13181.86,2026-05-13,Paid
4530,2026-07-28,19,25,13,1589.47,0.0,20663.11,2026-07-29,Paid
4531,2025-12-13,62,38,10,239.29,2.0,2345.04,2025-12-14,Paid
4532,2025-06-20,21,1,24,312.72,3.0,7280.12,2025-06-24,Overdue
4533,2026-01-18,4,12,20,1973.12,3.0,38278.53,2026-01-20,Paid
4534,2025-05-01,2,7,15,1787.03,0.0,26805.45,2025-05-04,Paid
4535,2025-12-07,26,2,5,1691.19,5.0,8033.15,2025-12-10,Paid
4536,2026-05-15,2,43,5,520.68,0.0,2603.4,2026-05-18,Overdue
4537,2026-04-25,68,20,8,768.72,7.0,5719.28,2026-04-28,Paid
4538,2026-07-16,21,29,11,426.56,5.0,4457.55,2026-07-19,Paid
4539,2026-02-03,9,23,17,211.88,5.0,3421.86,2026-02-06,Partial
4540,2025-09-13,57,16,17,1370.49,5.0,22133.41,2025-09-17,Partial
4541,2026-03-07,42,26,25,965.84,0.0,24146.0,2026-03-09,Paid
4542,2025-08-26,3,24,7,1980.55,7.0,12893.38,2025-08-27,Paid
4543,2025-08-18,62,39,6,1675.12,0.0,10050.72,2025-08-21,Paid
4544,2025-11-15,57,7,13,1787.03,0.0,23231.39,2025-11-19,Paid
4545,2025-12-11,24,13,26,410.08,0.0,10662.08,2025-12-12,Paid
4546,2026-04-17,42,17,13,747.54,0.0,9718.02,2026-04-19,Paid
4547,2026-02-11,5,23,11,211.88,0.0,2330.68,2026-02-12,Overdue
4548,2026-01-20,21,40,21,289.63,2.0,5960.59,2026-01-23,Partial
4549,2025-06-03,24,26,12,965.84,5.0,11010.58,2025-06-04,Partial
4550,2026-01-12,54,5,13,1898.46,0.0,24679.98,2026-01-13,Overdue
4551,2025-10-02,42,12,21,1973.12,5.0,39363.74,2025-10-05,Partial
4552,2026-06-22,3,39,13,1675.12,0.0,21776.56,2026-06-25,Paid
4553,2026-04-20,13,19,19,1770.9,7.0,31291.8,2026-04-23,Paid
4554,2025-10-13,11,27,25,1743.53,0.0,43588.25,2025-10-17,Paid
4555,2026-01-21,6,17,25,747.54,5.0,17754.08,2026-01-22,Paid
4556,2026-05-31,7,19,6,1770.9,3.0,10306.64,2026-06-02,Paid
4557,2025-08-24,39,5,12,1898.46,3.0,22098.07,2025-08-25,Partial
4558,2025-05-04,19,29,21,426.56,2.0,8778.6,2025-05-05,Paid
4559,2025-09-07,26,30,10,1771.57,2.0,17361.39,2025-09-10,Paid
4560,2025-11-18,36,9,8,1636.11,2.0,12827.1,2025-11-21,Paid
4561,2025-09-15,14,3,7,345.6,2.0,2370.82,2025-09-17,Partial
4562,2026-03-10,20,11,14,1345.49,3.0,18271.75,2026-03-11,Paid
4563,2025-11-09,20,24,11,1980.55,0.0,21786.05,2025-11-12,Paid
4564,2025-12-22,5,45,13,1546.51,0.0,20104.63,2025-12-26,Paid
4565,2025-05-22,33,35,22,683.13,3.0,14577.99,2025-05-23,Paid
4566,2025-09-14,58,37,19,127.78,5.0,2306.43,2025-09-16,Overdue
4567,2025-11-12,36,23,18,211.88,0.0,3813.84,2025-11-13,Paid
4568,2026-05-31,19,8,20,642.71,2.0,12597.12,2026-06-01,Paid
4569,2026-01-06,43,6,24,512.21,3.0,11924.25,2026-01-09,Paid
4570,2025-07-26,20,15,9,148.05,3.0,1292.48,2025-07-29,Paid
4571,2025-07-27,68,40,11,289.63,7.0,2962.91,2025-07-31,Paid
4572,2026-02-07,57,16,14,1370.49,5.0,18227.52,2026-02-08,Paid
4573,2026-04-08,45,45,13,1546.51,7.0,18697.31,2026-04-12,Paid
4574,2025-08-25,66,4,8,1306.68,2.0,10244.37,2025-08-26,Partial
4575,2025-12-29,64,28,11,864.2,0.0,9506.2,2025-12-31,Paid
4576,2026-01-07,12,28,23,864.2,0.0,19876.6,2026-01-09,Paid
4577,2025-05-29,41,18,23,1285.87,5.0,28096.26,2025-05-30,Overdue
4578,2025-08-02,66,35,5,683.13,2.0,3347.34,2025-08-06,Paid
4579,2025-11-29,8,26,8,965.84,2.0,7572.19,2025-11-30,Overdue
4580,2025-12-05,34,13,10,410.08,3.0,3977.78,2025-12-07,Paid
4581,2025-11-11,8,33,6,1777.66,2.0,10452.64,2025-11-15,Paid
4582,2025-11-19,55,26,17,965.84,2.0,16090.89,2025-11-20,Paid
4583,2025-08-11,2,25,18,1589.47,0.0,28610.46,2025-08-13,Paid
4584,2026-06-11,29,9,21,1636.11,2.0,33671.14,2026-06-14,Paid
4585,2026-05-26,25,27,13,1743.53,0.0,22665.89,2026-05-29,Paid
4586,2025-08-12,48,18,10,1285.87,0.0,12858.7,2025-08-15,Partial
4587,2026-04-19,56,1,15,312.72,0.0,4690.8,2026-04-21,Paid
4588,2025-10-13,3,31,7,297.43,2.0,2040.37,2025-10-16,Paid
4589,2025-07-10,17,26,19,965.84,5.0,17433.41,2025-07-12,Paid
4590,2025-12-25,16,25,17,1589.47,5.0,25669.94,2025-12-27,Paid
4591,2025-11-06,12,40,6,289.63,0.0,1737.78,2025-11-07,Paid
4592,2025-10-22,31,6,13,512.21,0.0,6658.73,2025-10-24,Paid
4593,2026-03-23,12,34,26,376.49,5.0,9299.3,2026-03-25,Partial
4594,2026-05-08,42,33,24,1777.66,2.0,41810.56,2026-05-11,Paid
4595,2025-07-15,8,31,15,297.43,0.0,4461.45,2025-07-17,Overdue
4596,2026-05-10,27,45,5,1546.51,5.0,7345.92,2026-05-11,Paid
4597,2026-03-23,4,18,11,1285.87,0.0,14144.57,2026-03-25,Overdue
4598,2025-08-14,18,45,26,1546.51,2.0,39405.07,2025-08-15,Paid
4599,2026-03-17,8,43,26,520.68,5.0,12860.8,2026-03-18,Paid
4600,2026-02-02,1,12,12,1973.12,0.0,23677.44,2026-02-05,Partial
4601,2025-07-22,22,6,9,512.21,0.0,4609.89,2025-07-23,Paid
4602,2026-01-06,14,37,22,127.78,0.0,2811.16,2026-01-07,Paid
4603,2025-07-06,10,18,8,1285.87,3.0,9978.35,2025-07-07,Partial
4604,2026-03-16,24,6,6,512.21,0.0,3073.26,2026-03-20,Overdue
4605,2026-01-27,37,23,24,211.88,0.0,5085.12,2026-01-28,Paid
4606,2026-01-27,45,16,14,1370.49,5.0,18227.52,2026-01-28,Paid
4607,2026-03-02,25,15,10,148.05,5.0,1406.47,2026-03-06,Paid
4608,2025-08-13,48,32,15,730.3,0.0,10954.5,2025-08-17,Partial
4609,2025-12-11,58,2,9,1691.19,7.0,14155.26,2025-12-14,Paid
4610,2026-07-10,53,11,15,1345.49,0.0,20182.35,2026-07-14,Paid
4611,2026-03-21,58,7,25,1787.03,0.0,44675.75,2026-03-24,Paid
4612,2025-12-08,57,9,7,1636.11,2.0,11223.71,2025-12-09,Paid
4613,2026-07-31,56,22,18,1032.12,5.0,17649.25,2026-08-04,Paid
4614,2025-12-11,69,26,23,965.84,3.0,21547.89,2025-12-13,Overdue
4615,2026-06-15,45,28,11,864.2,0.0,9506.2,2026-06-19,Partial
4616,2026-03-20,21,42,8,644.47,5.0,4897.97,2026-03-24,Paid
4617,2026-06-21,7,16,5,1370.49,3.0,6646.88,2026-06-23,Paid
4618,2026-02-23,66,23,8,211.88,5.0,1610.29,2026-02-25,Overdue
4619,2025-12-03,19,15,10,148.05,2.0,1450.89,2025-12-07,Paid
4620,2026-07-05,21,23,8,211.88,0.0,1695.04,2026-07-07,Overdue
4621,2025-06-30,54,27,15,1743.53,5.0,24845.3,2025-07-01,Paid
4622,2025-05-17,22,9,7,1636.11,0.0,11452.77,2025-05-18,Paid
4623,2026-05-31,56,14,25,1010.26,5.0,23993.67,2026-06-01,Paid
4624,2025-09-25,50,11,16,1345.49,7.0,20020.89,2025-09-28,Paid
4625,2025-12-28,10,43,24,520.68,2.0,12246.39,2025-12-31,Paid
4626,2025-08-13,59,8,27,642.71,5.0,16485.51,2025-08-14,Paid
4627,2026-06-24,50,38,8,239.29,3.0,1856.89,2026-06-26,Paid
4628,2025-09-09,63,15,16,148.05,0.0,2368.8,2025-09-13,Partial
4629,2025-10-21,31,40,10,289.63,0.0,2896.3,2025-10-23,Paid
4630,2025-10-08,3,22,19,1032.12,0.0,19610.28,2025-10-10,Paid
4631,2025-10-26,54,34,8,376.49,2.0,2951.68,2025-10-27,Partial
4632,2026-05-03,55,15,20,148.05,0.0,2961.0,2026-05-05,Partial
4633,2026-07-15,53,40,26,289.63,0.0,7530.38,2026-07-18,Overdue
4634,2025-11-21,58,6,15,512.21,0.0,7683.15,2025-11-22,Partial
4635,2025-07-05,9,32,16,730.3,2.0,11451.1,2025-07-06,Paid
4636,2025-08-05,8,41,7,664.81,3.0,4514.06,2025-08-06,Partial
4637,2025-09-17,13,31,21,297.43,5.0,5933.73,2025-09-18,Paid
4638,2026-03-09,4,2,16,1691.19,0.0,27059.04,2026-03-10,Partial
4639,2026-06-02,48,38,25,239.29,2.0,5862.6,2026-06-06,Paid
4640,2025-12-14,50,2,20,1691.19,2.0,33147.32,2025-12-16,Paid
4641,2025-06-05,51,21,23,950.93,2.0,21433.96,2025-06-09,Partial
4642,2025-10-16,59,39,14,1675.12,2.0,22982.65,2025-10-17,Paid
4643,2025-12-08,11,12,26,1973.12,0.0,51301.12,2025-12-11,Paid
4644,2026-02-22,35,40,8,289.63,5.0,2201.19,2026-02-23,Overdue
4645,2026-01-20,53,38,21,239.29,2.0,4924.59,2026-01-23,Paid
4646,2026-04-28,30,34,14,376.49,5.0,5007.32,2026-05-02,Partial
4647,2026-02-03,19,15,15,148.05,3.0,2154.13,2026-02-05,Paid
4648,2025-05-06,48,29,19,426.56,3.0,7861.5,2025-05-10,Paid
4649,2025-12-28,29,17,6,747.54,2.0,4395.54,2025-12-30,Partial
4650,2026-05-13,69,2,16,1691.19,3.0,26247.27,2026-05-17,Paid
4651,2026-07-09,49,1,22,312.72,3.0,6673.44,2026-07-11,Paid
4652,2026-01-23,44,45,16,1546.51,3.0,24001.84,2026-01-26,Overdue
4653,2025-11-24,3,20,21,768.72,0.0,16143.12,2025-11-27,Overdue
4654,2025-07-21,50,19,25,1770.9,2.0,43387.05,2025-07-25,Paid
4655,2026-07-09,18,24,16,1980.55,5.0,30104.36,2026-07-11,Paid
4656,2026-07-08,28,34,15,376.49,5.0,5364.98,2026-07-11,Partial
4657,2025-06-08,7,37,23,127.78,3.0,2850.77,2025-06-10,Paid
4658,2025-08-30,9,3,5,345.6,0.0,1728.0,2025-09-02,Paid
4659,2026-05-22,1,5,5,1898.46,3.0,9207.53,2026-05-24,Paid
4660,2026-01-24,13,10,10,1180.68,3.0,11452.6,2026-01-25,Paid
4661,2026-07-03,46,33,9,1777.66,2.0,15678.96,2026-07-05,Paid
4662,2025-05-07,7,36,8,590.85,0.0,4726.8,2025-05-09,Paid
4663,2026-01-21,2,33,11,1777.66,5.0,18576.55,2026-01-25,Paid
4664,2026-01-11,22,7,20,1787.03,0.0,35740.6,2026-01-14,Overdue
4665,2025-12-06,4,18,13,1285.87,5.0,15880.49,2025-12-09,Paid
4666,2025-06-14,41,22,12,1032.12,0.0,12385.44,2025-06-16,Overdue
4667,2025-05-24,41,8,20,642.71,2.0,12597.12,2025-05-25,Partial
4668,2026-05-26,12,31,11,297.43,3.0,3173.58,2026-05-29,Paid
4669,2025-05-18,17,4,12,1306.68,0.0,15680.16,2025-05-22,Paid
4670,2026-05-14,37,28,8,864.2,0.0,6913.6,2026-05-18,Paid
4671,2025-08-30,18,34,11,376.49,0.0,4141.39,2025-09-02,Overdue
4672,2026-03-10,65,7,6,1787.03,7.0,9971.63,2026-03-12,Partial
4673,2025-12-06,24,31,25,297.43,3.0,7212.68,2025-12-10,Overdue
4674,2025-08-18,50,40,17,289.63,2.0,4825.24,2025-08-22,Paid
4675,2026-06-14,10,20,17,768.72,3.0,12676.19,2026-06-16,Paid
4676,2025-08-12,16,42,17,644.47,5.0,10408.19,2025-08-13,Paid
4677,2025-12-19,4,26,7,965.84,3.0,6558.05,2025-12-21,Paid
4678,2026-06-08,44,38,12,239.29,0.0,2871.48,2026-06-09,Partial
4679,2026-02-03,5,29,21,426.56,2.0,8778.6,2026-02-06,Partial
4680,2026-02-14,28,14,21,1010.26,5.0,20154.69,2026-02-15,Partial
4681,2025-10-26,23,45,16,1546.51,3.0,24001.84,2025-10-27,Overdue
4682,2026-03-10,42,9,16,1636.11,7.0,24345.32,2026-03-13,Paid
4683,2025-05-01,50,21,24,950.93,0.0,22822.32,2025-05-04,Paid
4684,2025-11-30,30,13,27,410.08,7.0,10297.11,2025-12-03,Paid
4685,2026-07-09,54,8,22,642.71,3.0,13715.43,2026-07-13,Overdue
4686,2025-06-13,2,41,22,664.81,2.0,14333.3,2025-06-16,Paid
4687,2026-06-19,58,39,8,1675.12,2.0,13132.94,2026-06-22,Partial
4688,2025-09-17,65,38,6,239.29,2.0,1407.03,2025-09-18,Overdue
4689,2025-12-21,51,7,7,1787.03,2.0,12259.03,2025-12-23,Partial
4690,2026-04-09,27,28,22,864.2,2.0,18632.15,2026-04-10,Overdue
4691,2025-06-13,64,37,13,127.78,2.0,1627.92,2025-06-16,Paid
4692,2026-03-02,13,38,14,239.29,2.0,3283.06,2026-03-05,Paid
4693,2026-07-09,21,17,24,747.54,5.0,17043.91,2026-07-12,Partial
4694,2026-03-03,8,32,14,730.3,5.0,9712.99,2026-03-04,Partial
4695,2026-07-23,17,36,9,590.85,5.0,5051.77,2026-07-27,Paid
4696,2025-12-16,23,8,16,642.71,0.0,10283.36,2025-12-17,Overdue
4697,2025-12-29,17,37,18,127.78,2.0,2254.04,2025-12-31,Paid
4698,2026-02-12,21,45,13,1546.51,5.0,19099.4,2026-02-13,Paid
4699,2025-08-09,15,25,7,1589.47,2.0,10903.76,2025-08-10,Paid
4700,2026-01-13,44,23,22,211.88,5.0,4428.29,2026-01-15,Paid
4701,2026-06-23,58,2,16,1691.19,7.0,25164.91,2026-06-24,Paid
4702,2026-05-23,69,9,24,1636.11,5.0,37303.31,2026-05-26,Overdue
4703,2025-11-09,1,24,24,1980.55,2.0,46582.54,2025-11-11,Paid
4704,2026-01-15,68,38,5,239.29,0.0,1196.45,2026-01-19,Partial
4705,2026-07-16,33,24,9,1980.55,0.0,17824.95,2026-07-20,Paid
4706,2026-04-24,32,16,19,1370.49,0.0,26039.31,2026-04-27,Partial
4707,2025-11-13,32,20,7,768.72,0.0,5381.04,2025-11-16,Paid
4708,2025-07-24,53,6,16,512.21,2.0,8031.45,2025-07-28,Paid
4709,2025-07-21,53,24,10,1980.55,2.0,19409.39,2025-07-25,Paid
4710,2026-03-06,12,19,26,1770.9,0.0,46043.4,2026-03-08,Paid
4711,2025-12-25,4,1,6,312.72,0.0,1876.32,2025-12-28,Partial
4712,2025-11-18,42,10,7,1180.68,5.0,7851.52,2025-11-20,Paid
4713,2025-10-15,13,10,5,1180.68,0.0,5903.4,2025-10-16,Paid
4714,2025-10-04,13,22,19,1032.12,0.0,19610.28,2025-10-08,Partial
4715,2026-04-19,19,2,24,1691.19,2.0,39776.79,2026-04-20,Paid
4716,2025-10-06,53,8,24,642.71,2.0,15116.54,2025-10-09,Paid
4717,2025-08-11,55,23,23,211.88,3.0,4727.04,2025-08-15,Paid
4718,2025-12-09,43,23,9,211.88,2.0,1868.78,2025-12-10,Partial
4719,2025-05-30,24,24,24,1980.55,0.0,47533.2,2025-05-31,Paid
4720,2025-05-31,69,41,21,664.81,0.0,13961.01,2025-06-04,Partial
4721,2025-10-27,49,43,9,520.68,2.0,4592.4,2025-10-28,Partial
4722,2026-02-22,6,29,7,426.56,5.0,2836.62,2026-02-25,Paid
4723,2026-05-22,52,13,11,410.08,2.0,4420.66,2026-05-23,Partial
4724,2026-01-30,15,6,7,512.21,2.0,3513.76,2026-01-31,Paid
4725,2025-11-09,55,43,5,520.68,0.0,2603.4,2025-11-12,Paid
4726,2025-09-27,29,22,10,1032.12,5.0,9805.14,2025-09-29,Paid
4727,2026-07-13,20,45,10,1546.51,2.0,15155.8,2026-07-14,Paid
4728,2026-04-19,15,16,21,1370.49,0.0,28780.29,2026-04-21,Paid
4729,2026-06-12,45,18,19,1285.87,0.0,24431.53,2026-06-16,Paid
4730,2026-04-15,67,31,23,297.43,2.0,6704.07,2026-04-18,Partial
4731,2026-06-28,51,29,12,426.56,2.0,5016.35,2026-06-30,Paid
4732,2026-07-11,32,25,17,1589.47,2.0,26480.57,2026-07-14,Paid
4733,2025-11-01,68,6,17,512.21,2.0,8533.42,2025-11-05,Paid
4734,2026-07-18,15,40,14,289.63,3.0,3933.18,2026-07-21,Paid
4735,2025-05-31,41,44,27,715.24,3.0,18732.14,2025-06-04,Paid
4736,2025-10-26,69,1,11,312.72,3.0,3336.72,2025-10-28,Paid
4737,2026-07-04,4,22,14,1032.12,0.0,14449.68,2026-07-05,Paid
4738,2025-12-06,29,14,16,1010.26,2.0,15840.88,2025-12-09,Partial
4739,2026-04-19,20,35,14,683.13,3.0,9276.91,2026-04-23,Paid
4740,2025-09-18,54,30,27,1771.57,0.0,47832.39,2025-09-22,Paid
4741,2026-02-04,47,11,27,1345.49,3.0,35238.38,2026-02-06,Paid
4742,2026-06-13,35,25,17,1589.47,2.0,26480.57,2026-06-16,Paid
4743,2025-10-24,11,21,16,950.93,0.0,15214.88,2025-10-25,Paid
4744,2026-04-12,51,5,8,1898.46,5.0,14428.3,2026-04-15,Paid
4745,2026-07-16,37,17,23,747.54,0.0,17193.42,2026-07-20,Overdue
4746,2025-10-05,63,10,10,1180.68,0.0,11806.8,2025-10-07,Paid
4747,2026-03-29,67,22,20,1032.12,7.0,19197.43,2026-03-30,Paid
4748,2025-08-28,2,28,27,864.2,3.0,22633.4,2025-09-01,Paid
4749,2026-04-05,49,16,14,1370.49,3.0,18611.25,2026-04-06,Partial
4750,2026-03-30,58,12,23,1973.12,0.0,45381.76,2026-04-01,Paid
4751,2025-06-29,68,7,11,1787.03,5.0,18674.46,2025-06-30,Partial
4752,2025-10-17,5,2,18,1691.19,5.0,28919.35,2025-10-18,Overdue
4753,2026-07-05,14,12,12,1973.12,2.0,23203.89,2026-07-08,Paid
4754,2025-11-19,38,21,13,950.93,0.0,12362.09,2025-11-22,Paid
4755,2025-12-06,38,2,5,1691.19,3.0,8202.27,2025-12-10,Partial
4756,2025-10-31,65,41,11,664.81,5.0,6947.26,2025-11-02,Paid
4757,2026-01-12,13,37,14,127.78,0.0,1788.92,2026-01-13,Paid
4758,2026-05-22,62,21,7,950.93,5.0,6323.68,2026-05-24,Paid
4759,2025-10-02,2,45,8,1546.51,0.0,12372.08,2025-10-03,Paid
4760,2026-02-03,50,11,26,1345.49,0.0,34982.74,2026-02-04,Partial
4761,2025-11-23,18,3,24,345.6,3.0,8045.57,2025-11-27,Paid
4762,2025-10-01,26,34,20,376.49,5.0,7153.31,2025-10-03,Paid
4763,2025-08-26,10,30,18,1771.57,0.0,31888.26,2025-08-27,Overdue
4764,2026-07-08,3,41,18,664.81,5.0,11368.25,2026-07-11,Paid
4765,2026-04-29,30,33,26,1777.66,5.0,43908.2,2026-05-01,Partial
4766,2025-07-17,39,23,24,211.88,2.0,4983.42,2025-07-20,Paid
4767,2025-08-31,37,21,10,950.93,0.0,9509.3,2025-09-02,Paid
4768,2026-07-01,22,40,10,289.63,3.0,2809.41,2026-07-02,Overdue
4769,2026-01-09,13,36,17,590.85,2.0,9843.56,2026-01-13,Paid
4770,2026-06-12,65,12,21,1973.12,0.0,41435.52,2026-06-14,Paid
4771,2026-05-13,56,27,21,1743.53,5.0,34783.42,2026-05-17,Overdue
4772,2026-07-07,6,29,25,426.56,3.0,10344.08,2026-07-11,Paid
4773,2025-11-04,32,40,23,289.63,7.0,6195.19,2025-11-08,Partial
4774,2026-01-30,63,22,17,1032.12,5.0,16668.74,2026-01-31,Paid
4775,2025-07-15,45,17,9,747.54,0.0,6727.86,2025-07-17,Paid
4776,2026-02-26,15,44,8,715.24,0.0,5721.92,2026-02-27,Paid
4777,2025-11-21,54,26,19,965.84,2.0,17983.94,2025-11-22,Paid
4778,2025-10-06,41,15,23,148.05,2.0,3337.05,2025-10-09,Paid
4779,2025-11-09,70,3,26,345.6,3.0,8716.03,2025-11-11,Paid
4780,2026-04-02,35,7,8,1787.03,7.0,13295.5,2026-04-05,Partial
4781,2025-12-07,10,11,16,1345.49,5.0,20451.45,2025-12-11,Partial
4782,2025-05-25,60,5,26,1898.46,2.0,48372.76,2025-05-26,Paid
4783,2025-09-26,56,15,23,148.05,0.0,3405.15,2025-09-29,Paid
4784,2025-05-23,60,2,12,1691.19,2.0,19888.39,2025-05-25,Overdue
4785,2026-04-23,23,35,26,683.13,5.0,16873.31,2026-04-25,Paid
4786,2026-07-02,59,4,8,1306.68,2.0,10244.37,2026-07-03,Paid
4787,2026-01-15,52,36,22,590.85,0.0,12998.7,2026-01-19,Paid
4788,2026-06-06,44,10,12,1180.68,3.0,13743.12,2026-06-08,Overdue
4789,2025-05-25,47,40,11,289.63,0.0,3185.93,2025-05-26,Paid
4790,2026-07-30,23,2,18,1691.19,2.0,29832.59,2026-08-01,Paid
4791,2025-07-28,10,3,22,345.6,0.0,7603.2,2025-07-31,Partial
4792,2025-12-18,38,9,20,1636.11,0.0,32722.2,2025-12-21,Paid
4793,2025-07-11,13,35,18,683.13,3.0,11927.45,2025-07-15,Paid
4794,2026-06-12,12,23,26,211.88,3.0,5343.61,2026-06-15,Paid
4795,2026-01-17,68,22,6,1032.12,3.0,6006.94,2026-01-21,Paid
4796,2025-11-23,2,45,26,1546.51,0.0,40209.26,2025-11-25,Paid
4797,2026-02-09,55,1,26,312.72,5.0,7724.18,2026-02-10,Partial
4798,2026-07-28,15,33,13,1777.66,3.0,22416.29,2026-07-29,Paid
4799,2025-10-16,44,22,5,1032.12,0.0,5160.6,2025-10-19,Paid
4800,2025-12-25,70,43,15,520.68,2.0,7654.0,2025-12-29,Paid
4801,2026-05-29,21,28,10,864.2,2.0,8469.16,2026-05-30,Paid
4802,2025-09-30,36,10,19,1180.68,5.0,21311.27,2025-10-04,Paid
4803,2025-05-03,61,32,8,730.3,0.0,5842.4,2025-05-04,Paid
4804,2025-05-08,7,28,11,864.2,0.0,9506.2,2025-05-10,Paid
4805,2025-11-08,68,2,8,1691.19,3.0,13123.63,2025-11-09,Paid
4806,2026-05-31,3,33,26,1777.66,7.0,42983.82,2026-06-04,Paid
4807,2026-05-09,51,33,11,1777.66,3.0,18967.63,2026-05-10,Paid
4808,2026-07-11,15,16,11,1370.49,3.0,14623.13,2026-07-15,Paid
4809,2026-04-03,20,24,24,1980.55,5.0,45156.54,2026-04-06,Overdue
4810,2025-07-24,56,15,15,148.05,5.0,2109.71,2025-07-27,Paid
4811,2025-05-20,8,7,8,1787.03,0.0,14296.24,2025-05-21,Partial
4812,2025-07-08,18,44,14,715.24,2.0,9813.09,2025-07-11,Overdue
4813,2026-06-21,58,42,14,644.47,2.0,8842.13,2026-06-24,Paid
4814,2025-06-02,2,35,10,683.13,0.0,6831.3,2025-06-04,Paid
4815,2026-07-17,24,33,26,1777.66,3.0,44832.59,2026-07-21,Paid
4816,2026-02-18,3,25,17,1589.47,2.0,26480.57,2026-02-21,Partial
4817,2025-09-26,57,33,19,1777.66,0.0,33775.54,2025-09-27,Paid
4818,2026-05-10,67,2,27,1691.19,2.0,44748.89,2026-05-11,Partial
4819,2025-07-02,29,8,13,642.71,5.0,7937.47,2025-07-03,Paid
4820,2026-03-04,35,36,14,590.85,3.0,8023.74,2026-03-05,Paid
4821,2026-02-28,22,30,6,1771.57,2.0,10416.83,2026-03-03,Partial
4822,2026-04-07,27,37,21,127.78,3.0,2602.88,2026-04-08,Paid
4823,2026-02-06,60,45,17,1546.51,0.0,26290.67,2026-02-09,Paid
4824,2026-07-23,23,43,17,520.68,2.0,8674.53,2026-07-26,Paid
4825,2026-05-24,36,43,25,520.68,5.0,12366.15,2026-05-27,Partial
4826,2026-04-08,10,30,8,1771.57,3.0,13747.38,2026-04-10,Partial
4827,2025-09-23,26,25,17,1589.47,3.0,26210.36,2025-09-26,Partial
4828,2025-06-29,4,12,10,1973.12,0.0,19731.2,2025-07-03,Paid
4829,2025-09-22,51,5,21,1898.46,2.0,39070.31,2025-09-23,Paid
4830,2025-08-18,8,13,20,410.08,5.0,7791.52,2025-08-20,Paid
4831,2025-07-20,29,1,15,312.72,0.0,4690.8,2025-07-24,Overdue
4832,2025-12-24,21,27,21,1743.53,0.0,36614.13,2025-12-26,Partial
4833,2025-05-12,8,23,27,211.88,5.0,5434.72,2025-05-16,Partial
4834,2025-09-19,41,2,22,1691.19,0.0,37206.18,2025-09-22,Paid
4835,2026-04-27,63,8,14,642.71,2.0,8817.98,2026-05-01,Overdue
4836,2026-06-24,55,41,6,664.81,5.0,3789.42,2026-06-25,Paid
4837,2025-12-19,17,14,11,1010.26,2.0,10890.6,2025-12-21,Overdue
4838,2025-12-02,43,13,19,410.08,0.0,7791.52,2025-12-04,Paid
4839,2026-04-14,2,28,14,864.2,2.0,11856.82,2026-04-15,Partial
4840,2026-07-30,70,20,14,768.72,3.0,10439.22,2026-08-02,Paid
4841,2025-12-19,67,24,16,1980.55,5.0,30104.36,2025-12-23,Overdue
4842,2025-09-16,11,12,11,1973.12,0.0,21704.32,2025-09-20,Paid
4843,2025-05-30,21,6,5,512.21,2.0,2509.83,2025-06-02,Paid
4844,2025-11-06,69,9,16,1636.11,3.0,25392.43,2025-11-09,Overdue
4845,2025-09-10,35,8,9,642.71,0.0,5784.39,2025-09-14,Partial
4846,2026-03-15,67,10,6,1180.68,3.0,6871.56,2026-03-18,Paid
4847,2026-03-03,26,42,7,644.47,5.0,4285.73,2026-03-07,Paid
4848,2026-04-22,8,37,21,127.78,2.0,2629.71,2026-04-26,Paid
4849,2026-05-28,3,31,10,297.43,3.0,2885.07,2026-05-31,Paid
4850,2026-01-06,31,19,25,1770.9,5.0,42058.88,2026-01-10,Paid
4851,2025-10-13,11,20,6,768.72,0.0,4612.32,2025-10-15,Overdue
4852,2026-06-10,35,22,14,1032.12,3.0,14016.19,2026-06-12,Paid
4853,2025-12-22,24,6,27,512.21,5.0,13138.19,2025-12-23,Paid
4854,2025-09-16,66,15,6,148.05,0.0,888.3,2025-09-17,Partial
4855,2026-04-14,8,45,9,1546.51,0.0,13918.59,2026-04-17,Paid
4856,2026-02-06,16,26,15,965.84,0.0,14487.6,2026-02-09,Paid
4857,2026-02-16,68,37,19,127.78,7.0,2257.87,2026-02-19,Paid
4858,2025-07-20,56,13,16,410.08,7.0,6101.99,2025-07-21,Partial
4859,2025-11-12,3,1,5,312.72,2.0,1532.33,2025-11-13,Paid
4860,2026-07-18,1,15,7,148.05,0.0,1036.35,2026-07-19,Partial
4861,2026-07-16,59,2,6,1691.19,0.0,10147.14,2026-07-17,Paid
4862,2026-06-27,60,16,25,1370.49,7.0,31863.89,2026-07-01,Overdue
4863,2026-04-30,53,43,13,520.68,2.0,6633.46,2026-05-02,Paid
4864,2025-08-29,25,11,14,1345.49,7.0,17518.28,2025-09-01,Overdue
4865,2026-07-24,31,16,18,1370.49,2.0,24175.44,2026-07-25,Paid
4866,2025-06-18,48,41,19,664.81,2.0,12378.76,2025-06-20,Paid
4867,2026-06-30,64,39,25,1675.12,5.0,39784.1,2026-07-02,Paid
4868,2026-04-10,4,7,16,1787.03,0.0,28592.48,2026-04-11,Paid
4869,2026-03-25,2,10,5,1180.68,0.0,5903.4,2026-03-29,Paid
4870,2026-07-26,44,44,7,715.24,3.0,4856.48,2026-07-30,Overdue
4871,2025-05-11,1,7,9,1787.03,5.0,15279.11,2025-05-15,Paid
4872,2026-07-25,40,9,27,1636.11,5.0,41966.22,2026-07-27,Paid
4873,2025-12-31,9,6,11,512.21,5.0,5352.59,2026-01-02,Partial
4874,2025-11-11,43,32,19,730.3,0.0,13875.7,2025-11-12,Partial
4875,2025-07-04,17,14,14,1010.26,2.0,13860.77,2025-07-05,Overdue
4876,2025-06-02,19,36,17,590.85,0.0,10044.45,2025-06-05,Paid
4877,2026-05-30,25,21,8,950.93,3.0,7379.22,2026-06-02,Partial
4878,2026-01-12,26,43,19,520.68,7.0,9200.42,2026-01-16,Paid
4879,2026-01-20,50,32,5,730.3,2.0,3578.47,2026-01-22,Paid
4880,2025-07-02,14,38,15,239.29,2.0,3517.56,2025-07-06,Partial
4881,2025-05-14,8,44,21,715.24,2.0,14719.64,2025-05-15,Partial
4882,2026-07-21,14,16,15,1370.49,3.0,19940.63,2026-07-24,Partial
4883,2025-07-24,68,15,7,148.05,3.0,1005.26,2025-07-26,Paid
4884,2025-07-27,40,11,20,1345.49,2.0,26371.6,2025-07-28,Partial
4885,2026-03-05,4,13,25,410.08,0.0,10252.0,2026-03-07,Paid
4886,2025-11-22,68,29,7,426.56,5.0,2836.62,2025-11-23,Paid
4887,2026-04-30,39,35,14,683.13,7.0,8894.35,2026-05-02,Paid
4888,2026-07-08,14,39,27,1675.12,0.0,45228.24,2026-07-10,Paid
4889,2026-07-15,5,42,11,644.47,2.0,6947.39,2026-07-19,Paid
4890,2026-03-23,35,17,8,747.54,7.0,5561.7,2026-03-26,Overdue
4891,2025-10-11,14,29,16,426.56,2.0,6688.46,2025-10-14,Overdue
4892,2026-04-25,19,14,8,1010.26,0.0,8082.08,2026-04-29,Partial
4893,2025-06-02,57,18,8,1285.87,2.0,10081.22,2025-06-05,Paid
4894,2025-10-31,51,29,23,426.56,0.0,9810.88,2025-11-02,Paid
4895,2026-02-23,55,8,25,642.71,3.0,15585.72,2026-02-24,Overdue
4896,2026-04-01,64,30,6,1771.57,2.0,10416.83,2026-04-05,Paid
4897,2025-07-30,44,45,10,1546.51,7.0,14382.54,2025-08-02,Partial
4898,2025-05-14,60,32,10,730.3,5.0,6937.85,2025-05-18,Paid
4899,2025-05-24,52,35,18,683.13,0.0,12296.34,2025-05-26,Overdue
4900,2026-02-18,36,14,19,1010.26,0.0,19194.94,2026-02-20,Overdue
4901,2025-09-09,46,39,19,1675.12,2.0,31190.73,2025-09-11,Paid
4902,2025-11-19,18,20,6,768.72,3.0,4473.95,2025-11-20,Paid
4903,2026-07-22,15,20,18,768.72,2.0,13560.22,2026-07-24,Paid
4904,2025-05-27,68,32,25,730.3,0.0,18257.5,2025-05-29,Paid
4905,2025-06-21,16,3,13,345.6,2.0,4402.94,2025-06-24,Paid
4906,2026-03-03,60,33,9,1777.66,3.0,15518.97,2026-03-07,Paid
4907,2026-03-15,62,17,7,747.54,2.0,5128.12,2026-03-19,Partial
4908,2025-10-16,57,5,10,1898.46,5.0,18035.37,2025-10-19,Paid
4909,2026-05-08,37,39,7,1675.12,7.0,10905.03,2026-05-11,Paid
4910,2025-10-13,32,14,8,1010.26,3.0,7839.62,2025-10-17,Overdue
4911,2025-11-02,46,37,23,127.78,5.0,2791.99,2025-11-04,Overdue
4912,2026-01-17,14,19,19,1770.9,7.0,31291.8,2026-01-18,Overdue
4913,2025-05-08,48,7,6,1787.03,5.0,10186.07,2025-05-12,Paid
4914,2026-06-01,24,2,10,1691.19,5.0,16066.31,2026-06-04,Overdue
4915,2025-05-04,1,18,27,1285.87,5.0,32982.57,2025-05-07,Paid
4916,2025-09-04,5,30,26,1771.57,7.0,42836.56,2025-09-07,Overdue
4917,2025-10-08,22,7,21,1787.03,7.0,34900.7,2025-10-09,Overdue
4918,2026-03-04,6,42,18,644.47,3.0,11252.45,2026-03-08,Partial
4919,2025-12-15,36,36,5,590.85,2.0,2895.16,2025-12-16,Paid
4920,2025-12-21,3,39,19,1675.12,3.0,30872.46,2025-12-23,Partial
4921,2025-05-14,23,43,13,520.68,0.0,6768.84,2025-05-17,Paid
4922,2025-10-31,3,27,17,1743.53,3.0,28750.81,2025-11-04,Partial
4923,2025-11-22,35,8,23,642.71,2.0,14486.68,2025-11-23,Paid
4924,2026-02-18,65,12,25,1973.12,5.0,46861.6,2026-02-22,Paid
4925,2025-09-04,52,36,16,590.85,0.0,9453.6,2025-09-08,Paid
4926,2025-10-02,26,42,11,644.47,3.0,6876.49,2025-10-04,Paid
4927,2025-09-06,5,22,6,1032.12,0.0,6192.72,2025-09-10,Paid
4928,2025-10-31,4,18,10,1285.87,7.0,11958.59,2025-11-01,Partial
4929,2026-04-07,25,45,6,1546.51,2.0,9093.48,2026-04-10,Paid
4930,2026-02-14,42,40,22,289.63,0.0,6371.86,2026-02-15,Paid
4931,2025-09-16,8,27,27,1743.53,5.0,44721.54,2025-09-19,Paid
4932,2025-12-12,67,34,19,376.49,2.0,7010.24,2025-12-14,Paid
4933,2026-04-17,20,32,26,730.3,3.0,18418.17,2026-04-21,Paid
4934,2025-05-19,37,3,6,345.6,0.0,2073.6,2025-05-23,Paid
4935,2026-06-08,13,27,22,1743.53,3.0,37206.93,2026-06-12,Paid
4936,2026-07-08,47,38,26,239.29,3.0,6034.89,2026-07-09,Paid
4937,2026-03-21,19,21,14,950.93,3.0,12913.63,2026-03-24,Partial
4938,2026-05-16,12,21,17,950.93,5.0,15357.52,2026-05-19,Paid
4939,2025-10-09,53,22,27,1032.12,3.0,27031.22,2025-10-10,Partial
4940,2025-11-11,62,17,21,747.54,0.0,15698.34,2025-11-15,Partial
4941,2026-01-31,4,16,7,1370.49,5.0,9113.76,2026-02-01,Paid
4942,2025-11-24,10,44,23,715.24,2.0,16121.51,2025-11-28,Overdue
4943,2025-05-28,27,4,19,1306.68,0.0,24826.92,2025-05-30,Paid
4944,2026-04-26,7,26,5,965.84,2.0,4732.62,2026-04-30,Paid
4945,2026-01-03,14,34,11,376.49,5.0,3934.32,2026-01-05,Paid
4946,2026-02-26,18,21,6,950.93,0.0,5705.58,2026-02-27,Paid
4947,2026-04-25,43,10,22,1180.68,0.0,25974.96,2026-04-27,Paid
4948,2026-05-19,15,14,6,1010.26,3.0,5879.71,2026-05-21,Paid
4949,2026-07-22,21,30,24,1771.57,2.0,41667.33,2026-07-24,Paid
4950,2025-09-03,52,22,21,1032.12,2.0,21241.03,2025-09-07,Partial
4951,2025-09-17,9,19,9,1770.9,5.0,15141.19,2025-09-20,Partial
4952,2025-10-01,50,12,16,1973.12,0.0,31569.92,2025-10-04,Partial
4953,2025-11-06,1,35,12,683.13,2.0,8033.61,2025-11-10,Overdue
4954,2025-08-03,67,40,25,289.63,7.0,6733.9,2025-08-05,Paid
4955,2026-03-14,8,20,26,768.72,5.0,18987.38,2026-03-17,Paid
4956,2026-04-08,62,36,11,590.85,2.0,6369.36,2026-04-10,Overdue
4957,2026-01-15,21,24,7,1980.55,3.0,13447.93,2026-01-18,Partial
4958,2025-07-04,6,44,24,715.24,2.0,16822.44,2025-07-07,Paid
4959,2026-07-18,15,2,11,1691.19,2.0,18231.03,2026-07-21,Paid
4960,2025-06-29,30,28,23,864.2,2.0,19479.07,2025-07-02,Paid
4961,2025-10-31,42,21,27,950.93,2.0,25161.61,2025-11-01,Paid
4962,2026-01-02,7,35,6,683.13,2.0,4016.8,2026-01-06,Overdue
4963,2025-07-15,2,45,10,1546.51,7.0,14382.54,2025-07-19,Overdue
4964,2026-04-01,2,30,6,1771.57,5.0,10097.95,2026-04-05,Paid
4965,2026-07-16,56,16,22,1370.49,0.0,30150.78,2026-07-17,Partial
4966,2026-01-14,28,6,26,512.21,2.0,13051.11,2026-01-15,Partial
4967,2026-05-23,44,8,10,642.71,0.0,6427.1,2026-05-26,Overdue
4968,2025-09-09,40,15,22,148.05,3.0,3159.39,2025-09-13,Paid
4969,2025-07-08,48,32,10,730.3,3.0,7083.91,2025-07-12,Paid
4970,2025-05-28,53,37,9,127.78,3.0,1115.52,2025-05-29,Paid
4971,2025-11-28,68,23,18,211.88,5.0,3623.15,2025-12-02,Paid
4972,2026-04-03,10,24,16,1980.55,3.0,30738.14,2026-04-05,Paid
4973,2025-09-08,38,34,12,376.49,2.0,4427.52,2025-09-10,Paid
4974,2026-02-04,47,8,16,642.71,3.0,9974.86,2026-02-07,Paid
4975,2025-11-04,58,25,13,1589.47,2.0,20249.85,2025-11-06,Paid
4976,2025-08-24,62,25,25,1589.47,7.0,36955.18,2025-08-25,Paid
4977,2026-02-12,4,39,7,1675.12,0.0,11725.84,2026-02-14,Paid
4978,2025-09-07,52,4,20,1306.68,2.0,25610.93,2025-09-08,Partial
4979,2025-12-18,67,5,17,1898.46,3.0,31305.61,2025-12-22,Paid
4980,2026-01-29,58,13,26,410.08,3.0,10342.22,2026-02-02,Paid
4981,2026-03-27,9,16,16,1370.49,0.0,21927.84,2026-03-28,Overdue
4982,2025-11-09,17,41,26,664.81,0.0,17285.06,2025-11-11,Paid
4983,2025-09-18,12,24,16,1980.55,3.0,30738.14,2025-09-21,Partial
4984,2026-06-21,69,5,12,1898.46,2.0,22325.89,2026-06-24,Paid
4985,2025-07-21,34,45,19,1546.51,7.0,27326.83,2025-07-25,Partial
4986,2025-06-09,9,7,12,1787.03,0.0,21444.36,2025-06-11,Partial
4987,2026-01-27,68,44,18,715.24,0.0,12874.32,2026-01-31,Paid
4988,2026-01-19,3,3,6,345.6,2.0,2032.13,2026-01-21,Paid
4989,2025-09-20,45,15,8,148.05,0.0,1184.4,2025-09-24,Paid
4990,2025-09-06,39,4,19,1306.68,5.0,23585.57,2025-09-07,Paid
4991,2026-03-16,28,11,10,1345.49,2.0,13185.8,2026-03-20,Overdue
4992,2025-08-02,47,15,11,148.05,3.0,1579.69,2025-08-05,Paid
4993,2026-06-12,49,4,24,1306.68,2.0,30733.11,2026-06-14,Paid
4994,2025-11-30,60,4,19,1306.68,2.0,24330.38,2025-12-04,Paid
4995,2026-03-20,13,9,23,1636.11,0.0,37630.53,2026-03-24,Paid
4996,2025-05-15,10,6,25,512.21,3.0,12421.09,2025-05-17,Partial
4997,2026-03-01,27,2,9,1691.19,7.0,14155.26,2026-03-03,Paid
4998,2025-06-06,3,8,25,642.71,0.0,16067.75,2025-06-07,Paid
4999,2026-01-19,7,22,6,1032.12,7.0,5759.23,2026-01-20,Paid
5000,2026-04-23,34,5,9,1898.46,2.0,16744.42,2026-04-27,Paid
